[0/1] Planning build
Building for debugging...
[0/4] Write swift-version--1AB21518FC5DEDBE.txt
Build complete! (7.23s)
◇ Test run started.
↳ Testing Library Version: 0.99.0
◇ Suite ADR002ATargetKindTests started.
◇ Test testMixerResourceEmitsStableFirstClassMixerStripRef() started.
✔ Test testMixerResourceEmitsStableFirstClassMixerStripRef() passed after 0.006 seconds.
◇ Test testPluginInventoryEmitsStableFirstClassInsertRefs() started.
✔ Test testPluginInventoryEmitsStableFirstClassInsertRefs() passed after 0.001 seconds.
◇ Test testPluginInventorySkipsRefsWhenSnapshotTurnsStaleBeforeBind() started.
✔ Test testPluginInventorySkipsRefsWhenSnapshotTurnsStaleBeforeBind() passed after 0.001 seconds.
◇ Test testMixerStripAndPluginInsertRefsResolveAndEchoFingerprintEvidence() started.
✔ Test testMixerStripAndPluginInsertRefsResolveAndEchoFingerprintEvidence() passed after 0.002 seconds.
◇ Test testPluginInsertRefTrackNameDelimiterCannotChangeInsertIndex() started.
✔ Test testPluginInsertRefTrackNameDelimiterCannotChangeInsertIndex() passed after 0.001 seconds.
◇ Test testMalformedPluginInsertFingerprintReturnsNilWithoutTrap() started.
✔ Test testMalformedPluginInsertFingerprintReturnsNilWithoutTrap() passed after 0.001 seconds.
◇ Test testWrongKindReferencesFailClosedBeforeMixerPluginOrTrackWrite() started.
✔ Test testWrongKindReferencesFailClosedBeforeMixerPluginOrTrackWrite() passed after 0.001 seconds.
◇ Test testNewKindReferenceAfterTopologyBumpFailsClosedWithoutWrite() started.
✔ Test testNewKindReferenceAfterTopologyBumpFailsClosedWithoutWrite() passed after 0.001 seconds.
◇ Test testFlagOffNewTargetRefSupplyFailsClosedWithoutWrite() started.
✔ Test testFlagOffNewTargetRefSupplyFailsClosedWithoutWrite() passed after 0.001 seconds.
◇ Test testTrackDuplicateBumpsTopologyExactlyOnce() started.
✔ Test testTrackDuplicateBumpsTopologyExactlyOnce() passed after 0.001 seconds.
◇ Test testTrackSetInstrumentBumpsTopologyExactlyOnceAfterStateA() started.
✔ Test testTrackSetInstrumentBumpsTopologyExactlyOnceAfterStateA() passed after 0.001 seconds.
◇ Test testStateASetInstrumentInvalidatesPriorMixerStripReference() started.
✔ Test testStateASetInstrumentInvalidatesPriorMixerStripReference() passed after 0.001 seconds.
◇ Test testLegacyPluginInsertBumpsTopologyExactlyOnceAfterStateA() started.
✔ Test testLegacyPluginInsertBumpsTopologyExactlyOnceAfterStateA() passed after 0.001 seconds.
◇ Test testStateALegacyPluginInsertInvalidatesPriorPluginInsertReference() started.
✔ Test testStateALegacyPluginInsertInvalidatesPriorPluginInsertReference() passed after 0.001 seconds.
✔ Suite ADR002ATargetKindTests passed after 0.017 seconds.
◇ Suite ADR002BProjectTargetTests started.
◇ Test projectInfoEmitsStableFirstClassProjectRef() started.
✔ Test projectInfoEmitsStableFirstClassProjectRef() passed after 0.001 seconds.
◇ Test projectNewBumpsProjectEpochExactlyOnce() started.
[2026-07-16T10:53:15.256Z] [INFO] [project] [AUDIT] project.new executed (ProjectDispatcher.swift:950)
✔ Test projectNewBumpsProjectEpochExactlyOnce() passed after 0.001 seconds.
◇ Test projectOpenBumpsProjectEpochExactlyOnce() started.
[2026-07-16T10:53:15.259Z] [INFO] [project] [AUDIT] project.open executed (ProjectDispatcher.swift:950)
✔ Test projectOpenBumpsProjectEpochExactlyOnce() passed after 0.003 seconds.
◇ Test projectSaveAsBumpsProjectEpochExactlyOnce() started.
[2026-07-16T10:53:15.260Z] [INFO] [project] [AUDIT] project.save_as executed (ProjectDispatcher.swift:950)
✔ Test projectSaveAsBumpsProjectEpochExactlyOnce() passed after 0.001 seconds.
◇ Test projectSaveAsFlagOffPreservesCacheState() started.
[2026-07-16T10:53:15.261Z] [INFO] [project] [AUDIT] project.save_as confirmation_required (ProjectDispatcher.swift:950)
✔ Test projectSaveAsFlagOffPreservesCacheState() passed after 0.001 seconds.
◇ Test projectCloseBumpsProjectEpochExactlyOnce() started.
[2026-07-16T10:53:15.261Z] [INFO] [project] [AUDIT] project.close executed (ProjectDispatcher.swift:950)
✔ Test projectCloseBumpsProjectEpochExactlyOnce() passed after 0.001 seconds.
◇ Test projectSwitchBumpsProjectEpochExactlyOnce() started.
[2026-07-16T10:53:15.262Z] [INFO] [project] [AUDIT] project.open executed (ProjectDispatcher.swift:950)
✔ Test projectSwitchBumpsProjectEpochExactlyOnce() passed after 0.001 seconds.
◇ Test projectEpochBumpRejectsProjectTrackMixerPluginRefsBeforeWrite() started.
✔ Test projectEpochBumpRejectsProjectTrackMixerPluginRefsBeforeWrite() passed after 0.001 seconds.
◇ Test foreignAndMalformedProjectRefsReturnTypedStateC() started.
✔ Test foreignAndMalformedProjectRefsReturnTypedStateC() passed after 0.001 seconds.
◇ Test projectInfoFlagOffIsByteIdenticalAndOmitsProjectRef() started.
✔ Test projectInfoFlagOffIsByteIdenticalAndOmitsProjectRef() passed after 0.001 seconds.
✔ Suite ADR002BProjectTargetTests passed after 0.009 seconds.
◇ Suite AXCoordFallbackTests started.
◇ Test testPointFromValidCGPointAXValue() started.
✔ Test testPointFromValidCGPointAXValue() passed after 0.001 seconds.
◇ Test testSizeFromValidCGSizeAXValue() started.
✔ Test testSizeFromValidCGSizeAXValue() passed after 0.001 seconds.
◇ Test testPointRejectsWrongSubtypeAXValue() started.
✔ Test testPointRejectsWrongSubtypeAXValue() passed after 0.001 seconds.
◇ Test testSizeRejectsWrongSubtypeAXValue() started.
✔ Test testSizeRejectsWrongSubtypeAXValue() passed after 0.001 seconds.
◇ Test testRejectsNonAXValue() started.
✔ Test testRejectsNonAXValue() passed after 0.001 seconds.
◇ Test testRejectsNil() started.
✔ Test testRejectsNil() passed after 0.001 seconds.
✔ Suite AXCoordFallbackTests passed after 0.001 seconds.
◇ Test testDecodeChildrenArrayRejectsNonCFArrayValues() started.
✔ Test testDecodeChildrenArrayRejectsNonCFArrayValues() passed after 0.001 seconds.
◇ Test testDecodeChildrenArrayDecodesRealCFArray() started.
✔ Test testDecodeChildrenArrayDecodesRealCFArray() passed after 0.001 seconds.
◇ Test testDecodeChildrenArrayDecodesEmptyCFArray() started.
✔ Test testDecodeChildrenArrayDecodesEmptyCFArray() passed after 0.001 seconds.
◇ Test testGetPositionReturnsNilOnNonAXValueAttribute() started.
✔ Test testGetPositionReturnsNilOnNonAXValueAttribute() passed after 0.001 seconds.
◇ Test testGetSizeReturnsNilOnNonAXValueAttribute() started.
✔ Test testGetSizeReturnsNilOnNonAXValueAttribute() passed after 0.001 seconds.
◇ Test testGetPositionReturnsNilWhenAttributeAbsent() started.
✔ Test testGetPositionReturnsNilWhenAttributeAbsent() passed after 0.001 seconds.
◇ Test testGetSizeReturnsNilWhenAttributeAbsent() started.
✔ Test testGetSizeReturnsNilWhenAttributeAbsent() passed after 0.001 seconds.
◇ Test testGetPositionReturnsValueOnWellFormedAXValue() started.
✔ Test testGetPositionReturnsValueOnWellFormedAXValue() passed after 0.001 seconds.
◇ Test testGetSizeReturnsValueOnWellFormedAXValue() started.
✔ Test testGetSizeReturnsValueOnWellFormedAXValue() passed after 0.001 seconds.
◇ Test testAXHelpersReadAndWriteThroughInjectedRuntime() started.
✔ Test testAXHelpersReadAndWriteThroughInjectedRuntime() passed after 0.001 seconds.
◇ Test testAXHelpersFindChildAndDescendantsRespectFiltersAndDepth() started.
✔ Test testAXHelpersFindChildAndDescendantsRespectFiltersAndDepth() passed after 0.001 seconds.
◇ Test testAXHelpersGetChildCountAndValueUseInjectedRuntime() started.
✔ Test testAXHelpersGetChildCountAndValueUseInjectedRuntime() passed after 0.001 seconds.
◇ Test testAXHelpersReturnNilForMissingOrMismatchedAttributesAndRespectZeroDepth() started.
✔ Test testAXHelpersReturnNilForMissingOrMismatchedAttributesAndRespectZeroDepth() passed after 0.001 seconds.
◇ Test testAXHelpersProductionRuntimeHandlesSystemWideAndDetachedElementsSafely() started.
✔ Test testAXHelpersProductionRuntimeHandlesSystemWideAndDetachedElementsSafely() passed after 0.001 seconds.
◇ Suite "AX locale policy" started.
◇ Test "localized label sets cover English and Korean without broad false positives" started.
✔ Test "localized label sets cover English and Korean without broad false positives" passed after 0.001 seconds.
◇ Test "#60 — matches(.contains/.prefix) is diacritic-SENSITIVE (no accent-folding widening)" started.
✔ Test "#60 — matches(.contains/.prefix) is diacritic-SENSITIVE (no accent-folding widening)" passed after 0.001 seconds.
◇ Test "menu path lookup resolves English and Korean titles through one policy" started.
✔ Test "menu path lookup resolves English and Korean titles through one policy" passed after 0.001 seconds.
◇ Test "element matching checks title and description" started.
✔ Test "element matching checks title and description" passed after 0.001 seconds.
◇ Test "save confirmation button narrows from contains to exact" started.
✔ Test "save confirmation button narrows from contains to exact" passed after 0.001 seconds.
◇ Test "save confirmation OK/확인 variants are deliberately broad but bounded" started.
✔ Test "save confirmation OK/확인 variants are deliberately broad but bounded" passed after 0.001 seconds.
◇ Test "cancel button fail-closed guards and whitespace trimming" started.
✔ Test "cancel button fail-closed guards and whitespace trimming" passed after 0.001 seconds.
◇ Test "prefix mode is anchored, case-insensitive, diacritic-SENSITIVE" started.
✔ Test "prefix mode is anchored, case-insensitive, diacritic-SENSITIVE" passed after 0.001 seconds.
◇ Test "go-to-position dialog title matches in contains mode" started.
✔ Test "go-to-position dialog title matches in contains mode" passed after 0.001 seconds.
◇ Test "plugin format leaf priority resolves English and Korean variants" started.
✔ Test "plugin format leaf priority resolves English and Korean variants" passed after 0.001 seconds.
◇ Test "plugin format leaf priority selects Stereo over Mono" started.
✔ Test "plugin format leaf priority selects Stereo over Mono" passed after 0.001 seconds.
◇ Test "plugin format leaf priority selects Stereo over Mono in Korean" started.
✔ Test "plugin format leaf priority selects Stereo over Mono in Korean" passed after 0.001 seconds.
◇ Test "plugin format leaf priority selects lone Dual Mono" started.
✔ Test "plugin format leaf priority selects lone Dual Mono" passed after 0.001 seconds.
◇ Test "edit-menu undo resolver finds enabled item and reads disabled state" started.
✔ Test "edit-menu undo resolver finds enabled item and reads disabled state" passed after 0.001 seconds.
◇ Test "save-as commit resolves Save button and rejects Don't Save decoy" started.
✔ Test "save-as commit resolves Save button and rejects Don't Save decoy" passed after 0.001 seconds.
◇ Test "findDescendant returns role-scoped, depth-bounded Cancel button" started.
✔ Test "findDescendant returns role-scoped, depth-bounded Cancel button" passed after 0.001 seconds.
◇ Test "exactStrict matches verbatim and does not trim whitespace" started.
✔ Test "exactStrict matches verbatim and does not trim whitespace" passed after 0.001 seconds.
◇ Test "transport control labels resolve English and Korean via containsAny" started.
✔ Test "transport control labels resolve English and Korean via containsAny" passed after 0.001 seconds.
◇ Test "record-arm exclusion tokens resolve English and Korean" started.
✔ Test "record-arm exclusion tokens resolve English and Korean" passed after 0.001 seconds.
◇ Test "tempo and position field labels resolve English and Korean" started.
✔ Test "tempo and position field labels resolve English and Korean" passed after 0.001 seconds.
◇ Test "tempo slider contains-label excludes bpm but exact slider label keeps it" started.
✔ Test "tempo slider contains-label excludes bpm but exact slider label keeps it" passed after 0.001 seconds.
◇ Test "control-bar and bar/beat slider labels resolve English and Korean" started.
✔ Test "control-bar and bar/beat slider labels resolve English and Korean" passed after 0.001 seconds.
◇ Test "track mute/solo/record button labels resolve English and Korean" started.
✔ Test "track mute/solo/record button labels resolve English and Korean" passed after 0.001 seconds.
◇ Test "record-enable checkbox labels are verbatim and ordered" started.
✔ Test "record-enable checkbox labels are verbatim and ordered" passed after 0.001 seconds.
◇ Test "setting popup value labels are verbatim and ordered" started.
✔ Test "setting popup value labels are verbatim and ordered" passed after 0.001 seconds.
✔ Suite "AX locale policy" passed after 0.003 seconds.
◇ Test testMainWindowSkipsDialogWindows() started.
✔ Test testMainWindowSkipsDialogWindows() passed after 0.001 seconds.
◇ Test testMainWindowSkipsSystemDialogWindows() started.
✔ Test testMainWindowSkipsSystemDialogWindows() passed after 0.001 seconds.
◇ Test testMainWindowPrefersLogic122TracksHeaderDescription() started.
✔ Test testMainWindowPrefersLogic122TracksHeaderDescription() passed after 0.001 seconds.
◇ Test testMainWindowPrefersLanguageNeutralTrackHeaderStructure() started.
✔ Test testMainWindowPrefersLanguageNeutralTrackHeaderStructure() passed after 0.001 seconds.
◇ Test testMainWindowFallsBackToFirstNonDialogWindow() started.
✔ Test testMainWindowFallsBackToFirstNonDialogWindow() passed after 0.001 seconds.
◇ Test testMainWindowFallsBackToLegacyAttributeWhenNoWindowsArray() started.
✔ Test testMainWindowFallsBackToLegacyAttributeWhenNoWindowsArray() passed after 0.001 seconds.
◇ Test testDialogPresentDetectsActiveModal() started.
✔ Test testDialogPresentDetectsActiveModal() passed after 0.001 seconds.
◇ Test testBlockingDialogInfoReportsIdentityAndCancelRecovery() started.
✔ Test testBlockingDialogInfoReportsIdentityAndCancelRecovery() passed after 0.001 seconds.
◇ Test testBlockingDialogInfoReturnsNilWhenNoDialog() started.
✔ Test testBlockingDialogInfoReturnsNilWhenNoDialog() passed after 0.001 seconds.
◇ Test testDialogPresentReturnsFalseWhenNoDialogs() started.
✔ Test testDialogPresentReturnsFalseWhenNoDialogs() passed after 0.001 seconds.
◇ Test testDialogPresentIgnoresKeyboardLayoutOverlayDialog() started.
✔ Test testDialogPresentIgnoresKeyboardLayoutOverlayDialog() passed after 0.001 seconds.
◇ Test testDialogPresentReturnsFalseWhenNoWindowsExposed() started.
✔ Test testDialogPresentReturnsFalseWhenNoWindowsExposed() passed after 0.001 seconds.
◇ Test testDialogPresentFalseWithOnlyPluginEditorOpen() started.
✔ Test testDialogPresentFalseWithOnlyPluginEditorOpen() passed after 0.001 seconds.
◇ Test testBlockingDialogInfoNilWithPluginEditor() started.
✔ Test testBlockingDialogInfoNilWithPluginEditor() passed after 0.001 seconds.
◇ Test testSaveSheetStillBlocking() started.
✔ Test testSaveSheetStillBlocking() passed after 0.001 seconds.
◇ Test testSystemDialogStillBlocking() started.
✔ Test testSystemDialogStillBlocking() passed after 0.001 seconds.
◇ Test testPartialChromeStaysBlocking(_:) started.
◇ Passing 1 argument variant → PartialChromeVariant(includeBypass: true, includeCompare: false, includeLink: false, includeClose: true, chromeRole: "AXCheckBox", name: "bypass checkbox without companion") to testPartialChromeStaysBlocking(_:)
◇ Passing 1 argument variant → PartialChromeVariant(includeBypass: true, includeCompare: false, includeLink: false, includeClose: true, chromeRole: "AXButton", name: "bypass button without companion") to testPartialChromeStaysBlocking(_:)
◇ Passing 1 argument variant → PartialChromeVariant(includeBypass: false, includeCompare: false, includeLink: true, includeClose: true, chromeRole: "AXButton", name: "link button without bypass") to testPartialChromeStaysBlocking(_:)
◇ Passing 1 argument variant → PartialChromeVariant(includeBypass: false, includeCompare: true, includeLink: true, includeClose: true, chromeRole: "AXCheckBox", name: "link+compare without bypass") to testPartialChromeStaysBlocking(_:)
◇ Passing 1 argument variant → PartialChromeVariant(includeBypass: true, includeCompare: true, includeLink: true, includeClose: false, chromeRole: "AXButton", name: "full button chrome without close attribute") to testPartialChromeStaysBlocking(_:)
◇ Passing 1 argument variant → PartialChromeVariant(includeBypass: true, includeCompare: true, includeLink: true, includeClose: true, chromeRole: "AXStaticText", name: "labels on non-toggle roles") to testPartialChromeStaysBlocking(_:)
✔ Test testPartialChromeStaysBlocking(_:) passed after 0.001 seconds.
◇ Test testFreshPluginEditorWithoutCompareIsNonBlocking() started.
✔ Test testFreshPluginEditorWithoutCompareIsNonBlocking() passed after 0.001 seconds.
◇ Test testUnfocusedFreshGainEditorIsNonBlocking() started.
✔ Test testUnfocusedFreshGainEditorIsNonBlocking() passed after 0.001 seconds.
◇ Test testEditorPlusRealDialogStillReportsDialog() started.
✔ Test testEditorPlusRealDialogStillReportsDialog() passed after 0.001 seconds.
◇ Test testAXLogicProElementsFindTransportTrackMixerAndArrangementAreas() started.
✔ Test testAXLogicProElementsFindTransportTrackMixerAndArrangementAreas() passed after 0.001 seconds.
◇ Test testAXLogicProElementsResolveButtonsSlidersAndTrackFields() started.
✔ Test testAXLogicProElementsResolveButtonsSlidersAndTrackFields() passed after 0.001 seconds.
◇ Test testAXLogicProElementsFindTrackNameFieldPrefersTextFieldOverStaticText() started.
✔ Test testAXLogicProElementsFindTrackNameFieldPrefersTextFieldOverStaticText() passed after 0.001 seconds.
◇ Test testAXLogicProElementsResolveMenuItemsAcrossNestedMenus() started.
✔ Test testAXLogicProElementsResolveMenuItemsAcrossNestedMenus() passed after 0.001 seconds.
◇ Test testAXLogicProElementsDeriveLogicUILocaleOnlyFromCompleteUnambiguousMenus() started.
✔ Test testAXLogicProElementsDeriveLogicUILocaleOnlyFromCompleteUnambiguousMenus() passed after 0.001 seconds.
◇ Test testAXLogicProElementsFallbacksResolveScrollAreasAndOutline() started.
✔ Test testAXLogicProElementsFallbacksResolveScrollAreasAndOutline() passed after 0.001 seconds.
◇ Test testAXLogicProElementsFallsBackToLegacyMainWindowWhenOnlyDialogsAreEnumerable() started.
✔ Test testAXLogicProElementsFallsBackToLegacyMainWindowWhenOnlyDialogsAreEnumerable() passed after 0.001 seconds.
◇ Test testAXLogicProElementsControlBarCheckboxesAndLocatorSliders() started.
✔ Test testAXLogicProElementsControlBarCheckboxesAndLocatorSliders() passed after 0.001 seconds.
◇ Test testAXLogicProElementsFindsLogic12MixerLayoutAreaAndSkipsInspectorMixer() started.
✔ Test testAXLogicProElementsFindsLogic12MixerLayoutAreaAndSkipsInspectorMixer() passed after 0.001 seconds.
◇ Test testAXLogicProElementsDoesNotTreatInspectorChannelStripsAsMixerArea() started.
✔ Test testAXLogicProElementsDoesNotTreatInspectorChannelStripsAsMixerArea() passed after 0.001 seconds.
◇ Test testAXLogicProElementsFindsFaderAndPanByLocalizedDescription() started.
✔ Test testAXLogicProElementsFindsFaderAndPanByLocalizedDescription() passed after 0.001 seconds.
◇ Test testAXLogicProElementsDoesNotTreatPlainWindowAsTransportWithoutTransportSignature() started.
✔ Test testAXLogicProElementsDoesNotTreatPlainWindowAsTransportWithoutTransportSignature() passed after 0.001 seconds.
◇ Test testAXLogicProElementsOutlineAndTextFieldFallbacks() started.
✔ Test testAXLogicProElementsOutlineAndTextFieldFallbacks() passed after 0.001 seconds.
◇ Test testGetTrackHeadersAcceptsLogic122TracksHeaderDescription() started.
✔ Test testGetTrackHeadersAcceptsLogic122TracksHeaderDescription() passed after 0.001 seconds.
◇ Test testGetTrackHeadersUsesLanguageNeutralSelectionStructure() started.
✔ Test testGetTrackHeadersUsesLanguageNeutralSelectionStructure() passed after 0.001 seconds.
◇ Test testGetTrackHeadersAcceptsTrackHeaderDescriptionVariants() started.
✔ Test testGetTrackHeadersAcceptsTrackHeaderDescriptionVariants() passed after 0.001 seconds.
◇ Test enumerateMarkers_logic122_markerListWindow_open_returnsMarkers() started.
✔ Test enumerateMarkers_logic122_markerListWindow_open_returnsMarkers() passed after 0.001 seconds.
◇ Test enumerateMarkers_emptyMarkerListWindow_returnsEmpty() started.
✔ Test enumerateMarkers_emptyMarkerListWindow_returnsEmpty() passed after 0.001 seconds.
◇ Test enumerateMarkers_listWindow_closed_fallsThroughToRulerStrategy() started.
✔ Test enumerateMarkers_listWindow_closed_fallsThroughToRulerStrategy() passed after 0.001 seconds.
◇ Test "parseMarkerListPosition: 유효 입력 → canonical 형태" started.
◇ Passing 2 arguments input → "1 1 1 1", expected → "1.1.1.1" to "parseMarkerListPosition: 유효 입력 → canonical 형태"
◇ Passing 2 arguments input → "146 4 4 240", expected → "146.4.4.240" to "parseMarkerListPosition: 유효 입력 → canonical 형태"
◇ Passing 2 arguments input → "146 4 4 240.", expected → "146.4.4.240" to "parseMarkerListPosition: 유효 입력 → canonical 형태"
◇ Passing 2 arguments input → "146 4 4 240,", expected → "146.4.4.240" to "parseMarkerListPosition: 유효 입력 → canonical 형태"
◇ Passing 2 arguments input → "  146 4 4 240  ", expected → "146.4.4.240" to "parseMarkerListPosition: 유효 입력 → canonical 형태"
◇ Passing 2 arguments input → "146  4  4  240", expected → "146.4.4.240" to "parseMarkerListPosition: 유효 입력 → canonical 형태"
◇ Passing 2 arguments input → "146	4	4	240", expected → "146.4.4.240" to "parseMarkerListPosition: 유효 입력 → canonical 형태"
◇ Passing 2 arguments input → "17 2 3 4", expected → "17.2.3.4" to "parseMarkerListPosition: 유효 입력 → canonical 형태"
✔ Test "parseMarkerListPosition: 유효 입력 → canonical 형태" passed after 0.001 seconds.
◇ Test "parseMarkerListPosition: 무효 입력 → nil" started.
◇ Passing 1 argument input → "" to "parseMarkerListPosition: 무효 입력 → nil"
◇ Passing 1 argument input → "   " to "parseMarkerListPosition: 무효 입력 → nil"
◇ Passing 1 argument input → "." to "parseMarkerListPosition: 무효 입력 → nil"
◇ Passing 1 argument input → "abc" to "parseMarkerListPosition: 무효 입력 → nil"
◇ Passing 1 argument input → "1 abc" to "parseMarkerListPosition: 무효 입력 → nil"
◇ Passing 1 argument input → "1 2 3 x" to "parseMarkerListPosition: 무효 입력 → nil"
◇ Passing 1 argument input → "1" to "parseMarkerListPosition: 무효 입력 → nil"
◇ Passing 1 argument input → "17 2" to "parseMarkerListPosition: 무효 입력 → nil"
◇ Passing 1 argument input → "1 2 3" to "parseMarkerListPosition: 무효 입력 → nil"
◇ Passing 1 argument input → "1 2 3 4 5" to "parseMarkerListPosition: 무효 입력 → nil"
◇ Passing 1 argument input → "1 2 3 4 5 6" to "parseMarkerListPosition: 무효 입력 → nil"
◇ Passing 1 argument input → "0 0 0 0" to "parseMarkerListPosition: 무효 입력 → nil"
◇ Passing 1 argument input → "0 1 1 1" to "parseMarkerListPosition: 무효 입력 → nil"
◇ Passing 1 argument input → "1 0 1 1" to "parseMarkerListPosition: 무효 입력 → nil"
◇ Passing 1 argument input → "١٤٦ ٤ ٤ ٢٤٠" to "parseMarkerListPosition: 무효 입력 → nil"
◇ Passing 1 argument input → "1.1 1.1" to "parseMarkerListPosition: 무효 입력 → nil"
◇ Passing 1 argument input → "146.4 4 240" to "parseMarkerListPosition: 무효 입력 → nil"
◇ Passing 1 argument input → "+1 2 3 4" to "parseMarkerListPosition: 무효 입력 → nil"
◇ Passing 1 argument input → "-1 2 3 4" to "parseMarkerListPosition: 무효 입력 → nil"
◇ Passing 1 argument input → "1 +2 3 4" to "parseMarkerListPosition: 무효 입력 → nil"
✔ Test "parseMarkerListPosition: 무효 입력 → nil" passed after 0.001 seconds.
◇ Test findMarkerListWindow_englishLocale_matches() started.
✔ Test findMarkerListWindow_englishLocale_matches() passed after 0.001 seconds.
◇ Test findMarkerListWindow_notOpen_returnsNil() started.
✔ Test findMarkerListWindow_notOpen_returnsNil() passed after 0.001 seconds.
◇ Test enumerateMarkers_listAndRulerBothPresent_listWins() started.
✔ Test enumerateMarkers_listAndRulerBothPresent_listWins() passed after 0.001 seconds.
◇ Test enumerateMarkers_malformedRow_skipsRowKeepsValid() started.
✔ Test enumerateMarkers_malformedRow_skipsRowKeepsValid() passed after 0.001 seconds.
◇ Test enumerateMarkers_unparseablePosition_usesIndexFallback() started.
✔ Test enumerateMarkers_unparseablePosition_usesIndexFallback() passed after 0.001 seconds.
◇ Test enumerateMarkers_trailingDotPosition_canonicalizes() started.
✔ Test enumerateMarkers_trailingDotPosition_canonicalizes() passed after 0.001 seconds.
◇ Test enumerateMarkers_koreanWholeBarPosition_canonicalizes() started.
✔ Test enumerateMarkers_koreanWholeBarPosition_canonicalizes() passed after 0.001 seconds.
◇ Test updateMarkers_emptyToEmpty_advancesFetchedAt() started.
✔ Test updateMarkers_emptyToEmpty_advancesFetchedAt() passed after 0.011 seconds.
◇ Test updateMarkers_sameNonEmpty_advancesFetchedAt() started.
✔ Test updateMarkers_sameNonEmpty_advancesFetchedAt() passed after 0.026 seconds.
◇ Test axMouseHelperDoubleClickUsesTwoClickCountsWithoutPostingRealEvents() started.
✔ Test axMouseHelperDoubleClickUsesTwoClickCountsWithoutPostingRealEvents() passed after 0.001 seconds.
◇ Test axMouseHelperClickUsesSingleDownUpPairWithoutPostingRealEvents() started.
✔ Test axMouseHelperClickUsesSingleDownUpPairWithoutPostingRealEvents() passed after 0.001 seconds.
◇ Test axMouseHelperNumericTypingSkipsUnsupportedCharactersAndPostsReturnEscape() started.
✔ Test axMouseHelperNumericTypingSkipsUnsupportedCharactersAndPostsReturnEscape() passed after 0.001 seconds.
◇ Test axMouseHelperTextTypingInjectsUnicodeScalars() started.
✔ Test axMouseHelperTextTypingInjectsUnicodeScalars() passed after 0.001 seconds.
◇ Test axMouseHelperTextTypingPreservesSupplementaryUnicodeScalars() started.
✔ Test axMouseHelperTextTypingPreservesSupplementaryUnicodeScalars() passed after 0.001 seconds.
◇ Test testInsertSlotsPreservePhysicalIndexAcrossUnreadableOccupied() started.
✔ Test testInsertSlotsPreservePhysicalIndexAcrossUnreadableOccupied() passed after 0.001 seconds.
◇ Test testEmptySlotIsWriteSafe() started.
✔ Test testEmptySlotIsWriteSafe() passed after 0.001 seconds.
◇ Test testNonSlotChildrenDoNotConsumeAnIndex() started.
✔ Test testNonSlotChildrenDoNotConsumeAnIndex() passed after 0.001 seconds.
◇ Test testMixedReadableEmptyUnreadableSequence() started.
✔ Test testMixedReadableEmptyUnreadableSequence() passed after 0.001 seconds.
◇ Test testLanguageNeutralEmptySlotClusterIsRecognizedByGeometry() started.
✔ Test testLanguageNeutralEmptySlotClusterIsRecognizedByGeometry() passed after 0.001 seconds.
◇ Test testLanguageNeutralGeometryDoesNotPromoteSingleButtonOrPhantomStub() started.
✔ Test testLanguageNeutralGeometryDoesNotPromoteSingleButtonOrPhantomStub() passed after 0.001 seconds.
◇ Test testAXValueExtractorsReadScalarValuesAndRanges() started.
✔ Test testAXValueExtractorsReadScalarValuesAndRanges() passed after 0.001 seconds.
◇ Test testAXValueExtractorsNormalizeLogicMixerVolumeAndPanRanges() started.
✔ Test testAXValueExtractorsNormalizeLogicMixerVolumeAndPanRanges() passed after 0.001 seconds.
◇ Test testAXValueExtractorsDoNotApplyLogicFaderTaperWithoutLogicRawRange() started.
✔ Test testAXValueExtractorsDoNotApplyLogicFaderTaperWithoutLogicRawRange() passed after 0.001 seconds.
◇ Test testAXValueExtractorsBuildTrackStateFromHeader() started.
✔ Test testAXValueExtractorsBuildTrackStateFromHeader() passed after 0.001 seconds.
◇ Test testAXValueExtractorsMarksUnreadableTrackIdentity() started.
✔ Test testAXValueExtractorsMarksUnreadableTrackIdentity() passed after 0.001 seconds.
◇ Test testAXValueExtractorsBuildTransportStateFromButtonsAndTexts() started.
✔ Test testAXValueExtractorsBuildTransportStateFromButtonsAndTexts() passed after 0.001 seconds.
◇ Test testAXValueExtractorsFallbacksHandleStringsTitlesAndMissingStates() started.
✔ Test testAXValueExtractorsFallbacksHandleStringsTitlesAndMissingStates() passed after 0.001 seconds.
◇ Test testAXValueExtractorsTrackFallbacksAndTypeInferenceVariants() started.
✔ Test testAXValueExtractorsTrackFallbacksAndTypeInferenceVariants() passed after 0.001 seconds.
◇ Test testAXValueExtractorsClassifiesGMDeviceStripAsExternalMIDI() started.
✔ Test testAXValueExtractorsClassifiesGMDeviceStripAsExternalMIDI() passed after 0.001 seconds.
◇ Test testAXValueExtractorsPreferTrackTextFieldDescriptionOverStaticText() started.
✔ Test testAXValueExtractorsPreferTrackTextFieldDescriptionOverStaticText() passed after 0.001 seconds.
◇ Test testAXValueExtractorsInfersTrackTypeFromHeaderDescendants() started.
✔ Test testAXValueExtractorsInfersTrackTypeFromHeaderDescendants() passed after 0.001 seconds.
◇ Test testAXValueExtractorsTransportSupportsLoopClickAndHeuristicFields() started.
✔ Test testAXValueExtractorsTransportSupportsLoopClickAndHeuristicFields() passed after 0.001 seconds.
◇ Test testMoveToPlayheadReturnsStateAOnMatch() started.
✔ Test testMoveToPlayheadReturnsStateAOnMatch() passed after 0.005 seconds.
◇ Test testMoveToPlayheadReturnsStateBOnMismatch() started.
✔ Test testMoveToPlayheadReturnsStateBOnMismatch() passed after 0.001 seconds.
◇ Test testMoveToPlayheadReturnsStateBOnNoChange() started.
✔ Test testMoveToPlayheadReturnsStateBOnNoChange() passed after 0.001 seconds.
◇ Test testMoveToPlayheadReturnsStateBWhenNoSelectedRegion() started.
✔ Test testMoveToPlayheadReturnsStateBWhenNoSelectedRegion() passed after 0.001 seconds.
◇ Test testMoveToPlayheadReturnsStateCOnMenuError() started.
✔ Test testMoveToPlayheadReturnsStateCOnMenuError() passed after 0.001 seconds.
◇ Test testSelectLastReturnsStateAOnMatch() started.
✔ Test testSelectLastReturnsStateAOnMatch() passed after 0.001 seconds.
◇ Test testSelectLastReturnsStateBOnMismatch() started.
✔ Test testSelectLastReturnsStateBOnMismatch() passed after 0.001 seconds.
◇ Test testSelectLastReturnsStateBWhenNoSelectionPostAction() started.
✔ Test testSelectLastReturnsStateBWhenNoSelectionPostAction() passed after 0.001 seconds.
◇ Test testSelectLastReturnsStateCWhenNoRegions() started.
✔ Test testSelectLastReturnsStateCWhenNoRegions() passed after 0.001 seconds.
◇ Test testCurrentPlayheadBarParsesPositionString() started.
✔ Test testCurrentPlayheadBarParsesPositionString() passed after 0.001 seconds.
◇ Test testLastRegionInfoReturnsLargestStartBar() started.
✔ Test testLastRegionInfoReturnsLargestStartBar() passed after 0.001 seconds.
◇ Test testSelectedRegionInfoReturnsRegionWithAXSelectedTrue() started.
✔ Test testSelectedRegionInfoReturnsRegionWithAXSelectedTrue() passed after 0.001 seconds.
◇ Suite "T4: scanLibraryAll orchestration + Tier-A + JSON write" started.
◇ Test testScanLibraryAll_HappyPath_JSON() started.
✔ Test testScanLibraryAll_HappyPath_JSON() passed after 0.001 seconds.
◇ Test testScanLibraryAll_PanelClosed_Error() started.
✔ Test testScanLibraryAll_PanelClosed_Error() passed after 0.001 seconds.
◇ Test testScanLibraryAll_TierA_CacheHit_RestoresSelection() started.
✔ Test testScanLibraryAll_TierA_CacheHit_RestoresSelection() passed after 0.001 seconds.
◇ Test testScanLibraryAll_TierA_CacheMiss_FalseFlag() started.
✔ Test testScanLibraryAll_TierA_CacheMiss_FalseFlag() passed after 0.001 seconds.
◇ Test testScanLibraryAll_E17_WriteFailure_Tolerated() started.
✔ Test testScanLibraryAll_E17_WriteFailure_Tolerated() passed after 0.001 seconds.
◇ Test testScanLibraryAll_LastScanCachedInActor() started.
✔ Test testScanLibraryAll_LastScanCachedInActor() passed after 0.001 seconds.
◇ Test testScanLibraryAll_ConcurrentScan_SecondErrors() started.
✔ Test testScanLibraryAll_ConcurrentScan_SecondErrors() passed after 0.001 seconds.
◇ Test testScanLibraryAll_RespondsIncludesStructuralFields() started.
✔ Test testScanLibraryAll_RespondsIncludesStructuralFields() passed after 0.001 seconds.
◇ Test testScanLibraryAll_AC1_6_JSONWrittenToResources() started.
✔ Test testScanLibraryAll_AC1_6_JSONWrittenToResources() passed after 0.001 seconds.
◇ Test testScanLibraryAll_FlattenPolicy_Depth3Actually() started.
✔ Test testScanLibraryAll_FlattenPolicy_Depth3Actually() passed after 0.001 seconds.
◇ Test testScanLibraryAll_AXMutationMidScan_Aborts() started.
✔ Test testScanLibraryAll_AXMutationMidScan_Aborts() passed after 0.001 seconds.
✔ Suite "T4: scanLibraryAll orchestration + Tier-A + JSON write" passed after 0.003 seconds.
◇ Test testAccessibilityChannelStartRequiresTrustAndAllowsMissingLogic() started.
[2026-07-16T10:53:15.337Z] [WARN] [ax] Logic Pro not running at AX channel start (AccessibilityChannel.swift:271)
✔ Test testAccessibilityChannelStartRequiresTrustAndAllowsMissingLogic() passed after 0.001 seconds.
◇ Test testAccessibilityChannelHealthReflectsTrustRunningAndAppRoot() started.
✔ Test testAccessibilityChannelHealthReflectsTrustRunningAndAppRoot() passed after 0.001 seconds.
◇ Test testAccessibilityHealthCheckDoesNotWaitBehindBlockingExecute() started.
✔ Test testAccessibilityHealthCheckDoesNotWaitBehindBlockingExecute() passed after 0.001 seconds.
◇ Test testAccessibilityChannelExecuteRejectsWhenLogicNotRunning() started.
✔ Test testAccessibilityChannelExecuteRejectsWhenLogicNotRunning() passed after 0.001 seconds.
◇ Test testAccessibilityChannelRoutesImplementedOperationsThroughRuntime() started.
✔ Test testAccessibilityChannelRoutesImplementedOperationsThroughRuntime() passed after 0.001 seconds.
◇ Test testAccessibilityChannelMIDIImportValidatesManagedTempPathBeforeRuntimeImport() started.
✔ Test testAccessibilityChannelMIDIImportValidatesManagedTempPathBeforeRuntimeImport() passed after 0.001 seconds.
◇ Test testAccessibilityChannelFastValidationErrorsCoverDeepOperationsWithoutTouchingUI() started.
✔ Test testAccessibilityChannelFastValidationErrorsCoverDeepOperationsWithoutTouchingUI() passed after 0.001 seconds.
◇ Test testAccessibilityChannelReturnsExpectedUnimplementedAndUnsupportedErrors() started.
✔ Test testAccessibilityChannelReturnsExpectedUnimplementedAndUnsupportedErrors() passed after 0.001 seconds.
◇ Test testRenameMarkerReturnsNotImplementedEnvelope() started.
✔ Test testRenameMarkerReturnsNotImplementedEnvelope() passed after 0.001 seconds.
◇ Test testAccessibilityChannelAXBackedRegionReadReturnsParsedRegions() started.
✔ Test testAccessibilityChannelAXBackedRegionReadReturnsParsedRegions() passed after 0.001 seconds.
◇ Test testAccessibilityChannelAXBackedRegionsMarkViewportSubsetIncomplete() started.
✔ Test testAccessibilityChannelAXBackedRegionsMarkViewportSubsetIncomplete() passed after 0.001 seconds.
◇ Test testAccessibilityChannelAXBackedRegionsMissingContentGroupIncludesHint() started.
✔ Test testAccessibilityChannelAXBackedRegionsMissingContentGroupIncludesHint() passed after 0.001 seconds.
◇ Test testAccessibilityChannelAXBackedRegionReadAcceptsPluralTracksContentsLabel() started.
✔ Test testAccessibilityChannelAXBackedRegionReadAcceptsPluralTracksContentsLabel() passed after 0.001 seconds.
◇ Test testAccessibilityChannelAXBackedRegionReadAcceptsNumericBeforeBarEnglishHelp() started.
✔ Test testAccessibilityChannelAXBackedRegionReadAcceptsNumericBeforeBarEnglishHelp() passed after 0.001 seconds.
◇ Test testAccessibilityChannelAXBackedTransportDefaultsUseFakeAXTree() started.
[2026-07-16T10:53:20.354Z] [WARN] [process] '/usr/bin/osascript' exceeded 5.0s timeout (pid 65179); sending SIGTERM (BoundedProcessRunner.swift:93)
✔ Test testAccessibilityChannelAXBackedTransportDefaultsUseFakeAXTree() passed after 5.022 seconds.
◇ Test testAccessibilityChannelTransportStatePrefersLiveControlBarOverStaleTransportGroup() started.
✔ Test testAccessibilityChannelTransportStatePrefersLiveControlBarOverStaleTransportGroup() passed after 0.001 seconds.
◇ Test testAccessibilityChannelControlBarToggleUsesMouseClickAndVerifiesReadback() started.
✔ Test testAccessibilityChannelControlBarToggleUsesMouseClickAndVerifiesReadback() passed after 0.095 seconds.
◇ Test testAccessibilityChannelControlBarToggleDoesNotTrustNoopAXPress() started.
✔ Test testAccessibilityChannelControlBarToggleDoesNotTrustNoopAXPress() passed after 2.888 seconds.
◇ Test testAccessibilityChannelControlBarToggleAcceptsAXPressOnlyAfterReadbackChanges() started.
✔ Test testAccessibilityChannelControlBarToggleAcceptsAXPressOnlyAfterReadbackChanges() passed after 0.125 seconds.
◇ Test toggle_autopunch_returns_stateA_on_verified_button_toggle() started.
✔ Test toggle_autopunch_returns_stateA_on_verified_button_toggle() passed after 0.122 seconds.
◇ Test toggle_autopunch_returns_stateB_when_state_readback_unavailable() started.
✔ Test toggle_autopunch_returns_stateB_when_state_readback_unavailable() passed after 0.001 seconds.
◇ Test toggle_autopunch_returns_stateC_when_button_not_found() started.
✔ Test toggle_autopunch_returns_stateC_when_button_not_found() passed after 0.001 seconds.
◇ Test testAccessibilityChannelAXBackedTransportErrorPaths() started.
✔ Test testAccessibilityChannelAXBackedTransportErrorPaths() passed after 0.002 seconds.
◇ Test testAccessibilityChannelAXBackedTempoFallbackCanBeInjected() started.
✔ Test testAccessibilityChannelAXBackedTempoFallbackCanBeInjected() passed after 0.001 seconds.
◇ Test testImportMIDIFileFailsClosedWhenSystemEventsAutomationDenied() started.
✔ Test testImportMIDIFileFailsClosedWhenSystemEventsAutomationDenied() passed after 0.002 seconds.
◇ Test testImportMIDIFilePropagatesSystemEventsAutomationDeniedFromOsascript() started.
✔ Test testImportMIDIFilePropagatesSystemEventsAutomationDeniedFromOsascript() passed after 0.003 seconds.
◇ Test testSetTempoSliderIncrementMismatchFailsClosed() started.
✔ Test testSetTempoSliderIncrementMismatchFailsClosed() passed after 0.658 seconds.
◇ Test testSetTempoSliderIncrementExactLandingIsStateA() started.
✔ Test testSetTempoSliderIncrementExactLandingIsStateA() passed after 0.659 seconds.
◇ Test testSetTempoValueNudgeLandsBelowTenBPMDetent() started.
✔ Test testSetTempoValueNudgeLandsBelowTenBPMDetent() passed after 0.835 seconds.
◇ Test testAccessibilityChannelImportMIDIFileReturnsErrorWhenTrackCountDoesNotIncrease() started.
✔ Test testAccessibilityChannelImportMIDIFileReturnsErrorWhenTrackCountDoesNotIncrease() passed after 0.004 seconds.
◇ Test testAccessibilityChannelImportMIDIFileVerifiedWhenTrackCountIncreases() started.
✔ Test testAccessibilityChannelImportMIDIFileVerifiedWhenTrackCountIncreases() passed after 0.004 seconds.
◇ Test testGMDeviceLanesAmongNewTracksClassifiesOnlyNewExternalMIDILanes() started.
✔ Test testGMDeviceLanesAmongNewTracksClassifiesOnlyNewExternalMIDILanes() passed after 0.001 seconds.
◇ Test testAccessibilityChannelImportMIDIFileDowngradesToStateBOnGMDeviceLanes() started.
✔ Test testAccessibilityChannelImportMIDIFileDowngradesToStateBOnGMDeviceLanes() passed after 0.004 seconds.
◇ Test testAccessibilityChannelImportMIDIFileStateAWhenLanesAreSoftwareInstruments() started.
✔ Test testAccessibilityChannelImportMIDIFileStateAWhenLanesAreSoftwareInstruments() passed after 0.001 seconds.
◇ Test testAccessibilityChannelImportMIDIFileReturnsDialogNotFoundWhenSheetNeverAppears() started.
✔ Test testAccessibilityChannelImportMIDIFileReturnsDialogNotFoundWhenSheetNeverAppears() passed after 0.001 seconds.
◇ Test testAccessibilityChannelImportMIDIFileMissingFileShortCircuits() started.
✔ Test testAccessibilityChannelImportMIDIFileMissingFileShortCircuits() passed after 0.001 seconds.
◇ Test testAccessibilityChannelValidatedMIDIImportPathAcceptsManagedTempMID() started.
✔ Test testAccessibilityChannelValidatedMIDIImportPathAcceptsManagedTempMID() passed after 0.004 seconds.
◇ Test testAccessibilityChannelValidatedMIDIImportPathRejectsUnregisteredPrefixMID() started.
✔ Test testAccessibilityChannelValidatedMIDIImportPathRejectsUnregisteredPrefixMID() passed after 0.002 seconds.
◇ Test testAccessibilityChannelValidatedMIDIImportPathRejectsAfterCleanup() started.
✔ Test testAccessibilityChannelValidatedMIDIImportPathRejectsAfterCleanup() passed after 0.004 seconds.
◇ Test testAccessibilityChannelManagedMIDIImportPrefixesMatchSMFWriter() started.
✔ Test testAccessibilityChannelManagedMIDIImportPrefixesMatchSMFWriter() passed after 0.001 seconds.
◇ Test testAccessibilityChannelValidatedMIDIImportPathRejectsSymlinkEscape() started.
✔ Test testAccessibilityChannelValidatedMIDIImportPathRejectsSymlinkEscape() passed after 0.003 seconds.
◇ Test testAccessibilityChannelValidatedMIDIImportPathRejectsControlCharacters() started.
✔ Test testAccessibilityChannelValidatedMIDIImportPathRejectsControlCharacters() passed after 0.001 seconds.
◇ Test testAccessibilityChannelAXBackedTempoReturnsErrorWhenAXFieldMissing() started.
✔ Test testAccessibilityChannelAXBackedTempoReturnsErrorWhenAXFieldMissing() passed after 0.001 seconds.
◇ Test testAccessibilityChannelCreateInstrumentVerifiesTrackCountIncrease() started.
✔ Test testAccessibilityChannelCreateInstrumentVerifiesTrackCountIncrease() passed after 0.474 seconds.
◇ Test testDeleteTrackUsesExactEnglishMenuItemAndReportsClickedTitle() started.
✔ Test testDeleteTrackUsesExactEnglishMenuItemAndReportsClickedTitle() passed after 0.318 seconds.
◇ Test testDeleteTrackUsesKoreanMenuItemAndReportsClickedTitle() started.
✔ Test testDeleteTrackUsesKoreanMenuItemAndReportsClickedTitle() passed after 0.304 seconds.
◇ Test testDeleteTrackMissingItemHintNamesEnglishAndKoreanCandidates() started.
✔ Test testDeleteTrackMissingItemHintNamesEnglishAndKoreanCandidates() passed after 0.001 seconds.
◇ Test testAccessibilityChannelCreateInstrumentFailsWhenTrackCountDoesNotIncrease() started.
✔ Test testAccessibilityChannelCreateInstrumentFailsWhenTrackCountDoesNotIncrease() passed after 3.780 seconds.
◇ Test testAccessibilityChannelCreateInstrumentReportsDialogPendingWhenModalPersists() started.
✔ Test testAccessibilityChannelCreateInstrumentReportsDialogPendingWhenModalPersists() passed after 3.615 seconds.
◇ Test testAccessibilityChannelAXBackedTrackDefaultsUseFakeAXTree() started.
[2026-07-16T10:53:35.351Z] [WARN] [process] '/usr/bin/osascript' exceeded 1.0s timeout (pid 65396); sending SIGTERM (BoundedProcessRunner.swift:93)
✔ Test testAccessibilityChannelAXBackedTrackDefaultsUseFakeAXTree() passed after 1.843 seconds.
◇ Test testAccessibilityChannelAXBackedTrackSelectVerifiesReadbackWhenSelectionMetadataExists() started.
[2026-07-16T10:53:37.150Z] [WARN] [process] '/usr/bin/osascript' exceeded 1.0s timeout (pid 65401); sending SIGTERM (BoundedProcessRunner.swift:93)
✔ Test testAccessibilityChannelAXBackedTrackSelectVerifiesReadbackWhenSelectionMetadataExists() passed after 1.235 seconds.
◇ Test testAccessibilityChannelTrackRenameFallsBackToTrackMenuAndVerifiesTrackName() started.
✔ Test testAccessibilityChannelTrackRenameFallsBackToTrackMenuAndVerifiesTrackName() passed after 0.687 seconds.
◇ Test testAccessibilityChannelTrackRenameReturnsReadbackMismatchWhenTrackMenuDoesNotChangeName() started.
✔ Test testAccessibilityChannelTrackRenameReturnsReadbackMismatchWhenTrackMenuDoesNotChangeName() passed after 0.810 seconds.
◇ Test testAccessibilityChannelAXBackedTrackSelectFailsWhenVerifiedSelectionSettlesElsewhere() started.
[2026-07-16T10:53:39.889Z] [WARN] [process] '/usr/bin/osascript' exceeded 1.0s timeout (pid 65408); sending SIGTERM (BoundedProcessRunner.swift:93)
✔ Test testAccessibilityChannelAXBackedTrackSelectFailsWhenVerifiedSelectionSettlesElsewhere() passed after 1.989 seconds.
◇ Test testAccessibilityChannelSetInstrumentReturnsTargetAndPatchVerificationMetadata() started.
[2026-07-16T10:53:41.893Z] [WARN] [process] '/usr/bin/osascript' exceeded 1.0s timeout (pid 65433); sending SIGTERM (BoundedProcessRunner.swift:93)
[2026-07-16T10:53:43.499Z] [WARN] [process] '/usr/bin/osascript' exceeded 1.0s timeout (pid 65518); sending SIGTERM (BoundedProcessRunner.swift:93)
[2026-07-16T10:53:45.935Z] [WARN] [process] '/usr/bin/osascript' exceeded 1.0s timeout (pid 65583); sending SIGTERM (BoundedProcessRunner.swift:93)
✔ Test testAccessibilityChannelSetInstrumentReturnsTargetAndPatchVerificationMetadata() passed after 6.863 seconds.
◇ Test testAccessibilityChannelSetInstrumentTrimsLibraryReadbackPadding() started.
[2026-07-16T10:53:48.766Z] [WARN] [process] '/usr/bin/osascript' exceeded 1.0s timeout (pid 65584); sending SIGTERM (BoundedProcessRunner.swift:93)
[2026-07-16T10:53:50.378Z] [WARN] [process] '/usr/bin/osascript' exceeded 1.0s timeout (pid 65587); sending SIGTERM (BoundedProcessRunner.swift:93)
[2026-07-16T10:53:52.835Z] [WARN] [process] '/usr/bin/osascript' exceeded 1.0s timeout (pid 65618); sending SIGTERM (BoundedProcessRunner.swift:93)
✔ Test testAccessibilityChannelSetInstrumentTrimsLibraryReadbackPadding() passed after 6.915 seconds.
◇ Test testAccessibilityChannelSetInstrumentFailsClosedWhenTrackSelectionIsUnverified() started.
[2026-07-16T10:53:55.674Z] [WARN] [process] '/usr/bin/osascript' exceeded 1.0s timeout (pid 65790); sending SIGTERM (BoundedProcessRunner.swift:93)
✔ Test testAccessibilityChannelSetInstrumentFailsClosedWhenTrackSelectionIsUnverified() passed after 2.079 seconds.
◇ Test testSetInstrumentGMDeviceTargetReturnsUnsupportedTrackType() started.
[2026-07-16T10:53:57.753Z] [WARN] [process] '/usr/bin/osascript' exceeded 1.0s timeout (pid 65810); sending SIGTERM (BoundedProcessRunner.swift:93)
✔ Test testSetInstrumentGMDeviceTargetReturnsUnsupportedTrackType() passed after 1.603 seconds.
◇ Test testSetInstrumentPanelClosedReturnsLibraryPanelUnavailable() started.
[2026-07-16T10:53:59.359Z] [WARN] [process] '/usr/bin/osascript' exceeded 1.0s timeout (pid 65812); sending SIGTERM (BoundedProcessRunner.swift:93)
✔ Test testSetInstrumentPanelClosedReturnsLibraryPanelUnavailable() passed after 2.081 seconds.
◇ Test testSetInstrumentPathNotInCacheReturnsPathNotInLibrary() started.
[2026-07-16T10:54:01.441Z] [WARN] [process] '/usr/bin/osascript' exceeded 1.0s timeout (pid 65816); sending SIGTERM (BoundedProcessRunner.swift:93)
✔ Test testSetInstrumentPathNotInCacheReturnsPathNotInLibrary() passed after 1.613 seconds.
◇ Test testSetInstrumentFolderPathFailsClosedBeforeAXNav() started.
[2026-07-16T10:54:03.052Z] [WARN] [process] '/usr/bin/osascript' exceeded 1.0s timeout (pid 65900); sending SIGTERM (BoundedProcessRunner.swift:93)
✔ Test testSetInstrumentFolderPathFailsClosedBeforeAXNav() passed after 1.566 seconds.
◇ Test testLibraryPanelOpenUsesAXViewLibraryMenu() started.
[2026-07-16T10:54:04.618Z] [WARN] [process] '/usr/bin/osascript' exceeded 1.0s timeout (pid 66028); sending SIGTERM (BoundedProcessRunner.swift:93)
✔ Test testLibraryPanelOpenUsesAXViewLibraryMenu() passed after 1.374 seconds.
◇ Test testSetInstrumentReopensPanelLeftClosedByFailedNav() started.
[2026-07-16T10:54:05.995Z] [WARN] [process] '/usr/bin/osascript' exceeded 1.0s timeout (pid 66033); sending SIGTERM (BoundedProcessRunner.swift:93)
[2026-07-16T10:54:07.589Z] [WARN] [process] '/usr/bin/osascript' exceeded 1.0s timeout (pid 66040); sending SIGTERM (BoundedProcessRunner.swift:93)
✔ Test testSetInstrumentReopensPanelLeftClosedByFailedNav() passed after 4.807 seconds.
◇ Test testSetInstrumentNavFailureNeverRetogglesAnAlreadyOpenPanel() started.
[2026-07-16T10:54:10.803Z] [WARN] [process] '/usr/bin/osascript' exceeded 1.0s timeout (pid 66043); sending SIGTERM (BoundedProcessRunner.swift:93)
[2026-07-16T10:54:12.401Z] [WARN] [process] '/usr/bin/osascript' exceeded 1.0s timeout (pid 66068); sending SIGTERM (BoundedProcessRunner.swift:93)
✔ Test testSetInstrumentNavFailureNeverRetogglesAnAlreadyOpenPanel() passed after 4.424 seconds.
◇ Test testAccessibilityChannelAXBackedTrackErrorPaths() started.
[2026-07-16T10:54:16.074Z] [WARN] [process] '/usr/bin/osascript' exceeded 1.0s timeout (pid 66215); sending SIGTERM (BoundedProcessRunner.swift:93)
✔ Test testAccessibilityChannelAXBackedTrackErrorPaths() passed after 2.520 seconds.
◇ Test testAccessibilityChannelAXBackedMixerAndProjectDefaultsUseFakeAXTree() started.
✔ Test testAccessibilityChannelAXBackedMixerAndProjectDefaultsUseFakeAXTree() passed after 1.191 seconds.
◇ Test testAccessibilityChannelMixerNormalizesLogic12SliderRanges() started.
✔ Test testAccessibilityChannelMixerNormalizesLogic12SliderRanges() passed after 0.001 seconds.
◇ Test testAccessibilityChannelMixerWritesUseLogic12RawSliderRanges() started.
✔ Test testAccessibilityChannelMixerWritesUseLogic12RawSliderRanges() passed after 1.217 seconds.
◇ Test testAccessibilityChannelMixerPopulatesAXPluginSlotsAndSource() started.
✔ Test testAccessibilityChannelMixerPopulatesAXPluginSlotsAndSource() passed after 0.002 seconds.
◇ Test testAccessibilityChannelInsertPluginRejectsOccupiedSlotBeforeMenuSelection() started.
✔ Test testAccessibilityChannelInsertPluginRejectsOccupiedSlotBeforeMenuSelection() passed after 0.001 seconds.
◇ Test testAccessibilityChannelInsertPluginVerifiesSlotAfterMenuSelection() started.
✔ Test testAccessibilityChannelInsertPluginVerifiesSlotAfterMenuSelection() passed after 0.322 seconds.
◇ Test testAccessibilityChannelInsertPluginRollsBackWhenReadbackUnavailable() started.
✔ Test testAccessibilityChannelInsertPluginRollsBackWhenReadbackUnavailable() passed after 0.485 seconds.
◇ Test testAccessibilityChannelAXBackedMixerAndProjectErrorPaths() started.
✔ Test testAccessibilityChannelAXBackedMixerAndProjectErrorPaths() passed after 0.001 seconds.
◇ Test "library.scan_all and plugin.scan_presets are mutually exclusive (restored cross-flag guard)" started.
[2026-07-16T10:54:19.969Z] [INFO] [ax] scan_all: entering runLiveScan (AccessibilityChannel.swift:675)
[2026-07-16T10:54:19.969Z] [INFO] [ax] scan_all: preflight OK in 0ms (AccessibilityChannel.swift:694)
[2026-07-16T10:54:21.572Z] [WARN] [process] '/usr/bin/osascript' exceeded 1.0s timeout (pid 66219); sending SIGTERM (BoundedProcessRunner.swift:93)
[2026-07-16T10:54:24.705Z] [WARN] [process] '/usr/bin/osascript' exceeded 1.0s timeout (pid 66245); sending SIGTERM (BoundedProcessRunner.swift:93)
✔ Test "library.scan_all and plugin.scan_presets are mutually exclusive (restored cross-flag guard)" passed after 6.497 seconds.
◇ Suite "Adversarial dispatcher validation" started.
◇ Test "transport malformed semantic params fail closed" started.
✔ Test "transport malformed semantic params fail closed" passed after 0.002 seconds.
◇ Test "mixer malformed numeric params fail closed" started.
✔ Test "mixer malformed numeric params fail closed" passed after 0.003 seconds.
◇ Test "MIDI malformed send params fail closed" started.
✔ Test "MIDI malformed send params fail closed" passed after 0.014 seconds.
◇ Test "track malformed params fail closed" started.
✔ Test "track malformed params fail closed" passed after 0.002 seconds.
◇ Test "navigate malformed params fail closed" started.
✔ Test "navigate malformed params fail closed" passed after 0.001 seconds.
✔ Suite "Adversarial dispatcher validation" passed after 0.025 seconds.
◇ Test testAppleScriptProjectNewReturnsHCEnvelope() started.
✔ Test testAppleScriptProjectNewReturnsHCEnvelope() passed after 0.001 seconds.
◇ Test testAppleScriptProjectCloseEnvelopeIncludesSavingExtra() started.
✔ Test testAppleScriptProjectCloseEnvelopeIncludesSavingExtra() passed after 0.001 seconds.
◇ Test testAppleScriptTransportStopReturnsHCEnvelope() started.
✔ Test testAppleScriptTransportStopReturnsHCEnvelope() passed after 0.001 seconds.
◇ Test testAppleScriptErrorPathStaysFreeText() started.
✔ Test testAppleScriptErrorPathStaysFreeText() passed after 0.001 seconds.
◇ Test testAppleScriptWrapperSkipsAlreadyEnvelopedSuccess() started.
✔ Test testAppleScriptWrapperSkipsAlreadyEnvelopedSuccess() passed after 0.001 seconds.
◇ Test testHonestContractEnvelopeDetectorRecognisesAllStates() started.
✔ Test testHonestContractEnvelopeDetectorRecognisesAllStates() passed after 0.001 seconds.
◇ Test testAppleScriptHealthReflectsRunningState() started.
✔ Test testAppleScriptHealthReflectsRunningState() passed after 0.001 seconds.
◇ Test testAppleScriptHealthFailsWhenProbeFailsEvenIfLogicIsRunning() started.
✔ Test testAppleScriptHealthFailsWhenProbeFailsEvenIfLogicIsRunning() passed after 0.001 seconds.
◇ Test testAppleScriptUnsupportedOperationFails() started.
✔ Test testAppleScriptUnsupportedOperationFails() passed after 0.001 seconds.
◇ Test testAppleScriptProjectOpenRequiresPath() started.
✔ Test testAppleScriptProjectOpenRequiresPath() passed after 0.001 seconds.
◇ Test testAppleScriptProjectOpenUsesInjectedWorkspaceOpenResult() started.
✔ Test testAppleScriptProjectOpenUsesInjectedWorkspaceOpenResult() passed after 0.001 seconds.
◇ Test testAppleScriptProjectOpenRetriesAfterClosingCurrentDocument() started.
✔ Test testAppleScriptProjectOpenRetriesAfterClosingCurrentDocument() passed after 0.001 seconds.
◇ Test testAppleScriptProjectOpenRefusesToCloseUntitledCurrentDocumentOnRetry() started.
✔ Test testAppleScriptProjectOpenRefusesToCloseUntitledCurrentDocumentOnRetry() passed after 0.001 seconds.
◇ Test testAppleScriptProjectOpenRestoresPreviousSavedProjectAfterRetryFailure() started.
✔ Test testAppleScriptProjectOpenRestoresPreviousSavedProjectAfterRetryFailure() passed after 0.001 seconds.
◇ Test testNormalizedAppleScriptResultPreservesIdentityDelimiters() started.
✔ Test testNormalizedAppleScriptResultPreservesIdentityDelimiters() passed after 0.001 seconds.
◇ Test testIdentityReadbackSurvivesRealSanitizerPipeline() started.
✔ Test testIdentityReadbackSurvivesRealSanitizerPipeline() passed after 0.001 seconds.
◇ Test testProjectNewYieldsStateAThroughRealSanitizer() started.
✔ Test testProjectNewYieldsStateAThroughRealSanitizer() passed after 0.001 seconds.
◇ Test testAppleScriptProjectCommandsGenerateExpectedScripts() started.
✔ Test testAppleScriptProjectCommandsGenerateExpectedScripts() passed after 0.001 seconds.
◇ Test testAppleScriptSaveAsRejectsAbsoluteTraversalBeforeScript() started.
✔ Test testAppleScriptSaveAsRejectsAbsoluteTraversalBeforeScript() passed after 0.001 seconds.
◇ Test testAppleScriptSaveAsReturnsVerifiedWhenPackageExists() started.
✔ Test testAppleScriptSaveAsReturnsVerifiedWhenPackageExists() passed after 0.001 seconds.
◇ Test testAppleScriptSaveAsErrorsWhenPackageMissingAfterScriptSuccess() started.
✔ Test testAppleScriptSaveAsErrorsWhenPackageMissingAfterScriptSuccess() passed after 0.001 seconds.
◇ Test testAppleScriptSaveAsErrorsWhenExistingPackageMtimeDoesNotAdvance() started.
✔ Test testAppleScriptSaveAsErrorsWhenExistingPackageMtimeDoesNotAdvance() passed after 0.001 seconds.
◇ Test testAppleScriptTransportCommandsGenerateExpectedScripts() started.
✔ Test testAppleScriptTransportCommandsGenerateExpectedScripts() passed after 0.001 seconds.
◇ Test testAppleScriptTransportRejectsUnsupportedPauseCommand() started.
✔ Test testAppleScriptTransportRejectsUnsupportedPauseCommand() passed after 0.001 seconds.
◇ Test testAppleScriptExecutePropagatesScriptErrors() started.
✔ Test testAppleScriptExecutePropagatesScriptErrors() passed after 0.001 seconds.
◇ Test testAppleScriptStartAndStopDoNotThrow() started.
[2026-07-16T10:54:26.499Z] [INFO] [appleScript] AppleScript channel started (AppleScriptChannel.swift:85)
[2026-07-16T10:54:26.499Z] [INFO] [appleScript] AppleScript channel stopped (AppleScriptChannel.swift:89)
✔ Test testAppleScriptStartAndStopDoNotThrow() passed after 0.001 seconds.
◇ Test testAppleScriptEscapeJSONEscapesControlCharacters() started.
✔ Test testAppleScriptEscapeJSONEscapesControlCharacters() passed after 0.001 seconds.
◇ Test testAppleScriptExecuteReturnsInjectedJSONResult() started.
✔ Test testAppleScriptExecuteReturnsInjectedJSONResult() passed after 0.001 seconds.
◇ Test testAppleScriptExecuteAppleScriptSurfacesCompileErrors() started.
[2026-07-16T10:54:26.548Z] [ERROR] [appleScript] AppleScript child process failed: completed(LogicProMCP.BoundedProcessRunner.Output(exitCode: 1, stdout: "", stderr: "12:29: syntax error: 속성은(는) 이 식별자 뒤에 올 수 없습니다. (-2740)\n", stdoutTruncated: false, stderrTruncated: false)) (AppleScriptChannel.swift:492)
[2026-07-16T10:54:26.548Z] [ERROR] [appleScript] AppleScript error: AppleScript error: 12:29: syntax error: 속성은(는) 이 식별자 뒤에 올 수 없습니다. (-2740) (AppleScriptChannel.swift:493)
✔ Test testAppleScriptExecuteAppleScriptSurfacesCompileErrors() passed after 0.048 seconds.
◇ Test testCurrentDocumentPath_parseEmpty_returnsNil() started.
✔ Test testCurrentDocumentPath_parseEmpty_returnsNil() passed after 0.001 seconds.
◇ Test testCurrentDocumentPath_parseTrimmed_returnsTrimmed() started.
✔ Test testCurrentDocumentPath_parseTrimmed_returnsTrimmed() passed after 0.001 seconds.
◇ Test testCurrentDocumentPath_parseError_returnsNil() started.
✔ Test testCurrentDocumentPath_parseError_returnsNil() passed after 0.001 seconds.
◇ Test testCurrentDocumentPath_parseNonAbsoluteToken_returnsNil() started.
✔ Test testCurrentDocumentPath_parseNonAbsoluteToken_returnsNil() passed after 0.001 seconds.
◇ Test testCurrentDocumentPathScript_isStableShape() started.
✔ Test testCurrentDocumentPathScript_isStableShape() passed after 0.001 seconds.
◇ Test testCurrentDocumentIdentity_parseUntitledDocument_returnsNameWithoutPath() started.
✔ Test testCurrentDocumentIdentity_parseUntitledDocument_returnsNameWithoutPath() passed after 0.001 seconds.
◇ Test testCurrentDocumentIdentity_parseTitledDocument_returnsPathAndName() started.
✔ Test testCurrentDocumentIdentity_parseTitledDocument_returnsPathAndName() passed after 0.001 seconds.
◇ Test testCurrentDocumentIdentity_parseBlank_returnsNil() started.
✔ Test testCurrentDocumentIdentity_parseBlank_returnsNil() passed after 0.001 seconds.
◇ Test testAppleScriptSaveOnUntitledDocumentFailsFastWithoutFiringScript() started.
✔ Test testAppleScriptSaveOnUntitledDocumentFailsFastWithoutFiringScript() passed after 0.001 seconds.
◇ Test testAppleScriptSaveOnEmptyPathDocumentFailsFast() started.
✔ Test testAppleScriptSaveOnEmptyPathDocumentFailsFast() passed after 0.001 seconds.
◇ Test testAppleScriptSaveOnTitledDocumentFiresSaveScript() started.
✔ Test testAppleScriptSaveOnTitledDocumentFiresSaveScript() passed after 0.001 seconds.
◇ Test testUntitledSaveFailFast_deterministicTriState() started.
✔ Test testUntitledSaveFailFast_deterministicTriState() passed after 0.001 seconds.
◇ Test testAppleScriptProjectNewAttachesObservedName() started.
✔ Test testAppleScriptProjectNewAttachesObservedName() passed after 0.001 seconds.
◇ Test testAppleScriptProjectNewFailsWhenFrontDocumentIdentityDoesNotChange() started.
✔ Test testAppleScriptProjectNewFailsWhenFrontDocumentIdentityDoesNotChange() passed after 0.001 seconds.
◇ Test testNewProjectExtras_deterministic() started.
✔ Test testNewProjectExtras_deterministic() passed after 0.001 seconds.
◇ Test appleScriptClassifierParityWithRegionDragSpikeSource() started.
✔ Test appleScriptClassifierParityWithRegionDragSpikeSource() passed after 0.002 seconds.
◇ Test testAudioAnalyzerValidWAVSchemaAndMeasurements() started.
2026-07-16 19:54:26.564 swiftpm-testing-helper[65118:99121059] Audio files cannot be non-interleaved. Ignoring setting AVLinearPCMIsNonInterleaved YES.
✔ Test testAudioAnalyzerValidWAVSchemaAndMeasurements() passed after 0.015 seconds.
◇ Test testAudioAnalyzerRejectsUnsafeAndUnsupportedPaths() started.
✔ Test testAudioAnalyzerRejectsUnsafeAndUnsupportedPaths() passed after 0.001 seconds.
◇ Test testAudioAnalyzerPolicyFlagsSilenceClippingAndDuration() started.
2026-07-16 19:54:26.569 swiftpm-testing-helper[65118:99122158] Audio files cannot be non-interleaved. Ignoring setting AVLinearPCMIsNonInterleaved YES.
2026-07-16 19:54:26.574 swiftpm-testing-helper[65118:99122158] Audio files cannot be non-interleaved. Ignoring setting AVLinearPCMIsNonInterleaved YES.
2026-07-16 19:54:26.577 swiftpm-testing-helper[65118:99122158] Audio files cannot be non-interleaved. Ignoring setting AVLinearPCMIsNonInterleaved YES.
✔ Test testAudioAnalyzerPolicyFlagsSilenceClippingAndDuration() passed after 0.011 seconds.
◇ Test testAudioAnalyzerRejectsOutputRootEscapesAndZeroLength() started.
2026-07-16 19:54:26.581 swiftpm-testing-helper[65118:99120375] Audio files cannot be non-interleaved. Ignoring setting AVLinearPCMIsNonInterleaved YES.
✔ Test testAudioAnalyzerRejectsOutputRootEscapesAndZeroLength() passed after 0.003 seconds.
◇ Test testAudioAnalyzerRejectsFilesystemRootOutputRoot() started.
2026-07-16 19:54:26.584 swiftpm-testing-helper[65118:99120375] Audio files cannot be non-interleaved. Ignoring setting AVLinearPCMIsNonInterleaved YES.
✔ Test testAudioAnalyzerRejectsFilesystemRootOutputRoot() passed after 0.001 seconds.
◇ Test testAudioAnalyzerRejectsSymlinkSwappedOutputRoot() started.
2026-07-16 19:54:26.586 swiftpm-testing-helper[65118:99120375] Audio files cannot be non-interleaved. Ignoring setting AVLinearPCMIsNonInterleaved YES.
✔ Test testAudioAnalyzerRejectsSymlinkSwappedOutputRoot() passed after 0.002 seconds.
◇ Test testAudioAnalyzerRejectsInputsAboveConfiguredWorkCaps() started.
2026-07-16 19:54:26.589 swiftpm-testing-helper[65118:99120375] Audio files cannot be non-interleaved. Ignoring setting AVLinearPCMIsNonInterleaved YES.
✔ Test testAudioAnalyzerRejectsInputsAboveConfiguredWorkCaps() passed after 0.002 seconds.
◇ Test testAudioDispatcherAnalyzeFileReturnsJSONAndErrorsOnFailedVerification() started.
2026-07-16 19:54:26.592 swiftpm-testing-helper[65118:99120375] Audio files cannot be non-interleaved. Ignoring setting AVLinearPCMIsNonInterleaved YES.
✔ Test testAudioDispatcherAnalyzeFileReturnsJSONAndErrorsOnFailedVerification() passed after 0.004 seconds.
◇ Test testAudioAnalyzerConstantAmplitudePinsDbfsFormula() started.
2026-07-16 19:54:26.597 swiftpm-testing-helper[65118:99120375] Audio files cannot be non-interleaved. Ignoring setting AVLinearPCMIsNonInterleaved YES.
✔ Test testAudioAnalyzerConstantAmplitudePinsDbfsFormula() passed after 0.003 seconds.
◇ Test testAudioAnalyzerReportsTrueOverUnityPeakAboveZeroDbfs() started.
2026-07-16 19:54:26.600 swiftpm-testing-helper[65118:99120375] Audio files cannot be non-interleaved. Ignoring setting AVLinearPCMIsNonInterleaved YES.
✔ Test testAudioAnalyzerReportsTrueOverUnityPeakAboveZeroDbfs() passed after 0.003 seconds.
◇ Test testAudioAnalyzerMonoRmsMatchesConstant() started.
✔ Test testAudioAnalyzerMonoRmsMatchesConstant() passed after 0.002 seconds.
◇ Test testAudioAnalyzerAsymmetricChannelsAverageRmsAcrossChannels() started.
2026-07-16 19:54:26.606 swiftpm-testing-helper[65118:99121059] Audio files cannot be non-interleaved. Ignoring setting AVLinearPCMIsNonInterleaved YES.
✔ Test testAudioAnalyzerAsymmetricChannelsAverageRmsAcrossChannels() passed after 0.003 seconds.
◇ Test testAudioAnalyzerVerificationReasonCodes() started.
2026-07-16 19:54:26.610 swiftpm-testing-helper[65118:99121059] Audio files cannot be non-interleaved. Ignoring setting AVLinearPCMIsNonInterleaved YES.
✔ Test testAudioAnalyzerVerificationReasonCodes() passed after 0.008 seconds.
◇ Test testAudioAnalyzerErrorReasonCodes() started.
✔ Test testAudioAnalyzerErrorReasonCodes() passed after 0.004 seconds.
◇ Test testAudioAnalyzerReasonsAreCodeOnlyWithDetailOnErrorPath() started.
✔ Test testAudioAnalyzerReasonsAreCodeOnlyWithDetailOnErrorPath() passed after 0.001 seconds.
◇ Test testAudioAnalyzerExistsHonestForPresentButUnanalyzableFiles() started.
✔ Test testAudioAnalyzerExistsHonestForPresentButUnanalyzableFiles() passed after 0.001 seconds.
◇ Test testAudioAnalyzerICloudMatchByExtensionNotSubstring() started.
✔ Test testAudioAnalyzerICloudMatchByExtensionNotSubstring() passed after 0.001 seconds.
◇ Test testAudioAnalyzerAcceptsAiffAndNormalizesUppercaseExtension() started.
2026-07-16 19:54:26.625 swiftpm-testing-helper[65118:99120375] Audio files cannot be non-interleaved. Ignoring setting AVLinearPCMIsNonInterleaved YES.
2026-07-16 19:54:26.632 swiftpm-testing-helper[65118:99120375] Audio files cannot be non-interleaved. Ignoring setting AVLinearPCMIsNonInterleaved YES.
✔ Test testAudioAnalyzerAcceptsAiffAndNormalizesUppercaseExtension() passed after 0.010 seconds.
◇ Test testAudioAnalyzerZeroFrameDecodableFileTripsDecodeGuard() started.
2026-07-16 19:54:26.636 swiftpm-testing-helper[65118:99120375] Audio files cannot be non-interleaved. Ignoring setting AVLinearPCMIsNonInterleaved YES.
✔ Test testAudioAnalyzerZeroFrameDecodableFileTripsDecodeGuard() passed after 0.001 seconds.
◇ Test testAudioDispatcherEmptyPathReturnsError() started.
✔ Test testAudioDispatcherEmptyPathReturnsError() passed after 0.001 seconds.
◇ Test testAudioDispatcherUnknownCommandReturnsError() started.
✔ Test testAudioDispatcherUnknownCommandReturnsError() passed after 0.001 seconds.
◇ Test testAudioDispatcherSuccessPathOnLoudTone() started.
2026-07-16 19:54:26.637 swiftpm-testing-helper[65118:99120375] Audio files cannot be non-interleaved. Ignoring setting AVLinearPCMIsNonInterleaved YES.
✔ Test testAudioDispatcherSuccessPathOnLoudTone() passed after 0.003 seconds.
◇ Test testAudioDispatcherAliasParamsAreParsed() started.
2026-07-16 19:54:26.642 swiftpm-testing-helper[65118:99121059] Audio files cannot be non-interleaved. Ignoring setting AVLinearPCMIsNonInterleaved YES.
✔ Test testAudioDispatcherAliasParamsAreParsed() passed after 0.004 seconds.
◇ Test testAudioDispatcherOutputRootNonStringFailsClosed() started.
2026-07-16 19:54:26.646 swiftpm-testing-helper[65118:99121059] Audio files cannot be non-interleaved. Ignoring setting AVLinearPCMIsNonInterleaved YES.
✔ Test testAudioDispatcherOutputRootNonStringFailsClosed() passed after 0.002 seconds.
◇ Test testAudioDispatcherClampsPositiveNearSilenceThreshold() started.
2026-07-16 19:54:26.648 swiftpm-testing-helper[65118:99121059] Audio files cannot be non-interleaved. Ignoring setting AVLinearPCMIsNonInterleaved YES.
✔ Test testAudioDispatcherClampsPositiveNearSilenceThreshold() passed after 0.003 seconds.
◇ Suite "Backward compatibility regression — v3.1.4 send_cc call shape" started.
◇ Test "send_cc {controller, value, channel} matches prior v3.1.4 wire + response" started.
✔ Test "send_cc {controller, value, channel} matches prior v3.1.4 wire + response" passed after 0.001 seconds.
✔ Suite "Backward compatibility regression — v3.1.4 send_cc call shape" passed after 0.001 seconds.
◇ Suite "BoundedProcessRunner" started.
◇ Test normalCompletionCapturesStdoutAndExitCode() started.
✔ Test normalCompletionCapturesStdoutAndExitCode() passed after 0.002 seconds.
◇ Test nonZeroExitStillCompletes() started.
✔ Test nonZeroExitStillCompletes() passed after 0.004 seconds.
◇ Test slowChildTimesOut() started.
[2026-07-16T10:54:26.962Z] [WARN] [process] '/bin/sleep' exceeded 0.3s timeout (pid 66407); sending SIGTERM (BoundedProcessRunner.swift:93)
✔ Test slowChildTimesOut() passed after 0.303 seconds.
◇ Test sigtermIgnoringChildIsEscalatedToSIGKILL() started.
[2026-07-16T10:54:27.269Z] [WARN] [process] '/bin/sh' exceeded 0.3s timeout (pid 66408); sending SIGTERM (BoundedProcessRunner.swift:93)
[2026-07-16T10:54:27.470Z] [ERROR] [process] '/bin/sh' (pid 66408) ignored SIGTERM after 0.2s; escalating to SIGKILL (BoundedProcessRunner.swift:100)
✔ Test sigtermIgnoringChildIsEscalatedToSIGKILL() passed after 4.330 seconds.
◇ Test largeStdoutDoesNotDeadlock() started.
✔ Test largeStdoutDoesNotDeadlock() passed after 0.090 seconds.
◇ Test stdoutIsTruncatedAtOutputLimit() started.
✔ Test stdoutIsTruncatedAtOutputLimit() passed after 0.030 seconds.
◇ Test missingExecutableFailsToSpawn() started.
✔ Test missingExecutableFailsToSpawn() passed after 0.013 seconds.
✔ Suite "BoundedProcessRunner" passed after 4.778 seconds.
◇ Test testCGEventGotoPositionSequenceForBarFormat() started.
✔ Test testCGEventGotoPositionSequenceForBarFormat() passed after 0.001 seconds.
◇ Test testCGEventGotoPositionSequenceForTimecode() started.
✔ Test testCGEventGotoPositionSequenceForTimecode() passed after 0.001 seconds.
◇ Test testCGEventGotoPositionSequenceRejectsUnsupportedCharacters() started.
✔ Test testCGEventGotoPositionSequenceRejectsUnsupportedCharacters() passed after 0.001 seconds.
◇ Test testCGEventKeyStrokeMapsSupportedCharacters() started.
✔ Test testCGEventKeyStrokeMapsSupportedCharacters() passed after 0.001 seconds.
◇ Test testCGEventHealthReflectsRuntimeState() started.
✔ Test testCGEventHealthReflectsRuntimeState() passed after 0.001 seconds.
◇ Test testCGEventExecuteRequiresRunningLogicProProcess() started.
✔ Test testCGEventExecuteRequiresRunningLogicProProcess() passed after 0.001 seconds.
◇ Test testCGEventExecuteRejectsUnknownOperation() started.
✔ Test testCGEventExecuteRejectsUnknownOperation() passed after 0.001 seconds.
◇ Test testCGEventExecutePostsMappedShortcut() started.
✔ Test testCGEventExecutePostsMappedShortcut() passed after 0.001 seconds.
◇ Test testCGEventExecuteReportsPostingFailure() started.
✔ Test testCGEventExecuteReportsPostingFailure() passed after 0.001 seconds.
◇ Test testCGEventExecuteRejectsUnsupportedGotoFormat() started.
✔ Test testCGEventExecuteRejectsUnsupportedGotoFormat() passed after 0.001 seconds.
◇ Test testCGEventExecutePostsGotoPositionSequence() started.
✔ Test testCGEventExecutePostsGotoPositionSequence() passed after 0.001 seconds.
◇ Test testCGEventExecuteSupportsTimeAliasAndDefaultPosition() started.
✔ Test testCGEventExecuteSupportsTimeAliasAndDefaultPosition() passed after 0.001 seconds.
◇ Test testCGEventExecuteReportsGotoPositionPostingFailure() started.
✔ Test testCGEventExecuteReportsGotoPositionPostingFailure() passed after 0.001 seconds.
◇ Test testCGEventExecuteReportsGotoPositionFailureOnFirstShortcut() started.
✔ Test testCGEventExecuteReportsGotoPositionFailureOnFirstShortcut() passed after 0.001 seconds.
◇ Test testCGEventStartReturnsWithoutThrowingInBothRuntimeStates() started.
[2026-07-16T10:54:31.440Z] [WARN] [cgEvent] Logic Pro not running at CGEvent channel start (CGEventChannel.swift:123)
[2026-07-16T10:54:31.440Z] [INFO] [cgEvent] CGEvent channel started (CGEventChannel.swift:126)
✔ Test testCGEventStartReturnsWithoutThrowingInBothRuntimeStates() passed after 0.001 seconds.
◇ Test testCGEventProductionRuntimeSmokeExecutesWithoutCrash() started.
✔ Test testCGEventProductionRuntimeSmokeExecutesWithoutCrash() passed after 0.024 seconds.
◇ Test testProjectNewCGEventPostsCmdN() started.
✔ Test testProjectNewCGEventPostsCmdN() passed after 0.001 seconds.
◇ Test testProjectNewRoutingPrefersAppleScriptWithCGEventFallback() started.
✔ Test testProjectNewRoutingPrefersAppleScriptWithCGEventFallback() passed after 0.001 seconds.
◇ Suite "ADR-013 Channel EQ" started.
◇ Test absentEQRejectsBandWrite() started.
✔ Test absentEQRejectsBandWrite() passed after 0.048 seconds.
◇ Test coordinateOnlyPlaneIsNeverPublic() started.
✔ Test coordinateOnlyPlaneIsNeverPublic() passed after 0.001 seconds.
◇ Test bandAndParameterRangesFailClosed() started.
✔ Test bandAndParameterRangesFailClosed() passed after 0.001 seconds.
◇ Test staleEpochRejectsBandWrite() started.
✔ Test staleEpochRejectsBandWrite() passed after 0.001 seconds.
◇ Test validPresentBandWritePassesPreflight() started.
✔ Test validPresentBandWritePassesPreflight() passed after 0.001 seconds.
◇ Test sagaRequiresFullBeforeSnapshotAndVerifiedRestore() started.
✔ Test sagaRequiresFullBeforeSnapshotAndVerifiedRestore() passed after 0.001 seconds.
◇ Test comparisonReportsExactChangedBandParameters() started.
✔ Test comparisonReportsExactChangedBandParameters() passed after 0.001 seconds.
◇ Test stateEnforcesEightBandsAndCompleteReasonInvariant() started.
✔ Test stateEnforcesEightBandsAndCompleteReasonInvariant() passed after 0.002 seconds.
◇ Test adr013FeatureFlagDefaultsToFalse() started.
✔ Test adr013FeatureFlagDefaultsToFalse() passed after 0.001 seconds.
✔ Suite "ADR-013 Channel EQ" passed after 0.056 seconds.
◇ Test testCGEventMappedShortcutReturnsHCEnvelope() started.
✔ Test testCGEventMappedShortcutReturnsHCEnvelope() passed after 0.001 seconds.
◇ Test testCGEventGotoPositionReturnsHCEnvelopeWithPosition() started.
✔ Test testCGEventGotoPositionReturnsHCEnvelopeWithPosition() passed after 0.001 seconds.
◇ Test testCGEventErrorPathStaysFreeText() started.
✔ Test testCGEventErrorPathStaysFreeText() passed after 0.001 seconds.
◇ Test testMIDIKeyCommandSuccessReturnsHCEnvelope() started.
✔ Test testMIDIKeyCommandSuccessReturnsHCEnvelope() passed after 0.079 seconds.
◇ Test testMIDIKeyCommandErrorPathStaysFreeText() started.
✔ Test testMIDIKeyCommandErrorPathStaysFreeText() passed after 0.001 seconds.
◇ Test testChannelIDEnumContainsNewCases() started.
✔ Test testChannelIDEnumContainsNewCases() passed after 0.001 seconds.
◇ Test testChannelIDNoOSC() started.
✔ Test testChannelIDNoOSC() passed after 0.001 seconds.
◇ Test testBypassReadinessOpsContainsAllSevenKeycmdOps() started.
✔ Test testBypassReadinessOpsContainsAllSevenKeycmdOps() passed after 0.001 seconds.
◇ Test testBypassOpsRouteThroughManualValidationChannel() started.
✔ Test testBypassOpsRouteThroughManualValidationChannel() passed after 0.001 seconds.
◇ Test testBypassOpsRejectedWhenChannelUnavailable() started.
✔ Test testBypassOpsRejectedWhenChannelUnavailable() passed after 0.001 seconds.
◇ Test testNonBypassOpUsesStandardReadinessGate() started.
✔ Test testNonBypassOpUsesStandardReadinessGate() passed after 0.001 seconds.
◇ Test testPortUnavailableEnvelopeIncludesHintFromHealth() started.
✔ Test testPortUnavailableEnvelopeIncludesHintFromHealth() passed after 0.001 seconds.
◇ Test testPortUnavailableEnvelopeIncludesOperationInExtras() started.
✔ Test testPortUnavailableEnvelopeIncludesOperationInExtras() passed after 0.001 seconds.
◇ Test testPortUnavailableTerminalDoesNotFallthrough() started.
✔ Test testPortUnavailableTerminalDoesNotFallthrough() passed after 0.001 seconds.
◇ Test testRoutingTableInvariantBypassMatchesKeycmdSuffix() started.
✔ Test testRoutingTableInvariantBypassMatchesKeycmdSuffix() passed after 0.001 seconds.
◇ Test testBypassOpsDoesNotAffectOtherChannelsRouting() started.
✔ Test testBypassOpsDoesNotAffectOtherChannelsRouting() passed after 0.001 seconds.
◇ Test testRouterMixerWritePrefersAccessibilityForVerifiedReadback() started.
✔ Test testRouterMixerWritePrefersAccessibilityForVerifiedReadback() passed after 0.001 seconds.
◇ Test testRouterEditGoesToKeyCmd() started.
✔ Test testRouterEditGoesToKeyCmd() passed after 0.001 seconds.
◇ Test testRouterEditFallbackCGEvent() started.
✔ Test testRouterEditFallbackCGEvent() passed after 0.001 seconds.
◇ Test testRouterTransportFallsBackToAppleScript() started.
✔ Test testRouterTransportFallsBackToAppleScript() passed after 0.001 seconds.
◇ Test testRouterTransportPlayFallsBackToAppleScriptAfterAXLookupMiss() started.
✔ Test testRouterTransportPlayFallsBackToAppleScriptAfterAXLookupMiss() passed after 0.001 seconds.
◇ Test testRouterSkipsManualValidationChannelsAndFallsBackToRuntimeReadyChannel() started.
✔ Test testRouterSkipsManualValidationChannelsAndFallsBackToRuntimeReadyChannel() passed after 0.001 seconds.
◇ Test testRouterSetTempoRoutesOnlyToAccessibility() started.
✔ Test testRouterSetTempoRoutesOnlyToAccessibility() passed after 0.001 seconds.
◇ Test testRouterMixerNoFallback() started.
✔ Test testRouterMixerNoFallback() passed after 0.001 seconds.
◇ Test testRouterNewCommandSetPluginParam() started.
✔ Test testRouterNewCommandSetPluginParam() passed after 0.001 seconds.
◇ Test testRouterNewCommandStepInput() started.
✔ Test testRouterNewCommandStepInput() passed after 0.001 seconds.
◇ Test testRouterNewCommandSetAutomation() started.
✔ Test testRouterNewCommandSetAutomation() passed after 0.001 seconds.
◇ Test testProjectBouncePrefersNativeAccessibilityMenu() started.
✔ Test testProjectBouncePrefersNativeAccessibilityMenu() passed after 0.001 seconds.
◇ Test testRouterAllOperationsHaveChannel() started.
✔ Test testRouterAllOperationsHaveChannel() passed after 0.001 seconds.
◇ Test testTerminalStateCDoesNotFallThrough() started.
✔ Test testTerminalStateCDoesNotFallThrough() passed after 0.001 seconds.
◇ Test testNonTerminalStateCStillFallsThrough() started.
✔ Test testNonTerminalStateCStillFallsThrough() passed after 0.001 seconds.
◇ Test testVerifiedSetParamReadbackMismatchSurfacesVerbatimNotChannelsExhausted() started.
✔ Test testVerifiedSetParamReadbackMismatchSurfacesVerbatimNotChannelsExhausted() passed after 0.001 seconds.
◇ Test testVerifiedSetParamAxWriteFailedSurfacesVerbatimNotChannelsExhausted() started.
✔ Test testVerifiedSetParamAxWriteFailedSurfacesVerbatimNotChannelsExhausted() passed after 0.001 seconds.
◇ Test testVerifiedInsertReadbackMismatchSurfacesVerbatim() started.
✔ Test testVerifiedInsertReadbackMismatchSurfacesVerbatim() passed after 0.001 seconds.
◇ Test testSingleChannelFreeFormErrorStillWrapsAsChannelsExhausted() started.
✔ Test testSingleChannelFreeFormErrorStillWrapsAsChannelsExhausted() passed after 0.001 seconds.
◇ Test testFreeFormErrorStillFallsThrough() started.
✔ Test testFreeFormErrorStillFallsThrough() passed after 0.001 seconds.
◇ Test testTransportToggleAXButtonMissFallsThroughToKeyCmd() started.
✔ Test testTransportToggleAXButtonMissFallsThroughToKeyCmd() passed after 0.001 seconds.
◇ Test testTransportToggleCyclePrefersKeyCmdBeforeMCUAfterAXButtonMiss() started.
✔ Test testTransportToggleCyclePrefersKeyCmdBeforeMCUAfterAXButtonMiss() passed after 0.001 seconds.
◇ Test testRouterStartAllReportsChannelFailures() started.
[2026-07-16T10:54:31.623Z] [INFO] [router] Channel CoreMIDI started (ChannelRouter.swift:75)
[2026-07-16T10:54:31.624Z] [WARN] [router] Channel AppleScript failed to start: startupFailed (ChannelRouter.swift:78)
✔ Test testRouterStartAllReportsChannelFailures() passed after 0.001 seconds.
◇ Test testRouterStartAllTreatsOptionalStartupFailureAsDegraded() started.
[2026-07-16T10:54:31.625Z] [WARN] [router] Channel Accessibility failed to start: startupFailed (ChannelRouter.swift:78)
✔ Test testRouterStartAllTreatsOptionalStartupFailureAsDegraded() passed after 0.001 seconds.
◇ Test testRouterStopAllCanSkipAccessibilityDuringForcedShutdown() started.
✔ Test testRouterStopAllCanSkipAccessibilityDuringForcedShutdown() passed after 0.077 seconds.
◇ Suite "Cleanup execution" started.
◇ Test testCleanupApplyRenameReachesStateAOnVerifiedReadback() started.
[2026-07-16T10:54:36.711Z] [WARN] [process] '/usr/bin/osascript' exceeded 5.0s timeout (pid 66663); sending SIGTERM (BoundedProcessRunner.swift:93)
[2026-07-16T10:54:36.714Z] [ERROR] [appleScript] AppleScript child process failed: timedOut (AppleScriptChannel.swift:492)
[2026-07-16T10:54:36.714Z] [ERROR] [appleScript] AppleScript error: AppleScript error: timedOut (AppleScriptChannel.swift:493)
✔ Test testCleanupApplyRenameReachesStateAOnVerifiedReadback() passed after 5.019 seconds.
◇ Test testCleanupApplyRefusesWhenNotConfirmed() started.
[2026-07-16T10:54:36.723Z] [INFO] [project] [AUDIT] project.cleanup_apply confirmation_required — rename_duplicate_kick_0_1 (ProjectDispatcher.swift:948)
✔ Test testCleanupApplyRefusesWhenNotConfirmed() passed after 0.001 seconds.
◇ Test testCleanupApplyRefusesWhenConfirmedMissing() started.
[2026-07-16T10:54:36.725Z] [INFO] [project] [AUDIT] project.cleanup_apply confirmation_required — rename_duplicate_kick_0_1 (ProjectDispatcher.swift:948)
✔ Test testCleanupApplyRefusesWhenConfirmedMissing() passed after 0.002 seconds.
◇ Test testCleanupApplyRefusesUnknownStep() started.
[2026-07-16T10:54:36.728Z] [INFO] [project] [AUDIT] project.cleanup_apply rejected — unknown step (ProjectDispatcher.swift:948)
✔ Test testCleanupApplyRefusesUnknownStep() passed after 0.001 seconds.
◇ Test testCleanupApplyRefusesUnsupportedStep() started.
[2026-07-16T10:54:41.732Z] [WARN] [process] '/usr/bin/osascript' exceeded 5.0s timeout (pid 67020); sending SIGTERM (BoundedProcessRunner.swift:93)
[2026-07-16T10:54:41.736Z] [ERROR] [appleScript] AppleScript child process failed: timedOut (AppleScriptChannel.swift:492)
[2026-07-16T10:54:41.736Z] [ERROR] [appleScript] AppleScript error: AppleScript error: timedOut (AppleScriptChannel.swift:493)
[2026-07-16T10:54:41.738Z] [INFO] [project] [AUDIT] project.cleanup_apply rejected — non-mutating step (ProjectDispatcher.swift:948)
✔ Test testCleanupApplyRefusesUnsupportedStep() passed after 5.013 seconds.
◇ Test testCleanupApplyNeverExecutesDeletion() started.
✔ Test testCleanupApplyNeverExecutesDeletion() passed after 0.001 seconds.
◇ Test testCleanupApplyRefusesStaleInventory() started.
[2026-07-16T10:54:46.749Z] [WARN] [process] '/usr/bin/osascript' exceeded 5.0s timeout (pid 67184); sending SIGTERM (BoundedProcessRunner.swift:93)
[2026-07-16T10:54:46.752Z] [ERROR] [appleScript] AppleScript child process failed: timedOut (AppleScriptChannel.swift:492)
[2026-07-16T10:54:46.752Z] [ERROR] [appleScript] AppleScript error: AppleScript error: timedOut (AppleScriptChannel.swift:493)
[2026-07-16T10:54:46.753Z] [INFO] [project] [AUDIT] project.cleanup_apply rejected — unknown step (ProjectDispatcher.swift:948)
✔ Test testCleanupApplyRefusesStaleInventory() passed after 5.010 seconds.
◇ Test testCleanupApplyRefusesOccludedInventory() started.
[2026-07-16T10:54:51.760Z] [WARN] [process] '/usr/bin/osascript' exceeded 5.0s timeout (pid 67863); sending SIGTERM (BoundedProcessRunner.swift:93)
[2026-07-16T10:54:51.763Z] [ERROR] [appleScript] AppleScript child process failed: timedOut (AppleScriptChannel.swift:492)
[2026-07-16T10:54:51.763Z] [ERROR] [appleScript] AppleScript error: AppleScript error: timedOut (AppleScriptChannel.swift:493)
[2026-07-16T10:54:51.764Z] [INFO] [project] [AUDIT] project.cleanup_apply rejected — stale inventory (ProjectDispatcher.swift:948)
✔ Test testCleanupApplyRefusesOccludedInventory() passed after 5.009 seconds.
◇ Test testCleanupApplyStateBStopsBeforeClaimingSuccess() started.
✔ Test testCleanupApplyStateBStopsBeforeClaimingSuccess() passed after 0.004 seconds.
◇ Test testCleanupApplyRefusesNameCountMismatch() started.
✔ Test testCleanupApplyRefusesNameCountMismatch() passed after 0.001 seconds.
✔ Suite "Cleanup execution" passed after 20.068 seconds.
◇ Test testTransportDispatcherGotoPositionBarFormatsBarPosition() started.
✔ Test testTransportDispatcherGotoPositionBarFormatsBarPosition() passed after 0.001 seconds.
◇ Test testTransportDispatcherSetCycleRangeUsesAccessibilityChannel() started.
✔ Test testTransportDispatcherSetCycleRangeUsesAccessibilityChannel() passed after 0.001 seconds.
◇ Test testTransportDispatcherUnknownFails() started.
✔ Test testTransportDispatcherUnknownFails() passed after 0.001 seconds.
◇ Test testNavigateDispatcherGotoMarkerByNameUsesCachedMarker() started.
✔ Test testNavigateDispatcherGotoMarkerByNameUsesCachedMarker() passed after 0.001 seconds.
◇ Test testNavigateDispatcherGotoMarkerByIndexUsesCachedPosition() started.
✔ Test testNavigateDispatcherGotoMarkerByIndexUsesCachedPosition() passed after 0.001 seconds.
◇ Test testNavigateDispatcherGotoMarkerColdCacheReturnsElementNotFound() started.
✔ Test testNavigateDispatcherGotoMarkerColdCacheReturnsElementNotFound() passed after 0.001 seconds.
◇ Test testNavigateDispatcherGotoMarkerColdCacheNameReturnsElementNotFound() started.
✔ Test testNavigateDispatcherGotoMarkerColdCacheNameReturnsElementNotFound() passed after 0.001 seconds.
◇ Test testNavigateDispatcherRenameMarkerUsesAccessibilityChannel() started.
✔ Test testNavigateDispatcherRenameMarkerUsesAccessibilityChannel() passed after 0.001 seconds.
◇ Test testNavigateDispatcherToggleViewRejectsUnknownView() started.
✔ Test testNavigateDispatcherToggleViewRejectsUnknownView() passed after 0.001 seconds.
◇ Test testMIDIDispatcherSendChordSerializesArrayNotes() started.
✔ Test testMIDIDispatcherSendChordSerializesArrayNotes() passed after 0.001 seconds.
◇ Test testMIDIDispatcherMMCLocateUsesTimeString() started.
✔ Test testMIDIDispatcherMMCLocateUsesTimeString() passed after 0.001 seconds.
◇ Test testMIDIDispatcherMMCLocateBarUsesTransportRoute() started.
✔ Test testMIDIDispatcherMMCLocateBarUsesTransportRoute() passed after 0.001 seconds.
◇ Test testMIDIDispatcherUnknownFails() started.
✔ Test testMIDIDispatcherUnknownFails() passed after 0.001 seconds.
◇ Test testProjectDispatcherOpenRejectsRelativePath() started.
[2026-07-16T10:54:51.778Z] [INFO] [project] [AUDIT] project.open rejected — invalid path (ProjectDispatcher.swift:948)
✔ Test testProjectDispatcherOpenRejectsRelativePath() passed after 0.001 seconds.
◇ Test testProjectDispatcherSaveAsRejectsInvalidExtension() started.
[2026-07-16T10:54:51.780Z] [INFO] [project] [AUDIT] project.save_as rejected — invalid path (ProjectDispatcher.swift:948)
✔ Test testProjectDispatcherSaveAsRejectsInvalidExtension() passed after 0.001 seconds.
◇ Test testSystemDispatcherHelpReturnsTransportDocs() started.
✔ Test testSystemDispatcherHelpReturnsTransportDocs() passed after 0.001 seconds.
◇ Test testSystemDispatcherHelpCoversAllCategories() started.
✔ Test testSystemDispatcherHelpCoversAllCategories() passed after 0.001 seconds.
◇ Test testSystemHelpUnknownCategoryReturnsTypedError() started.
✔ Test testSystemHelpUnknownCategoryReturnsTypedError() passed after 0.001 seconds.
◇ Test testSystemHelpAbsentCategoryStillReturnsFullHelp() started.
✔ Test testSystemHelpAbsentCategoryStillReturnsFullHelp() passed after 0.001 seconds.
◇ Test testValidHelpCategoriesStayInLockstepWithHelpText() started.
✔ Test testValidHelpCategoriesStayInLockstepWithHelpText() passed after 0.001 seconds.
◇ Test testSystemHelpEnumeratesEveryRegisteredResourceAndTemplate() started.
✔ Test testSystemHelpEnumeratesEveryRegisteredResourceAndTemplate() passed after 0.002 seconds.
◇ Test testSystemDispatcherPermissionsReturnsSummary() started.
✔ Test testSystemDispatcherPermissionsReturnsSummary() passed after 0.102 seconds.
◇ Test testSystemDispatcherRefreshCacheRecordsToolAccess() started.
✔ Test testSystemDispatcherRefreshCacheRecordsToolAccess() passed after 0.001 seconds.
◇ Test testSystemDispatcherUnknownFails() started.
✔ Test testSystemDispatcherUnknownFails() passed after 0.001 seconds.
◇ Test testPermissionStatusSummaryListsMissingPermissions() started.
✔ Test testPermissionStatusSummaryListsMissingPermissions() passed after 0.001 seconds.
◇ Test testPermissionStatusSummaryMarksAutomationAsNotVerifiableWhenLogicIsNotRunning() started.
✔ Test testPermissionStatusSummaryMarksAutomationAsNotVerifiableWhenLogicIsNotRunning() passed after 0.001 seconds.
◇ Test testStatePollerStartStopLifecycle() started.
[2026-07-16T10:54:51.890Z] [INFO] [poller] StatePoller started (StatePoller.swift:94)
[2026-07-16T10:54:51.890Z] [INFO] [poller] AX Supplementary Poller loop exited (StatePoller.swift:143)
[2026-07-16T10:54:51.890Z] [INFO] [poller] StatePoller stopped (StatePoller.swift:106)
✔ Test testStatePollerStartStopLifecycle() passed after 0.001 seconds.
◇ Test testCoreMIDIChannelAftertouchAcceptsValueAlias() started.
✔ Test testCoreMIDIChannelAftertouchAcceptsValueAlias() passed after 0.001 seconds.
◇ Test testCoreMIDIChannelPitchBendAcceptsAbsoluteCenterValue() started.
✔ Test testCoreMIDIChannelPitchBendAcceptsAbsoluteCenterValue() passed after 0.001 seconds.
◇ Test testCoreMIDIChannelGotoPositionRequiresFallback() started.
✔ Test testCoreMIDIChannelGotoPositionRequiresFallback() passed after 0.001 seconds.
◇ Test testCoreMIDIChannelHealthCheckInactive() started.
✔ Test testCoreMIDIChannelHealthCheckInactive() passed after 0.001 seconds.
◇ Suite "ADR-011 compressor capabilities" started.
◇ Test manifestSpecializesADR009CapabilitiesByCircuit() started.
✔ Test manifestSpecializesADR009CapabilitiesByCircuit() passed after 0.001 seconds.
◇ Test coordinateOnlyCannotBecomeAPublicVerifiedWrite() started.
✔ Test coordinateOnlyCannotBecomeAPublicVerifiedWrite() passed after 0.001 seconds.
◇ Test physicalUnitsRoundTripThroughNormalizedValues() started.
✔ Test physicalUnitsRoundTripThroughNormalizedValues() passed after 0.001 seconds.
◇ Test outcomeComparisonUsesRequestedReadbackTolerance() started.
✔ Test outcomeComparisonUsesRequestedReadbackTolerance() passed after 0.001 seconds.
◇ Test sagaRequiresCompleteBeforeReadbackAndVerifiedCompensation() started.
✔ Test sagaRequiresCompleteBeforeReadbackAndVerifiedCompensation() passed after 0.001 seconds.
◇ Test completeSnapshotAlwaysDropsPartialReason() started.
✔ Test completeSnapshotAlwaysDropsPartialReason() passed after 0.001 seconds.
◇ Test adr011FeatureFlagDefaultsToFalse() started.
✔ Test adr011FeatureFlagDefaultsToFalse() passed after 0.001 seconds.
✔ Suite "ADR-011 compressor capabilities" passed after 0.001 seconds.
◇ Test coreMIDI_sendNote_success_returns_stateB_envelope() started.
✔ Test coreMIDI_sendNote_success_returns_stateB_envelope() passed after 0.002 seconds.
◇ Test coreMIDI_sendOnly_successes_return_stateB_envelopes() started.
✔ Test coreMIDI_sendOnly_successes_return_stateB_envelopes() passed after 0.014 seconds.
◇ Test stateB_extras_preserve_legacy_info() started.
✔ Test stateB_extras_preserve_legacy_info() passed after 0.001 seconds.
◇ Test testCoreMIDIChannelMMCLocateSendsSysExForTimecode() started.
✔ Test testCoreMIDIChannelMMCLocateSendsSysExForTimecode() passed after 0.001 seconds.
◇ Test testCoreMIDIChannelGotoPositionReturnsExplicitError() started.
✔ Test testCoreMIDIChannelGotoPositionReturnsExplicitError() passed after 0.001 seconds.
◇ Test testCoreMIDIChannelCreateVirtualPortUsesPortManager() started.
✔ Test testCoreMIDIChannelCreateVirtualPortUsesPortManager() passed after 0.001 seconds.
◇ Test testCoreMIDIChannelCreateVirtualPortModeConflictReturnsStateC() started.
[2026-07-16T10:54:51.911Z] [INFO] [midi] MIDIPortManager started (client: 100) (MIDIPortManager.swift:92)
[2026-07-16T10:54:51.911Z] [INFO] [midi] Created bidirectional port: Session-Port (src: 200, dst: 201) (MIDIPortManager.swift:121)
[2026-07-16T10:54:51.911Z] [INFO] [midi] Disposed port: Session-Port (MIDIPortManager.swift:169)
[2026-07-16T10:54:51.911Z] [INFO] [midi] MIDIPortManager stopped (MIDIPortManager.swift:177)
✔ Test testCoreMIDIChannelCreateVirtualPortModeConflictReturnsStateC() passed after 0.001 seconds.
◇ Test testCoreMIDIChannelCreateVirtualPortErrorsWithoutManager() started.
✔ Test testCoreMIDIChannelCreateVirtualPortErrorsWithoutManager() passed after 0.001 seconds.
◇ Test testCoreMIDIChannelTransportAndMMCAliasesSendExpectedSysEx() started.
✔ Test testCoreMIDIChannelTransportAndMMCAliasesSendExpectedSysEx() passed after 0.001 seconds.
◇ Test testCoreMIDIChannelLocateVariantsValidateAndEncode() started.
✔ Test testCoreMIDIChannelLocateVariantsValidateAndEncode() passed after 0.001 seconds.
◇ Test testCoreMIDIChannelRoutesNoteControllerAndPressureOperations() started.
✔ Test testCoreMIDIChannelRoutesNoteControllerAndPressureOperations() passed after 0.005 seconds.
◇ Test testCoreMIDIChannelSendFailureReturnsStateC() started.
✔ Test testCoreMIDIChannelSendFailureReturnsStateC() passed after 0.001 seconds.
◇ Test testCoreMIDIChannelPlaySequenceNoteOffFailureReturnsStateC() started.
✔ Test testCoreMIDIChannelPlaySequenceNoteOffFailureReturnsStateC() passed after 0.002 seconds.
◇ Test testCoreMIDIChannelPitchBendUsesAbsolute14BitValues() started.
✔ Test testCoreMIDIChannelPitchBendUsesAbsolute14BitValues() passed after 0.001 seconds.
◇ Test testCoreMIDIChannelRoutesChordStepInputSysExAndStateQueries() started.
✔ Test testCoreMIDIChannelRoutesChordStepInputSysExAndStateQueries() passed after 0.246 seconds.
◇ Test testCoreMIDIChannelRejectsInvalidParametersAndUnknownOperations() started.
✔ Test testCoreMIDIChannelRejectsInvalidParametersAndUnknownOperations() passed after 0.003 seconds.
◇ Test testCoreMIDIChannelCoversRawPitchBendAndAdditionalErrorBranches() started.
✔ Test testCoreMIDIChannelCoversRawPitchBendAndAdditionalErrorBranches() passed after 0.001 seconds.
◇ Test testCoreMIDIChannelVirtualPortDefaultNameAndFailurePaths() started.
✔ Test testCoreMIDIChannelVirtualPortDefaultNameAndFailurePaths() passed after 0.001 seconds.
◇ Test testCoreMIDIChannelStartStopAndHealthLifecycle() started.
[2026-07-16T10:54:52.172Z] [INFO] [midi] CoreMIDIChannel started (CoreMIDIChannel.swift:23)
[2026-07-16T10:54:52.172Z] [INFO] [midi] CoreMIDIChannel stopped (CoreMIDIChannel.swift:28)
✔ Test testCoreMIDIChannelStartStopAndHealthLifecycle() passed after 0.001 seconds.
◇ Test testCoreMIDIChannelStartPropagatesEngineFailure() started.
✔ Test testCoreMIDIChannelStartPropagatesEngineFailure() passed after 0.001 seconds.
◇ Test testDestructiveLevelClassification() started.
✔ Test testDestructiveLevelClassification() passed after 0.001 seconds.
◇ Test testL3RequiresConfirmation() started.
✔ Test testL3RequiresConfirmation() passed after 0.001 seconds.
◇ Test testL2RequiresConfirmation() started.
✔ Test testL2RequiresConfirmation() passed after 0.001 seconds.
◇ Test testL1NoConfirmation() started.
✔ Test testL1NoConfirmation() passed after 0.001 seconds.
◇ Test testTransportWhitelist() started.
✔ Test testTransportWhitelist() passed after 0.001 seconds.
◇ Test testSaveAsPathValidation() started.
✔ Test testSaveAsPathValidation() passed after 0.001 seconds.
◇ Test testAppleScriptSafetyRejectsControlCharactersAndMissingExistingProjects() started.
✔ Test testAppleScriptSafetyRejectsControlCharactersAndMissingExistingProjects() passed after 0.001 seconds.
◇ Test testAppleScriptOpenFileRejectsMissingAndNonProjectTargets() started.
✔ Test testAppleScriptOpenFileRejectsMissingAndNonProjectTargets() passed after 0.002 seconds.
◇ Test testAppleScriptOpenFileRejectsMalformedLogicPackage() started.
✔ Test testAppleScriptOpenFileRejectsMalformedLogicPackage() passed after 0.003 seconds.
◇ Test testAppleScriptOpenFileUsesInjectedRuntimeForExistingProject() started.
✔ Test testAppleScriptOpenFileUsesInjectedRuntimeForExistingProject() passed after 0.004 seconds.
◇ Test testAppleScriptOpenFilePropagatesInjectedOpenFailure() started.
✔ Test testAppleScriptOpenFilePropagatesInjectedOpenFailure() passed after 0.003 seconds.
◇ Test testAppleScriptSafetyProductionRuntimeHandlesMissingFileURL() started.
✔ Test testAppleScriptSafetyProductionRuntimeHandlesMissingFileURL() passed after 0.009 seconds.
◇ Test testDispatcherHumanControlErrorsUseHonestContractStateC() started.
[2026-07-16T10:54:52.201Z] [INFO] [project] [AUDIT] project.open rejected — missing path (ProjectDispatcher.swift:948)
✔ Test testDispatcherHumanControlErrorsUseHonestContractStateC() passed after 0.001 seconds.
◇ Test testTransportDispatcherRoutesPrimaryCommands() started.
✔ Test testTransportDispatcherRoutesPrimaryCommands() passed after 0.001 seconds.
◇ Test transport_help_and_routing_include_autopunch() started.
✔ Test transport_help_and_routing_include_autopunch() passed after 0.001 seconds.
◇ Test testTransportDispatcherSetTempoGotoPositionAndCycleRange() started.
✔ Test testTransportDispatcherSetTempoGotoPositionAndCycleRange() passed after 0.001 seconds.
◇ Test testTransportDispatcherRefusesWritesWhenBlockingDialogPresent() started.
✔ Test testTransportDispatcherRefusesWritesWhenBlockingDialogPresent() passed after 0.001 seconds.
◇ Test testBlockingLogicDialogResultEnrichesDiagnosticWithDialogIdentity() started.
✔ Test testBlockingLogicDialogResultEnrichesDiagnosticWithDialogIdentity() passed after 0.001 seconds.
◇ Test testBlockingLogicDialogResultWithoutInfoStaysGenericButHonest() started.
✔ Test testBlockingLogicDialogResultWithoutInfoStaysGenericButHonest() passed after 0.001 seconds.
◇ Test testTransportDispatcherToggleMetronomeVerifiesViaTransportStateReadback() started.
✔ Test testTransportDispatcherToggleMetronomeVerifiesViaTransportStateReadback() passed after 0.001 seconds.
◇ Test testTransportDispatcherGotoPositionReturnsErrorWhenTransportReadbackDoesNotMatch() started.
✔ Test testTransportDispatcherGotoPositionReturnsErrorWhenTransportReadbackDoesNotMatch() passed after 0.001 seconds.
◇ Test testTransportDispatcherPauseReturnsStateAWhenPlaybackStops() started.
✔ Test testTransportDispatcherPauseReturnsStateAWhenPlaybackStops() passed after 0.001 seconds.
◇ Test testTransportDispatcherPauseReturnsStateCWhenPlaybackContinues() started.
✔ Test testTransportDispatcherPauseReturnsStateCWhenPlaybackContinues() passed after 0.001 seconds.
◇ Test testTransportDispatcherPauseReturnsStateAUnchangedWhenAlreadyStopped() started.
✔ Test testTransportDispatcherPauseReturnsStateAUnchangedWhenAlreadyStopped() passed after 0.001 seconds.
◇ Test testTransportDispatcherPauseReturnsStateCWhenReadbackUnavailable() started.
✔ Test testTransportDispatcherPauseReturnsStateCWhenReadbackUnavailable() passed after 0.001 seconds.
◇ Test testTransportDispatcherSetCycleRangeDocumentedUnsupported() started.
✔ Test testTransportDispatcherSetCycleRangeDocumentedUnsupported() passed after 0.001 seconds.
◇ Test testTransportDispatcherRejectsMissingSemanticPayloads() started.
✔ Test testTransportDispatcherRejectsMissingSemanticPayloads() passed after 0.001 seconds.
◇ Test testTransportDispatcherUnknownCommandFailsInDispatcherSuite() started.
✔ Test testTransportDispatcherUnknownCommandFailsInDispatcherSuite() passed after 0.001 seconds.
◇ Test testMixerDispatcherSetVolume() started.
✔ Test testMixerDispatcherSetVolume() passed after 0.001 seconds.
◇ Test testMixerDispatcherSetVolumeRejectsMissingTrack() started.
✔ Test testMixerDispatcherSetVolumeRejectsMissingTrack() passed after 0.001 seconds.
◇ Test testMixerDispatcherSetVolumeRejectsNegativeTrack() started.
✔ Test testMixerDispatcherSetVolumeRejectsNegativeTrack() passed after 0.001 seconds.
◇ Test testMixerDispatcherSetPanRejectsMissingTrack() started.
✔ Test testMixerDispatcherSetPanRejectsMissingTrack() passed after 0.001 seconds.
◇ Test testMixerDispatcherSetPluginParamRejectsMissingTargets() started.
✔ Test testMixerDispatcherSetPluginParamRejectsMissingTargets() passed after 0.001 seconds.
◇ Test testMixerDispatcherSetPluginParam() started.
✔ Test testMixerDispatcherSetPluginParam() passed after 0.001 seconds.
◇ Test testMixerDispatcherSetPluginParamRejectsUnsupportedInsertAndSelectionFailure() started.
✔ Test testMixerDispatcherSetPluginParamRejectsUnsupportedInsertAndSelectionFailure() passed after 0.001 seconds.
◇ Test testMixerDispatcherRoutesPanSendIOAndMasterCommands() started.
✔ Test testMixerDispatcherRoutesPanSendIOAndMasterCommands() passed after 0.001 seconds.
◇ Test testMixerDispatcherInsertPluginRequiresConfirmation() started.
✔ Test testMixerDispatcherInsertPluginRequiresConfirmation() passed after 0.001 seconds.
◇ Test testMixerDispatcherInsertPluginRejectsUnsupportedPluginBeforeRoute() started.
✔ Test testMixerDispatcherInsertPluginRejectsUnsupportedPluginBeforeRoute() passed after 0.001 seconds.
◇ Test testMixerDispatcherInsertPluginRoutesConfirmedAllowlistedPluginToAX() started.
✔ Test testMixerDispatcherInsertPluginRoutesConfirmedAllowlistedPluginToAX() passed after 0.001 seconds.
◇ Test testMixerDispatcherBypassPluginRemainsNotExposed() started.
✔ Test testMixerDispatcherBypassPluginRemainsNotExposed() passed after 0.001 seconds.
◇ Test testMixerDispatcherUnknown() started.
✔ Test testMixerDispatcherUnknown() passed after 0.001 seconds.
◇ Test testMixerDispatcherToolMetadataDocumentsPluginParamCommand() started.
✔ Test testMixerDispatcherToolMetadataDocumentsPluginParamCommand() passed after 0.001 seconds.
◇ Test testTrackDispatcherMuteUsesEnabled() started.
✔ Test testTrackDispatcherMuteUsesEnabled() passed after 0.001 seconds.
◇ Test testTrackDispatcherSetAutomation() started.
✔ Test testTrackDispatcherSetAutomation() passed after 0.001 seconds.
◇ Test testTrackDispatcherLibraryCommandsAndPluginScanRouteCorrectly() started.
✔ Test testTrackDispatcherLibraryCommandsAndPluginScanRouteCorrectly() passed after 0.001 seconds.
◇ Test testTrackDispatcherScanLibraryForwardsModeParam() started.
✔ Test testTrackDispatcherScanLibraryForwardsModeParam() passed after 0.001 seconds.
◇ Test testTrackDispatcherSelectByIndexAndName() started.
✔ Test testTrackDispatcherSelectByIndexAndName() passed after 0.001 seconds.
◇ Test testTrackDispatcherSelectErrorsWhenParamsMissingOrNameUnknown() started.
✔ Test testTrackDispatcherSelectErrorsWhenParamsMissingOrNameUnknown() passed after 0.001 seconds.
◇ Test testTrackDispatcherCreateCommandsAndMutations() started.
✔ Test testTrackDispatcherCreateCommandsAndMutations() passed after 0.001 seconds.
◇ Test testTrackDispatcherCreateCommandsReturnErrorForUnverifiedEnvelope() started.
✔ Test testTrackDispatcherCreateCommandsReturnErrorForUnverifiedEnvelope() passed after 0.001 seconds.
◇ Test testTrackDispatcherRenameTreatsStateBAsError() started.
✔ Test testTrackDispatcherRenameTreatsStateBAsError() passed after 0.001 seconds.
◇ Test testTrackDispatcherDeleteAndDuplicateRespectSelectionFlow() started.
✔ Test testTrackDispatcherDeleteAndDuplicateRespectSelectionFlow() passed after 0.001 seconds.
◇ Test testTrackDispatcherDuplicateReturnsSelectionFailure() started.
✔ Test testTrackDispatcherDuplicateReturnsSelectionFailure() passed after 0.001 seconds.
◇ Test testTrackDispatcherDeleteRequiresExplicitIndex() started.
✔ Test testTrackDispatcherDeleteRequiresExplicitIndex() passed after 0.001 seconds.
◇ Test testTrackDispatcherDuplicateRequiresExplicitIndex() started.
✔ Test testTrackDispatcherDuplicateRequiresExplicitIndex() passed after 0.001 seconds.
◇ Test testTrackDispatcherMuteRequiresExplicitIndex() started.
✔ Test testTrackDispatcherMuteRequiresExplicitIndex() passed after 0.001 seconds.
◇ Test testTrackDispatcherRenameRequiresExplicitIndex() started.
✔ Test testTrackDispatcherRenameRequiresExplicitIndex() passed after 0.001 seconds.
◇ Test testTrackDispatcherRenameRejectsExcessiveNameBeforeRouting() started.
✔ Test testTrackDispatcherRenameRejectsExcessiveNameBeforeRouting() passed after 0.001 seconds.
◇ Test testTrackDispatcherSetAutomationRequiresExplicitIndex() started.
✔ Test testTrackDispatcherSetAutomationRequiresExplicitIndex() passed after 0.001 seconds.
◇ Test testTrackDispatcherSetInstrumentRequiresExplicitIndex() started.
✔ Test testTrackDispatcherSetInstrumentRequiresExplicitIndex() passed after 0.001 seconds.
◇ Test testTrackDispatcherSetInstrumentRequiresPathOrCategoryAndPreset() started.
✔ Test testTrackDispatcherSetInstrumentRequiresPathOrCategoryAndPreset() passed after 0.001 seconds.
◇ Test testTrackDispatcherUnknownFails() started.
✔ Test testTrackDispatcherUnknownFails() passed after 0.001 seconds.
◇ Test testRecordSequenceHasDocumentGuard() started.
✔ Test testRecordSequenceHasDocumentGuard() passed after 0.001 seconds.
◇ Test testRecordSequenceSMFImportRoutingSequence() started.
✔ Test testRecordSequenceSMFImportRoutingSequence() passed after 0.001 seconds.
◇ Test testRecordSequenceFailsOnGotoPositionError() started.
✔ Test testRecordSequenceFailsOnGotoPositionError() passed after 0.001 seconds.
◇ Test testRecordSequenceFailsWhenTrackDoesNotAppear() started.
✔ Test testRecordSequenceFailsWhenTrackDoesNotAppear() passed after 0.726 seconds.
◇ Test testRecordSequenceCleansUpTempFileOnError() started.
✔ Test testRecordSequenceCleansUpTempFileOnError() passed after 0.006 seconds.
◇ Test testRecordSequenceRejectsInvalidNotes() started.
✔ Test testRecordSequenceRejectsInvalidNotes() passed after 0.001 seconds.
◇ Test testRecordSequenceFailsOnImportError() started.
✔ Test testRecordSequenceFailsOnImportError() passed after 0.003 seconds.
◇ Test testArmOnlyReportsPartialDisarmFailureAsError() started.
✔ Test testArmOnlyReportsPartialDisarmFailureAsError() passed after 0.002 seconds.
◇ Test testArmOnlyRequiresExplicitIndex() started.
✔ Test testArmOnlyRequiresExplicitIndex() passed after 0.001 seconds.
◇ Test testArmOnlySuccessPathReportsArmedSuccess() started.
✔ Test testArmOnlySuccessPathReportsArmedSuccess() passed after 0.001 seconds.
◇ Test testArmReturnsErrorForUnverifiedEnvelope() started.
✔ Test testArmReturnsErrorForUnverifiedEnvelope() passed after 0.001 seconds.
◇ Test testArmOnlyTreatsUnverifiedTargetArmAsStateB() started.
✔ Test testArmOnlyTreatsUnverifiedTargetArmAsStateB() passed after 0.001 seconds.
◇ Test testArmOnlyTreatsUnverifiedDisarmAsStateB() started.
✔ Test testArmOnlyTreatsUnverifiedDisarmAsStateB() passed after 0.001 seconds.
◇ Test testEditDispatcherToggleStepInput() started.
✔ Test testEditDispatcherToggleStepInput() passed after 0.001 seconds.
◇ Test testEditDispatcherRoutesPrimaryCommands() started.
✔ Test testEditDispatcherRoutesPrimaryCommands() passed after 0.001 seconds.
◇ Test testEditDispatcherQuantizeRequiresExplicitGrid() started.
✔ Test testEditDispatcherQuantizeRequiresExplicitGrid() passed after 0.001 seconds.
◇ Test testEditDispatcherTreatsUnverifiedStateBAsError() started.
✔ Test testEditDispatcherTreatsUnverifiedStateBAsError() passed after 0.001 seconds.
◇ Test testEditDispatcherUnknownFails() started.
✔ Test testEditDispatcherUnknownFails() passed after 0.001 seconds.
◇ Test testProjectDispatcherQuitRequiresConfirmation() started.
[2026-07-16T10:54:52.974Z] [INFO] [project] [AUDIT] project.quit confirmation_required (ProjectDispatcher.swift:950)
✔ Test testProjectDispatcherQuitRequiresConfirmation() passed after 0.001 seconds.
◇ Test testProjectDispatcherL2CommandsRequireConfirmation() started.
[2026-07-16T10:54:52.978Z] [INFO] [project] [AUDIT] project.open confirmation_required (ProjectDispatcher.swift:950)
[2026-07-16T10:54:52.979Z] [INFO] [project] [AUDIT] project.save_as confirmation_required (ProjectDispatcher.swift:950)
[2026-07-16T10:54:52.979Z] [INFO] [project] [AUDIT] project.bounce confirmation_required (ProjectDispatcher.swift:950)
✔ Test testProjectDispatcherL2CommandsRequireConfirmation() passed after 0.004 seconds.
◇ Test testProjectDispatcherSaveNoConfirmation() started.
[2026-07-16T10:54:52.979Z] [INFO] [project] [AUDIT] project.save executed (ProjectDispatcher.swift:950)
✔ Test testProjectDispatcherSaveNoConfirmation() passed after 0.001 seconds.
◇ Test testProjectDispatcherRoutesLifecycleCommandsAndValidatesPaths() started.
[2026-07-16T10:54:52.981Z] [INFO] [project] [AUDIT] project.new executed (ProjectDispatcher.swift:950)
[2026-07-16T10:54:52.981Z] [INFO] [project] [AUDIT] project.open executed (ProjectDispatcher.swift:950)
[2026-07-16T10:54:52.981Z] [INFO] [project] [AUDIT] project.save_as executed (ProjectDispatcher.swift:950)
[2026-07-16T10:54:52.982Z] [INFO] [project] [AUDIT] project.close executed (ProjectDispatcher.swift:950)
[2026-07-16T10:54:57.983Z] [WARN] [process] '/usr/bin/osascript' exceeded 5.0s timeout (pid 68023); sending SIGTERM (BoundedProcessRunner.swift:93)
[2026-07-16T10:54:57.986Z] [ERROR] [appleScript] AppleScript child process failed: timedOut (AppleScriptChannel.swift:492)
[2026-07-16T10:54:57.986Z] [ERROR] [appleScript] AppleScript error: AppleScript error: timedOut (AppleScriptChannel.swift:493)
[2026-07-16T10:54:57.986Z] [INFO] [project] [AUDIT] project.bounce executed (ProjectDispatcher.swift:950)
✔ Test testProjectDispatcherRoutesLifecycleCommandsAndValidatesPaths() passed after 5.006 seconds.
◇ Test testProjectDispatcherBounceBlocksExternalMIDIBeforeRouting() started.
[2026-07-16T10:55:02.993Z] [WARN] [process] '/usr/bin/osascript' exceeded 5.0s timeout (pid 68192); sending SIGTERM (BoundedProcessRunner.swift:93)
[2026-07-16T10:55:02.995Z] [ERROR] [appleScript] AppleScript child process failed: timedOut (AppleScriptChannel.swift:492)
[2026-07-16T10:55:02.995Z] [ERROR] [appleScript] AppleScript error: AppleScript error: timedOut (AppleScriptChannel.swift:493)
[2026-07-16T10:55:02.997Z] [INFO] [project] [AUDIT] project.bounce rejected — export readiness blocked (ProjectDispatcher.swift:948)
✔ Test testProjectDispatcherBounceBlocksExternalMIDIBeforeRouting() passed after 5.011 seconds.
◇ Test testProjectDispatcherCloseHonoursSavingParameter() started.
[2026-07-16T10:55:02.999Z] [INFO] [project] [AUDIT] project.close executed (ProjectDispatcher.swift:950)
[2026-07-16T10:55:02.999Z] [INFO] [project] [AUDIT] project.close executed (ProjectDispatcher.swift:950)
[2026-07-16T10:55:03.000Z] [INFO] [project] [AUDIT] project.close executed (ProjectDispatcher.swift:950)
[2026-07-16T10:55:03.000Z] [INFO] [project] [AUDIT] project.close rejected — invalid saving value (ProjectDispatcher.swift:948)
✔ Test testProjectDispatcherCloseHonoursSavingParameter() passed after 0.002 seconds.
◇ Test testProjectDispatcherRejectsInvalidPathsAndUnknownCommands() started.
[2026-07-16T10:55:03.001Z] [INFO] [project] [AUDIT] project.open rejected — missing path (ProjectDispatcher.swift:948)
[2026-07-16T10:55:03.002Z] [INFO] [project] [AUDIT] project.open rejected — invalid path (ProjectDispatcher.swift:948)
[2026-07-16T10:55:03.003Z] [INFO] [project] [AUDIT] project.save_as rejected — invalid path (ProjectDispatcher.swift:948)
[2026-07-16T10:55:03.003Z] [INFO] [project] [AUDIT] project.save_as rejected — invalid path (ProjectDispatcher.swift:948)
✔ Test testProjectDispatcherRejectsInvalidPathsAndUnknownCommands() passed after 0.003 seconds.
◇ Test testProjectDispatcherRejectsSaveAsWithoutPath() started.
[2026-07-16T10:55:03.005Z] [INFO] [project] [AUDIT] project.save_as rejected — missing path (ProjectDispatcher.swift:948)
✔ Test testProjectDispatcherRejectsSaveAsWithoutPath() passed after 0.001 seconds.
◇ Test testProjectDispatcherLaunchAndQuitShortCircuitOnRunningState() started.
[2026-07-16T10:55:03.006Z] [INFO] [project] [AUDIT] project.launch rejected — already running (ProjectDispatcher.swift:948)
[2026-07-16T10:55:03.006Z] [INFO] [project] [AUDIT] project.quit rejected — not running (ProjectDispatcher.swift:948)
✔ Test testProjectDispatcherLaunchAndQuitShortCircuitOnRunningState() passed after 0.001 seconds.
◇ Test testProjectDispatcherIsRunningReflectsInjectedProcessState() started.
✔ Test testProjectDispatcherIsRunningReflectsInjectedProcessState() passed after 0.001 seconds.
◇ Test testProjectDispatcherLaunchUsesLifecycleRunnerAndSucceedsAfterStateTransition() started.
[2026-07-16T10:55:03.007Z] [INFO] [project] [AUDIT] project.launch executed (ProjectDispatcher.swift:950)
✔ Test testProjectDispatcherLaunchUsesLifecycleRunnerAndSucceedsAfterStateTransition() passed after 0.001 seconds.
◇ Test testProjectDispatcherLifecycleRunnerSurfacesExecutionErrorsAndTimeouts() started.
[2026-07-16T10:55:03.008Z] [INFO] [project] [AUDIT] project.launch executed (ProjectDispatcher.swift:950)
[2026-07-16T10:55:03.008Z] [INFO] [project] [AUDIT] project.quit executed (ProjectDispatcher.swift:950)
✔ Test testProjectDispatcherLifecycleRunnerSurfacesExecutionErrorsAndTimeouts() passed after 0.001 seconds.
◇ Test testProjectDispatcherLifecycleRunnerHandlesExitStatusAndStateMismatch() started.
[2026-07-16T10:55:03.009Z] [INFO] [project] [AUDIT] project.quit executed (ProjectDispatcher.swift:950)
[2026-07-16T10:55:03.009Z] [INFO] [project] [AUDIT] project.quit executed (ProjectDispatcher.swift:950)
✔ Test testProjectDispatcherLifecycleRunnerHandlesExitStatusAndStateMismatch() passed after 0.001 seconds.
◇ Test testProjectDispatcherLifecycleRunnerPrefersStderrForExitStatus() started.
[2026-07-16T10:55:03.010Z] [INFO] [project] [AUDIT] project.quit executed (ProjectDispatcher.swift:950)
✔ Test testProjectDispatcherLifecycleRunnerPrefersStderrForExitStatus() passed after 0.001 seconds.
◇ Test testProjectDispatcherExecuteAppleScriptSucceedsForValidScript() started.
✔ Test testProjectDispatcherExecuteAppleScriptSucceedsForValidScript() passed after 0.040 seconds.
◇ Test testProjectDispatcherExecuteAppleScriptCapturesInvalidScriptFailure() started.
✔ Test testProjectDispatcherExecuteAppleScriptCapturesInvalidScriptFailure() passed after 0.036 seconds.
◇ Test testProjectDispatcherExecuteAppleScriptSurfacesProcessLaunchFailure() started.
✔ Test testProjectDispatcherExecuteAppleScriptSurfacesProcessLaunchFailure() passed after 0.001 seconds.
◇ Test testMIDIDispatcherStepInput() started.
✔ Test testMIDIDispatcherStepInput() passed after 0.001 seconds.
◇ Test testMIDIDispatcherRoutesCoreCommands() started.
✔ Test testMIDIDispatcherRoutesCoreCommands() passed after 0.001 seconds.
◇ Test testMIDIDispatcherNormalizesChordSysexMMCAndVirtualPortCommands() started.
✔ Test testMIDIDispatcherNormalizesChordSysexMMCAndVirtualPortCommands() passed after 0.001 seconds.
◇ Test testMIDIDispatcherAcceptsSysexDataStringBranch() started.
✔ Test testMIDIDispatcherAcceptsSysexDataStringBranch() passed after 0.001 seconds.
◇ Test testMIDIDispatcherRejectsOversizedSysexBeforeRouting() started.
✔ Test testMIDIDispatcherRejectsOversizedSysexBeforeRouting() passed after 0.001 seconds.
◇ Test testMIDIDispatcherRoutesImportFileCommand() started.
✔ Test testMIDIDispatcherRoutesImportFileCommand() passed after 0.001 seconds.
◇ Test testMIDIDispatcherRejectsLegacyFixedTmpImportFileCommand() started.
✔ Test testMIDIDispatcherRejectsLegacyFixedTmpImportFileCommand() passed after 0.001 seconds.
◇ Test testMIDIDispatcherUnknownCommandFailsInDispatcherSuite() started.
✔ Test testMIDIDispatcherUnknownCommandFailsInDispatcherSuite() passed after 0.001 seconds.
◇ Test testNavigateDispatcherRoutesMarkerAndZoomCommands() started.
✔ Test testNavigateDispatcherRoutesMarkerAndZoomCommands() passed after 0.001 seconds.
◇ Test testNavigateDispatcherGotoBarUsesTransportStateReadbackVerification() started.
✔ Test testNavigateDispatcherGotoBarUsesTransportStateReadbackVerification() passed after 0.001 seconds.
◇ Test testNavigateDispatcherCreateMarkerVerifiesViaMarkerReadback() started.
✔ Test testNavigateDispatcherCreateMarkerVerifiesViaMarkerReadback() passed after 0.001 seconds.
◇ Test testNavigateDispatcherCreateMarkerReturnsErrorWhenObservedNameDoesNotMatch() started.
✔ Test testNavigateDispatcherCreateMarkerReturnsErrorWhenObservedNameDoesNotMatch() passed after 0.001 seconds.
◇ Test testNavigateDispatcherCreateMarkerDetectsMiddleInsertionDespiteShiftedIDs() started.
✔ Test testNavigateDispatcherCreateMarkerDetectsMiddleInsertionDespiteShiftedIDs() passed after 0.001 seconds.
◇ Test testNavigateDispatcherZoomCommandsTreatUnverifiedStateBAsError() started.
✔ Test testNavigateDispatcherZoomCommandsTreatUnverifiedStateBAsError() passed after 0.001 seconds.
◇ Test testNavigateDispatcherDeleteMarkerRejectsMissingIndex() started.
✔ Test testNavigateDispatcherDeleteMarkerRejectsMissingIndex() passed after 0.001 seconds.
◇ Test testNavigateDispatcherZoomAndViewRejectMissingSemanticPayloads() started.
✔ Test testNavigateDispatcherZoomAndViewRejectMissingSemanticPayloads() passed after 0.001 seconds.
◇ Test testNavigateDispatcherDeleteMarkerRejectsNegativeIndex() started.
✔ Test testNavigateDispatcherDeleteMarkerRejectsNegativeIndex() passed after 0.001 seconds.
◇ Test testNavigateDispatcherRenameMarkerRejectsMissingIndex() started.
✔ Test testNavigateDispatcherRenameMarkerRejectsMissingIndex() passed after 0.001 seconds.
◇ Test testNavigateDispatcherRenameMarkerRejectsEmptyName() started.
✔ Test testNavigateDispatcherRenameMarkerRejectsEmptyName() passed after 0.001 seconds.
◇ Test testNavigateDispatcherRenameMarkerReturnsNotImplementedEndToEnd() started.
✔ Test testNavigateDispatcherRenameMarkerReturnsNotImplementedEndToEnd() passed after 0.001 seconds.
◇ Test testNavigateDispatcherToggleViewAndErrors() started.
✔ Test testNavigateDispatcherToggleViewAndErrors() passed after 0.001 seconds.
◇ Test testMIDIDispatcherToolMetadataDocumentsMMCAndStepInput() started.
✔ Test testMIDIDispatcherToolMetadataDocumentsMMCAndStepInput() passed after 0.001 seconds.
◇ Test testTrackDispatcherToolMetadataDocumentsAutomationAndCreateCommands() started.
✔ Test testTrackDispatcherToolMetadataDocumentsAutomationAndCreateCommands() passed after 0.001 seconds.
◇ Test testNavigateDispatcherGotoBarDelegatesToTransportGotoPosition() started.
✔ Test testNavigateDispatcherGotoBarDelegatesToTransportGotoPosition() passed after 0.001 seconds.
◇ Test testNavigateDispatcherGotoBarRejectsOutOfRange() started.
✔ Test testNavigateDispatcherGotoBarRejectsOutOfRange() passed after 0.001 seconds.
◇ Test testNavigateDispatcherToolMetadataDocumentsViewsAndFitZoom() started.
✔ Test testNavigateDispatcherToolMetadataDocumentsViewsAndFitZoom() passed after 0.001 seconds.
◇ Test testProjectDispatcherToolMetadataDocumentsLifecycleCommands() started.
✔ Test testProjectDispatcherToolMetadataDocumentsLifecycleCommands() passed after 0.001 seconds.
◇ Test testTransportDispatcherPlayFallsBackAndReturnsVerifiedStateA() started.
✔ Test testTransportDispatcherPlayFallsBackAndReturnsVerifiedStateA() passed after 0.001 seconds.
◇ Test testTransportDispatcherStopReturnsVerifiedUnchangedWhenAlreadyStopped() started.
✔ Test testTransportDispatcherStopReturnsVerifiedUnchangedWhenAlreadyStopped() passed after 0.001 seconds.
◇ Test testTransportDispatcherRecordReturnsReadbackMismatchWhenFallbackDoesNotRecord() started.
✔ Test testTransportDispatcherRecordReturnsReadbackMismatchWhenFallbackDoesNotRecord() passed after 0.001 seconds.
◇ Test testTransportDispatcherPlayStateBReadbackUnavailableIsError() started.
✔ Test testTransportDispatcherPlayStateBReadbackUnavailableIsError() passed after 0.001 seconds.
◇ Test testTransportDispatcherStopPromotesFallbackWriteToVerifiedReadback() started.
✔ Test testTransportDispatcherStopPromotesFallbackWriteToVerifiedReadback() passed after 0.001 seconds.
◇ Test testTransportDispatcherStopPollsUntilLiveReadbackSettles() started.
✔ Test testTransportDispatcherStopPollsUntilLiveReadbackSettles() passed after 0.001 seconds.
◇ Test testTransportDispatcherStopFailsClosedWhenLiveReadbackUnavailable() started.
✔ Test testTransportDispatcherStopFailsClosedWhenLiveReadbackUnavailable() passed after 0.001 seconds.
◇ Test testTransportDispatcherStopFailsClosedWhenLiveStateStillReportsPlayback() started.
✔ Test testTransportDispatcherStopFailsClosedWhenLiveStateStillReportsPlayback() passed after 0.002 seconds.
◇ Test test_t1v3_doctor_tool_allowlist_rejects_arbitrary_binary() started.
✔ Test test_t1v3_doctor_tool_allowlist_rejects_arbitrary_binary() passed after 0.001 seconds.
◇ Test test_t1v3_doctor_tool_allowlist_accepts_known_tools() started.
✔ Test test_t1v3_doctor_tool_allowlist_accepts_known_tools() passed after 0.001 seconds.
◇ Test test_t1v3_lint_no_raw_process_outside_bounded_runner() started.
✔ Test test_t1v3_lint_no_raw_process_outside_bounded_runner() passed after 0.012 seconds.
◇ Test testDoctorV3BinaryInventoryRejectsLeadingDotNoiseAndWarnsOnStaleCandidate() started.
✔ Test testDoctorV3BinaryInventoryRejectsLeadingDotNoiseAndWarnsOnStaleCandidate() passed after 0.002 seconds.
◇ Test testDoctorV3BinaryInventoryWarnsWhenCanonicalVersionIsIndeterminate() started.
✔ Test testDoctorV3BinaryInventoryWarnsWhenCanonicalVersionIsIndeterminate() passed after 0.001 seconds.
◇ Test testDoctorV3BinaryInventoryAllowsIndeterminateRunningExecutable() started.
✔ Test testDoctorV3BinaryInventoryAllowsIndeterminateRunningExecutable() passed after 0.001 seconds.
◇ Test testDoctorV3BareRegisteredCommandResolvesCanonicalPath() started.
✔ Test testDoctorV3BareRegisteredCommandResolvesCanonicalPath() passed after 0.001 seconds.
◇ Test testDoctorV3RegisteredCommandMustBeRegularFile() started.
✔ Test testDoctorV3RegisteredCommandMustBeRegularFile() passed after 0.001 seconds.
◇ Test testDoctorV3RegisteredShareDirEnvMissingWarns() started.
✔ Test testDoctorV3RegisteredShareDirEnvMissingWarns() passed after 0.001 seconds.
◇ Test testDoctorV3InstallShareDirEvidenceDoesNotExposeEnvPath() started.
✔ Test testDoctorV3InstallShareDirEvidenceDoesNotExposeEnvPath() passed after 0.001 seconds.
◇ Test testDoctorV3LogicInstallationUsesReadableCopy() started.
✔ Test testDoctorV3LogicInstallationUsesReadableCopy() passed after 0.001 seconds.
◇ Test testDoctorV3LaunchClassifierPrecedence() started.
✔ Test testDoctorV3LaunchClassifierPrecedence() passed after 0.001 seconds.
◇ Test testDoctorV3TCCDeniedWarnsAndRedacts() started.
✔ Test testDoctorV3TCCDeniedWarnsAndRedacts() passed after 0.001 seconds.
◇ Test testDoctorV3TCCRecognizesAgentAndEditorPrincipals() started.
✔ Test testDoctorV3TCCRecognizesAgentAndEditorPrincipals() passed after 0.001 seconds.
◇ Test testDoctorV3TCCNoGrantDoesNotPass() started.
✔ Test testDoctorV3TCCNoGrantDoesNotPass() passed after 0.001 seconds.
◇ Test testDoctorV3TCCSkippedEvidenceMatchesProbeReason() started.
✔ Test testDoctorV3TCCSkippedEvidenceMatchesProbeReason() passed after 0.003 seconds.
◇ Test testDoctorV3EvidenceSanitizesStderrAndHomePath() started.
✔ Test testDoctorV3EvidenceSanitizesStderrAndHomePath() passed after 0.001 seconds.
◇ Test testDoctorV3ClaudeRegistrationReportsMatchKindTaxonomy() started.
✔ Test testDoctorV3ClaudeRegistrationReportsMatchKindTaxonomy() passed after 0.001 seconds.
◇ Test testDoctorV3GenerateReusesClaudeRegistrationAndLogicApps() started.
✔ Test testDoctorV3GenerateReusesClaudeRegistrationAndLogicApps() passed after 0.001 seconds.
◇ Test testDoctorV3GenerateReusesStaticVersionScanForRegisteredCandidate() started.
✔ Test testDoctorV3GenerateReusesStaticVersionScanForRegisteredCandidate() passed after 0.001 seconds.
◇ Test doctorV4SkipReasonRawValuesAreStable() started.
✔ Test doctorV4SkipReasonRawValuesAreStable() passed after 0.001 seconds.
◇ Test doctorV4SchemaProfilesAndCapabilitiesAreInJSON() started.
✔ Test doctorV4SchemaProfilesAndCapabilitiesAreInJSON() passed after 0.002 seconds.
◇ Test doctorV4TerminalInfersClaudeCodeFromRegistrationConfig() started.
✔ Test doctorV4TerminalInfersClaudeCodeFromRegistrationConfig() passed after 0.001 seconds.
◇ Test doctorV4TerminalDefaultsToClaudeCodeWhenRegistrationIsMissing() started.
✔ Test doctorV4TerminalDefaultsToClaudeCodeWhenRegistrationIsMissing() passed after 0.001 seconds.
◇ Test doctorV4PartialClaudeRegistrationsExposeTargetedGuidance() started.
✔ Test doctorV4PartialClaudeRegistrationsExposeTargetedGuidance() passed after 0.002 seconds.
◇ Test doctorV4UnknownContextDefaultsToClaudeCodeWhenRegistrationIsMissing() started.
✔ Test doctorV4UnknownContextDefaultsToClaudeCodeWhenRegistrationIsMissing() passed after 0.001 seconds.
◇ Test doctorV4ExplicitTerminalClientStillOverridesInference() started.
✔ Test doctorV4ExplicitTerminalClientStillOverridesInference() passed after 0.001 seconds.
◇ Test doctorV4SkippedChecksRequireBlockedByOrSkipReason() started.
✔ Test doctorV4SkippedChecksRequireBlockedByOrSkipReason() passed after 0.001 seconds.
◇ Test doctorV4VerboseRendererShowsSkipReason() started.
✔ Test doctorV4VerboseRendererShowsSkipReason() passed after 0.001 seconds.
◇ Test doctorV4CapabilityReadinessSummaryGroupsReadyIncompleteAndBlocked() started.
✔ Test doctorV4CapabilityReadinessSummaryGroupsReadyIncompleteAndBlocked() passed after 0.001 seconds.
◇ Test doctorV4HumanReadinessSummaryIsAdditiveAndLeavesJSONStable() started.
✔ Test doctorV4HumanReadinessSummaryIsAdditiveAndLeavesJSONStable() passed after 0.001 seconds.
◇ Test doctorV4CoreProfileDoesNotRequireManualChannels() started.
✔ Test doctorV4CoreProfileDoesNotRequireManualChannels() passed after 0.001 seconds.
◇ Test doctorV4FullProfileRequiresManualChannels() started.
✔ Test doctorV4FullProfileRequiresManualChannels() passed after 0.001 seconds.
◇ Test doctorV4IntentionalSkipDoesNotClaimCapabilityReady() started.
✔ Test doctorV4IntentionalSkipDoesNotClaimCapabilityReady() passed after 0.001 seconds.
◇ Test doctorV4CursorClientDoesNotRequireClaudeRegistration() started.
✔ Test doctorV4CursorClientDoesNotRequireClaudeRegistration() passed after 0.001 seconds.
◇ Test doctorV4ExplicitClaudeDesktopAbsentConfigIsRequiredAndNotOk() started.
✔ Test doctorV4ExplicitClaudeDesktopAbsentConfigIsRequiredAndNotOk() passed after 0.001 seconds.
◇ Test doctorV4BareRegisteredCommandCanResolveThroughDoctorPath() started.
✔ Test doctorV4BareRegisteredCommandCanResolveThroughDoctorPath() passed after 0.001 seconds.
◇ Test doctorV4ManualStorePersistsIntentionalSkip() started.
✔ Test doctorV4ManualStorePersistsIntentionalSkip() passed after 0.001 seconds.
◇ Test doctorV4ManualStoreCorruptionWarnsDoctor() started.
✔ Test doctorV4ManualStoreCorruptionWarnsDoctor() passed after 0.001 seconds.
◇ Test doctorV4SemanticVersionAndMarkerSniff() started.
✔ Test doctorV4SemanticVersionAndMarkerSniff() passed after 0.001 seconds.
◇ Test doctorV4CheckRegistryIDsAreUniqueAndAnchored() started.
✔ Test doctorV4CheckRegistryIDsAreUniqueAndAnchored() passed after 0.001 seconds.
◇ Test doctorV4CheckRegistryCoversRenderedChecksAndOrder() started.
✔ Test doctorV4CheckRegistryCoversRenderedChecksAndOrder() passed after 0.001 seconds.
◇ Test doctorV4RegistryRunnerPreservesProfileAndDependencyResults() started.
✔ Test doctorV4RegistryRunnerPreservesProfileAndDependencyResults() passed after 0.001 seconds.
◇ Test doctorV4DroppedRequiredCheckIsSynthesizedAsFailure() started.
✔ Test doctorV4DroppedRequiredCheckIsSynthesizedAsFailure() passed after 0.001 seconds.
◇ Test doctorV4CapabilityChecksAreConsistentWithRegistryGroups() started.
✔ Test doctorV4CapabilityChecksAreConsistentWithRegistryGroups() passed after 0.001 seconds.
◇ Test doctorV4BlockedByTableIsDerivedFromCheckRegistry() started.
✔ Test doctorV4BlockedByTableIsDerivedFromCheckRegistry() passed after 0.001 seconds.
◇ Test doctorV4EvidenceBuilderAppliesPrivacyPolicies() started.
✔ Test doctorV4EvidenceBuilderAppliesPrivacyPolicies() passed after 0.001 seconds.
◇ Test doctorV4ReportPrivacyScanRejectsHomePathsAndSecrets() started.
✔ Test doctorV4ReportPrivacyScanRejectsHomePathsAndSecrets() passed after 0.002 seconds.
◇ Suite "ADR-012 spectral EQ recommendations" started.
◇ Test lowConfidenceReturnsNoSafeRecommendation() started.
✔ Test lowConfidenceReturnsNoSafeRecommendation() passed after 0.001 seconds.
◇ Test unknownSourceReturnsNoSafeRecommendation() started.
✔ Test unknownSourceReturnsNoSafeRecommendation() passed after 0.001 seconds.
◇ Test incompleteAnalysisReturnsNoSafeRecommendation() started.
✔ Test incompleteAnalysisReturnsNoSafeRecommendation() passed after 0.001 seconds.
◇ Test knownHighConfidenceResonanceProducesAdvisoryCuts() started.
✔ Test knownHighConfidenceResonanceProducesAdvisoryCuts() passed after 0.001 seconds.
◇ Test recommendationsAreAlwaysAdvisoryAndNeverApplied() started.
✔ Test recommendationsAreAlwaysAdvisoryAndNeverApplied() passed after 0.001 seconds.
◇ Test jobStateMachineAcceptsOnlyForwardTransitions() started.
✔ Test jobStateMachineAcceptsOnlyForwardTransitions() passed after 0.001 seconds.
◇ Test jobStateMachineRejectsBacktrackingAndSkippedStates() started.
✔ Test jobStateMachineRejectsBacktrackingAndSkippedStates() passed after 0.001 seconds.
◇ Test comparisonReturnsExactDeltasForCommonBands() started.
✔ Test comparisonReturnsExactDeltasForCommonBands() passed after 0.001 seconds.
◇ Test completeAnalysisAlwaysDropsPartialReason() started.
✔ Test completeAnalysisAlwaysDropsPartialReason() passed after 0.001 seconds.
◇ Test confidenceStaysWithinUnitInterval() started.
✔ Test confidenceStaysWithinUnitInterval() passed after 0.001 seconds.
◇ Test adr012FeatureFlagDefaultsToFalse() started.
✔ Test adr012FeatureFlagDefaultsToFalse() passed after 0.001 seconds.
✔ Suite "ADR-012 spectral EQ recommendations" passed after 0.001 seconds.
◇ Test testE2ETransportGetStateRejectedAsUnknownCommand() started.
✔ Test testE2ETransportGetStateRejectedAsUnknownCommand() passed after 0.002 seconds.
◇ Test testE2ETransportPlayDispatchesWithoutCrash() started.
✔ Test testE2ETransportPlayDispatchesWithoutCrash() passed after 1.799 seconds.
◇ Test testE2ETransportStopDispatchesWithoutCrash() started.
✔ Test testE2ETransportStopDispatchesWithoutCrash() passed after 0.002 seconds.
◇ Test testE2ETransportRecordDispatchesWithoutCrash() started.
✔ Test testE2ETransportRecordDispatchesWithoutCrash() passed after 1.992 seconds.
◇ Test testE2ETransportSetTempoRequiresParams() started.
✔ Test testE2ETransportSetTempoRequiresParams() passed after 0.001 seconds.
◇ Test testE2ETransportSetTempoWithValue() started.
✔ Test testE2ETransportSetTempoWithValue() passed after 0.001 seconds.
◇ Test testE2ETransportGotoPositionWithBar() started.
✔ Test testE2ETransportGotoPositionWithBar() passed after 0.001 seconds.
◇ Test testE2ETransportToggleCycle() started.
✔ Test testE2ETransportToggleCycle() passed after 0.001 seconds.
◇ Test testE2ETransportToggleMetronome() started.
✔ Test testE2ETransportToggleMetronome() passed after 0.001 seconds.
◇ Test testE2ETransportUnknownCommandFails() started.
✔ Test testE2ETransportUnknownCommandFails() passed after 0.001 seconds.
◇ Test testE2ETracksGetTracksRejectedAsUnknownCommand() started.
✔ Test testE2ETracksGetTracksRejectedAsUnknownCommand() passed after 0.001 seconds.
◇ Test testE2ETracksGetSelectedRejectedAsUnknownCommand() started.
✔ Test testE2ETracksGetSelectedRejectedAsUnknownCommand() passed after 0.001 seconds.
◇ Test testE2ETracksSelectRequiresIndex() started.
✔ Test testE2ETracksSelectRequiresIndex() passed after 0.001 seconds.
◇ Test testE2ETracksSelectWithIndex() started.
✔ Test testE2ETracksSelectWithIndex() passed after 0.001 seconds.
◇ Test testE2ETracksMuteIsStructuredNotUnknown() started.
✔ Test testE2ETracksMuteIsStructuredNotUnknown() passed after 0.001 seconds.
◇ Test testE2ETracksSoloIsStructuredNotUnknown() started.
✔ Test testE2ETracksSoloIsStructuredNotUnknown() passed after 0.001 seconds.
◇ Test testE2ETracksRenameWithParams() started.
✔ Test testE2ETracksRenameWithParams() passed after 0.001 seconds.
◇ Test testE2ETracksCreateAudioDispatches() started.
✔ Test testE2ETracksCreateAudioDispatches() passed after 0.001 seconds.
◇ Test testE2ETracksCreateInstrumentDispatches() started.
✔ Test testE2ETracksCreateInstrumentDispatches() passed after 0.001 seconds.
◇ Test testE2ETracksSetInstrumentRejectsMissingSelector() started.
✔ Test testE2ETracksSetInstrumentRejectsMissingSelector() passed after 0.001 seconds.
◇ Test testE2ETracksResolvePathRequiresPath() started.
✔ Test testE2ETracksResolvePathRequiresPath() passed after 0.001 seconds.
◇ Test testE2ETracksLibraryCommandsDispatch() started.
✔ Test testE2ETracksLibraryCommandsDispatch() passed after 0.002 seconds.
◇ Test testE2ETracksUnknownCommandFails() started.
✔ Test testE2ETracksUnknownCommandFails() passed after 0.001 seconds.
◇ Test testE2EMixerGetStateRejectedAsUnknownCommand() started.
✔ Test testE2EMixerGetStateRejectedAsUnknownCommand() passed after 0.001 seconds.
◇ Test testE2EMixerSetVolumeDispatches() started.
✔ Test testE2EMixerSetVolumeDispatches() passed after 0.001 seconds.
◇ Test testE2EMixerSetVolumeReturnsVerifiedAXOrStructuredFailClosed() started.
✔ Test testE2EMixerSetVolumeReturnsVerifiedAXOrStructuredFailClosed() passed after 0.001 seconds.
◇ Test testE2EMixerSetPanReturnsVerifiedAXOrStructuredFailClosed() started.
✔ Test testE2EMixerSetPanReturnsVerifiedAXOrStructuredFailClosed() passed after 0.001 seconds.
◇ Test testE2EMixerSetMasterVolumeShapeAIsStateCChannelsExhausted() started.
✔ Test testE2EMixerSetMasterVolumeShapeAIsStateCChannelsExhausted() passed after 0.001 seconds.
◇ Test testE2EMixerExhaustionNeverEmitsFreeFormString() started.
✔ Test testE2EMixerExhaustionNeverEmitsFreeFormString() passed after 0.001 seconds.
◇ Test testE2EMixerSetPanDispatches() started.
✔ Test testE2EMixerSetPanDispatches() passed after 0.001 seconds.
◇ Test testE2EMixerGetChannelStripRejectedAsUnknownCommand() started.
✔ Test testE2EMixerGetChannelStripRejectedAsUnknownCommand() passed after 0.001 seconds.
◇ Test testE2EMixerSetVolumeRequiresParams() started.
✔ Test testE2EMixerSetVolumeRequiresParams() passed after 0.001 seconds.
◇ Test testE2EMixerResetStripDispatches() started.
✔ Test testE2EMixerResetStripDispatches() passed after 0.001 seconds.
◇ Test testE2EMixerToggleEQDispatches() started.
✔ Test testE2EMixerToggleEQDispatches() passed after 0.001 seconds.
◇ Test testE2EMixerUnknownCommandFails() started.
✔ Test testE2EMixerUnknownCommandFails() passed after 0.001 seconds.
◇ Test testE2EMIDISendNoteDispatches() started.
✔ Test testE2EMIDISendNoteDispatches() passed after 0.001 seconds.
◇ Test testE2EMIDISendCCDispatches() started.
✔ Test testE2EMIDISendCCDispatches() passed after 0.001 seconds.
◇ Test testE2EMIDISendChordDispatches() started.
✔ Test testE2EMIDISendChordDispatches() passed after 0.001 seconds.
◇ Test testE2EMIDIProgramChangeDispatches() started.
✔ Test testE2EMIDIProgramChangeDispatches() passed after 0.001 seconds.
◇ Test testE2EMIDIPitchBendDispatches() started.
✔ Test testE2EMIDIPitchBendDispatches() passed after 0.001 seconds.
◇ Test testE2EMIDIListPortsDispatches() started.
✔ Test testE2EMIDIListPortsDispatches() passed after 0.001 seconds.
◇ Test testE2EMIDIStepInputDispatches() started.
✔ Test testE2EMIDIStepInputDispatches() passed after 0.001 seconds.
◇ Test testE2EMIDIUnknownCommandFails() started.
✔ Test testE2EMIDIUnknownCommandFails() passed after 0.001 seconds.
◇ Test testE2EEditUndoDispatches() started.
✔ Test testE2EEditUndoDispatches() passed after 0.001 seconds.
◇ Test testE2EEditRedoDispatches() started.
✔ Test testE2EEditRedoDispatches() passed after 0.001 seconds.
◇ Test testE2EEditCopyDispatches() started.
✔ Test testE2EEditCopyDispatches() passed after 0.001 seconds.
◇ Test testE2EEditPasteDispatches() started.
✔ Test testE2EEditPasteDispatches() passed after 0.001 seconds.
◇ Test testE2EEditQuantizeDispatches() started.
✔ Test testE2EEditQuantizeDispatches() passed after 0.001 seconds.
◇ Test testE2EEditUnknownCommandFails() started.
✔ Test testE2EEditUnknownCommandFails() passed after 0.001 seconds.
◇ Test testE2ENavigateGotoBarDispatches() started.
✔ Test testE2ENavigateGotoBarDispatches() passed after 0.001 seconds.
◇ Test testE2ENavigateGetMarkersRejectedAsUnknownCommand() started.
✔ Test testE2ENavigateGetMarkersRejectedAsUnknownCommand() passed after 0.001 seconds.
◇ Test testE2ENavigateCreateMarkerDispatches() started.
✔ Test testE2ENavigateCreateMarkerDispatches() passed after 0.001 seconds.
◇ Test testE2ENavigateZoomToFitDispatches() started.
✔ Test testE2ENavigateZoomToFitDispatches() passed after 0.001 seconds.
◇ Test testE2ENavigateUnknownCommandFails() started.
✔ Test testE2ENavigateUnknownCommandFails() passed after 0.001 seconds.
◇ Test testE2EProjectGetInfoRejectedAsUnknownCommand() started.
✔ Test testE2EProjectGetInfoRejectedAsUnknownCommand() passed after 0.001 seconds.
◇ Test testE2EProjectOpenInvalidPathFails() started.
[2026-07-16T10:55:07.003Z] [INFO] [project] [AUDIT] project.open rejected — invalid path (ProjectDispatcher.swift:948)
✔ Test testE2EProjectOpenInvalidPathFails() passed after 0.001 seconds.
◇ Test testE2EProjectOpenMissingPathFails() started.
[2026-07-16T10:55:07.003Z] [INFO] [project] [AUDIT] project.open rejected — missing path (ProjectDispatcher.swift:948)
✔ Test testE2EProjectOpenMissingPathFails() passed after 0.001 seconds.
◇ Test testE2EProjectOpenNonLogicxFails() started.
[2026-07-16T10:55:07.004Z] [INFO] [project] [AUDIT] project.open rejected — invalid path (ProjectDispatcher.swift:948)
✔ Test testE2EProjectOpenNonLogicxFails() passed after 0.001 seconds.
◇ Test testE2EProjectSaveDispatches() started.
[2026-07-16T10:55:07.004Z] [INFO] [project] [AUDIT] project.save executed (ProjectDispatcher.swift:950)
✔ Test testE2EProjectSaveDispatches() passed after 0.001 seconds.
◇ Test testE2EProjectCloseDispatches() started.
[2026-07-16T10:55:07.004Z] [INFO] [project] [AUDIT] project.close confirmation_required (ProjectDispatcher.swift:950)
✔ Test testE2EProjectCloseDispatches() passed after 0.001 seconds.
◇ Test testE2EProjectIsRunningDispatches() started.
✔ Test testE2EProjectIsRunningDispatches() passed after 0.001 seconds.
◇ Test testE2EProjectExportPlanReturnsDryRunManifest() started.
✔ Test testE2EProjectExportPlanReturnsDryRunManifest() passed after 0.023 seconds.
◇ Test testE2EProjectUnknownCommandFails() started.
✔ Test testE2EProjectUnknownCommandFails() passed after 0.001 seconds.
◇ Test testE2ESystemHelpReturnsComprehensiveOutput() started.
✔ Test testE2ESystemHelpReturnsComprehensiveOutput() passed after 0.001 seconds.
◇ Test testE2ESystemHealthReturnsValidJSON() started.
✔ Test testE2ESystemHealthReturnsValidJSON() passed after 0.121 seconds.
◇ Test testE2ESystemHealthChannelsArrayIsComplete() started.
✔ Test testE2ESystemHealthChannelsArrayIsComplete() passed after 0.106 seconds.
◇ Test testE2ESystemPermissionsDispatches() started.
✔ Test testE2ESystemPermissionsDispatches() passed after 0.102 seconds.
◇ Test testE2ESystemRefreshDispatches() started.
✔ Test testE2ESystemRefreshDispatches() passed after 0.001 seconds.
◇ Test testE2ESystemCacheStateIsNotAPublicCommand() started.
✔ Test testE2ESystemCacheStateIsNotAPublicCommand() passed after 0.001 seconds.
◇ Test testE2ESystemUnknownCommandFails() started.
✔ Test testE2ESystemUnknownCommandFails() passed after 0.001 seconds.
◇ Test testE2EUnknownToolNameReturnsError() started.
✔ Test testE2EUnknownToolNameReturnsError() passed after 0.001 seconds.
◇ Test testE2EEmptyToolNameReturnsError() started.
✔ Test testE2EEmptyToolNameReturnsError() passed after 0.001 seconds.
◇ Test testE2EMissingCommandRejectedAtProtocolBoundary() started.
✔ Test testE2EMissingCommandRejectedAtProtocolBoundary() passed after 0.001 seconds.
◇ Test testKnownToolPassesProtocolBoundary() started.
✔ Test testKnownToolPassesProtocolBoundary() passed after 0.001 seconds.
◇ Test testE2EAllDispatchersHandleMissingCommandGracefully() started.
✔ Test testE2EAllDispatchersHandleMissingCommandGracefully() passed after 0.002 seconds.
◇ Test testE2EAllDispatchersHandleEmptyStringCommandGracefully() started.
✔ Test testE2EAllDispatchersHandleEmptyStringCommandGracefully() passed after 0.001 seconds.
◇ Test testE2EResourceTransportStateIsValidJSON() started.
✔ Test testE2EResourceTransportStateIsValidJSON() passed after 0.001 seconds.
◇ Test testE2EResourceTracksIsValidJSONArray() started.
[2026-07-16T10:55:12.369Z] [WARN] [process] '/usr/bin/osascript' exceeded 5.0s timeout (pid 68462); sending SIGTERM (BoundedProcessRunner.swift:93)
[2026-07-16T10:55:12.371Z] [ERROR] [appleScript] AppleScript child process failed: timedOut (AppleScriptChannel.swift:492)
[2026-07-16T10:55:12.371Z] [ERROR] [appleScript] AppleScript error: AppleScript error: timedOut (AppleScriptChannel.swift:493)
✔ Test testE2EResourceTracksIsValidJSONArray() passed after 5.004 seconds.
◇ Test testE2EResourceMixerContainsMCUStatus() started.
✔ Test testE2EResourceMixerContainsMCUStatus() passed after 0.001 seconds.
◇ Test testE2EResourceMIDIPortsIsValidJSON() started.
✔ Test testE2EResourceMIDIPortsIsValidJSON() passed after 0.001 seconds.
◇ Test testE2EResourceStockPluginsExposeTruthLabels() started.
✔ Test testE2EResourceStockPluginsExposeTruthLabels() passed after 0.058 seconds.
◇ Test testE2EResourceWorkflowSkillsExposeValidatedPack() started.
✔ Test testE2EResourceWorkflowSkillsExposeValidatedPack() passed after 0.002 seconds.
◇ Test testE2EResourceStockInstrumentsExposeProvenance() started.
✔ Test testE2EResourceStockInstrumentsExposeProvenance() passed after 0.004 seconds.
◇ Test testE2EResourceSessionPlanIsDryRunOnly() started.
✔ Test testE2EResourceSessionPlanIsDryRunOnly() passed after 0.001 seconds.
◇ Test testE2EResourceHealthMatchesToolHealth() started.
✔ Test testE2EResourceHealthMatchesToolHealth() passed after 0.205 seconds.
◇ Test testE2EResourceUnknownURIThrows() started.
✔ Test testE2EResourceUnknownURIThrows() passed after 0.001 seconds.
◇ Test testE2EResourceTrackIndexWithNoTracksReturnsTypedOutOfRange() started.
✔ Test testE2EResourceTrackIndexWithNoTracksReturnsTypedOutOfRange() passed after 0.001 seconds.
◇ Test testE2EResourceTrackIndexNegativeReturnsTypedOutOfRange() started.
✔ Test testE2EResourceTrackIndexNegativeReturnsTypedOutOfRange() passed after 0.001 seconds.
◇ Test testE2EServerCatalogHas10Tools() started.
✔ Test testE2EServerCatalogHas10Tools() passed after 0.001 seconds.
◇ Test testE2EServerCatalogAdvertisesAllResources() started.
✔ Test testE2EServerCatalogAdvertisesAllResources() passed after 0.001 seconds.
◇ Test testE2EServerCatalogAdvertisesAllTemplates() started.
✔ Test testE2EServerCatalogAdvertisesAllTemplates() passed after 0.001 seconds.
◇ Test testE2EServerCatalogHas7Channels() started.
✔ Test testE2EServerCatalogHas7Channels() passed after 0.001 seconds.
◇ Test testE2EToolSchemasHaveLogicPrefix() started.
✔ Test testE2EToolSchemasHaveLogicPrefix() passed after 0.001 seconds.
◇ Test testE2EConcurrent20ToolCallsAreSafe() started.
✔ Test testE2EConcurrent20ToolCallsAreSafe() passed after 0.001 seconds.
◇ Test testE2EConcurrent16ResourceReadsAreSafe() started.
✔ Test testE2EConcurrent16ResourceReadsAreSafe() passed after 0.011 seconds.
◇ Test testE2EConcurrentMixedToolsAndResourcesAreSafe() started.
✔ Test testE2EConcurrentMixedToolsAndResourcesAreSafe() passed after 0.472 seconds.
◇ Test testE2EConcurrentAllToolsSameCommand() started.
✔ Test testE2EConcurrentAllToolsSameCommand() passed after 0.001 seconds.
◇ Test testE2ELifecycleFullStartServeShutdown() started.
✔ Test testE2ELifecycleFullStartServeShutdown() passed after 13.362 seconds.
◇ Test testE2ELifecycleDegradedContinues() started.
[2026-07-16T10:55:35.285Z] [WARN] [server] Starting in degraded mode — Accessibility: Not trusted (LogicProServer.swift:106)
✔ Test testE2ELifecycleDegradedContinues() passed after 8.786 seconds.
◇ Test testE2ELifecycleCriticalFailureAbortsAndCleans() started.
✔ Test testE2ELifecycleCriticalFailureAbortsAndCleans() passed after 9.153 seconds.
◇ Test testE2ELifecycleMultipleDegradedChannels() started.
[2026-07-16T10:55:53.268Z] [WARN] [server] Starting in degraded mode — Accessibility: Not trusted; CoreMIDI: No client; MCU: Port busy (LogicProServer.swift:106)
✔ Test testE2ELifecycleMultipleDegradedChannels() passed after 8.828 seconds.
◇ Test testE2ELifecycleServeThrowsCleansUp() started.
✔ Test testE2ELifecycleServeThrowsCleansUp() passed after 8.666 seconds.
◇ Test testE2EProjectOpenWithControlCharacterPathFails() started.
[2026-07-16T10:56:01.935Z] [INFO] [project] [AUDIT] project.open rejected — invalid path (ProjectDispatcher.swift:948)
✔ Test testE2EProjectOpenWithControlCharacterPathFails() passed after 0.001 seconds.
◇ Test testE2EProjectOpenWithRelativePathFails() started.
[2026-07-16T10:56:01.935Z] [INFO] [project] [AUDIT] project.open rejected — invalid path (ProjectDispatcher.swift:948)
✔ Test testE2EProjectOpenWithRelativePathFails() passed after 0.001 seconds.
◇ Test testE2EProjectOpenWithDevPathFails() started.
[2026-07-16T10:56:01.936Z] [INFO] [project] [AUDIT] project.open rejected — invalid path (ProjectDispatcher.swift:948)
✔ Test testE2EProjectOpenWithDevPathFails() passed after 0.001 seconds.
◇ Test testE2ETracksSelectWithNonNumericIndexHandled() started.
✔ Test testE2ETracksSelectWithNonNumericIndexHandled() passed after 0.001 seconds.
◇ Test testE2EMixerSetVolumeWithNonNumericValueHandled() started.
✔ Test testE2EMixerSetVolumeWithNonNumericValueHandled() passed after 0.001 seconds.
◇ Test testExportTemporaryFilesCreatesPrivateRegisteredFile() started.
✔ Test testExportTemporaryFilesCreatesPrivateRegisteredFile() passed after 0.001 seconds.
◇ Test testExportTemporaryFilesCleanupRemovesDirectoryAndRegistryEntry() started.
✔ Test testExportTemporaryFilesCleanupRemovesDirectoryAndRegistryEntry() passed after 0.001 seconds.
◇ Test testExportTemporaryFilesCleanupDeletesOwnedDirectoriesOnly() started.
✔ Test testExportTemporaryFilesCleanupDeletesOwnedDirectoriesOnly() passed after 0.001 seconds.
◇ Test testExportTemporaryFilesOrphanCleanupUnregistersDeletedFiles() started.
✔ Test testExportTemporaryFilesOrphanCleanupUnregistersDeletedFiles() passed after 0.001 seconds.
◇ Test testExportTemporaryFilesCleanupHandlesMissingDirectory() started.
✔ Test testExportTemporaryFilesCleanupHandlesMissingDirectory() passed after 0.001 seconds.
◇ Test testExtractTrackStateReadsRealHeaderVolumeAndPan() started.
✔ Test testExtractTrackStateReadsRealHeaderVolumeAndPan() passed after 0.001 seconds.
◇ Test testExtractTrackStateMapsRawFaderRangeThroughMixerTaper() started.
✔ Test testExtractTrackStateMapsRawFaderRangeThroughMixerTaper() passed after 0.001 seconds.
◇ Test testExtractTrackStateRetainsPreFixDefaultsOnUnreadableHeader() started.
✔ Test testExtractTrackStateRetainsPreFixDefaultsOnUnreadableHeader() passed after 0.001 seconds.
◇ Test testExtractTrackStateReadsAutomationModeFromHeaderControl() started.
✔ Test testExtractTrackStateReadsAutomationModeFromHeaderControl() passed after 0.001 seconds.
◇ Test testExtractTrackStateAutomationModeGateRejectsStrayModeTokens() started.
✔ Test testExtractTrackStateAutomationModeGateRejectsStrayModeTokens() passed after 0.001 seconds.
◇ Test testExtractTrackStateTrackTypeClassificationIsDiacriticSensitive() started.
✔ Test testExtractTrackStateTrackTypeClassificationIsDiacriticSensitive() passed after 0.001 seconds.
◇ Test targetRefDefaultsToFalse() started.
✔ Test targetRefDefaultsToFalse() passed after 0.001 seconds.
◇ Test operationTraceDefaultsToFalse() started.
✔ Test operationTraceDefaultsToFalse() passed after 0.001 seconds.
◇ Suite "ADR-017 Flex Pitch" started.
◇ Test editRequiresQualifiedProvenanceAndDualEvidence() started.
✔ Test editRequiresQualifiedProvenanceAndDualEvidence() passed after 0.001 seconds.
◇ Test polyphonicConfidenceIsExperimental() started.
✔ Test polyphonicConfidenceIsExperimental() passed after 0.001 seconds.
◇ Test incompleteSnapshotIsExperimental() started.
✔ Test incompleteSnapshotIsExperimental() passed after 0.001 seconds.
◇ Test staleReferencesAreExperimentalAndDetected() started.
✔ Test staleReferencesAreExperimentalAndDetected() passed after 0.001 seconds.
◇ Test referenceMustBelongToCurrentSnapshot() started.
✔ Test referenceMustBelongToCurrentSnapshot() passed after 0.001 seconds.
◇ Test invalidConfidenceAndThresholdFailClosed() started.
✔ Test invalidConfidenceAndThresholdFailClosed() passed after 0.001 seconds.
◇ Test fullyQualifiedSyntheticReferenceIsPublicEligible() started.
✔ Test fullyQualifiedSyntheticReferenceIsPublicEligible() passed after 0.001 seconds.
◇ Test referenceValidityUsesOnlyAnalysisGeneration() started.
✔ Test referenceValidityUsesOnlyAnalysisGeneration() passed after 0.001 seconds.
◇ Test completeSnapshotAlwaysClearsPartialReason() started.
✔ Test completeSnapshotAlwaysClearsPartialReason() passed after 0.001 seconds.
◇ Test snapshotCodableRoundTrips() started.
✔ Test snapshotCodableRoundTrips() passed after 0.001 seconds.
◇ Test adr017FeatureFlagDefaultsToFalse() started.
✔ Test adr017FeatureFlagDefaultsToFalse() passed after 0.001 seconds.
✔ Suite "ADR-017 Flex Pitch" passed after 0.001 seconds.
◇ Suite "HC global invariant" started.
◇ Test "registry mutating commands match invariant specs" started.
✔ Test "registry mutating commands match invariant specs" passed after 0.002 seconds.
◇ Test "logic_midi dispatcher route mapping matches RoutingTable destinations" started.
✔ Test "logic_midi dispatcher route mapping matches RoutingTable destinations" passed after 0.002 seconds.
◇ Test "HC invariant allowlist ratchet" started.
✔ Test "HC invariant allowlist ratchet" passed after 0.001 seconds.
◇ Test "all mock-executable mutating routes return HC JSON" started.
[2026-07-16T10:56:01.959Z] [INFO] [keycmd] MIDIKeyCommands channel started (48 commands mapped) — Mock KeyCmd transport ready (MIDIKeyCommandsChannel.swift:111)
[2026-07-16T10:56:01.963Z] [INFO] [keycmd] MIDIKeyCommands channel started (48 commands mapped) — Mock KeyCmd transport ready (MIDIKeyCommandsChannel.swift:111)
[2026-07-16T10:56:01.968Z] [INFO] [keycmd] MIDIKeyCommands channel started (48 commands mapped) — Mock KeyCmd transport ready (MIDIKeyCommandsChannel.swift:111)
[2026-07-16T10:56:01.971Z] [INFO] [keycmd] MIDIKeyCommands channel started (48 commands mapped) — Mock KeyCmd transport ready (MIDIKeyCommandsChannel.swift:111)
[2026-07-16T10:56:01.974Z] [INFO] [keycmd] MIDIKeyCommands channel started (48 commands mapped) — Mock KeyCmd transport ready (MIDIKeyCommandsChannel.swift:111)
[2026-07-16T10:56:01.974Z] [INFO] [keycmd] MIDIKeyCommands channel started (48 commands mapped) — Mock KeyCmd transport ready (MIDIKeyCommandsChannel.swift:111)
[2026-07-16T10:56:01.974Z] [INFO] [keycmd] MIDIKeyCommands channel started (48 commands mapped) — Mock KeyCmd transport ready (MIDIKeyCommandsChannel.swift:111)
[2026-07-16T10:56:01.974Z] [INFO] [keycmd] MIDIKeyCommands channel started (48 commands mapped) — Mock KeyCmd transport ready (MIDIKeyCommandsChannel.swift:111)
[2026-07-16T10:56:01.975Z] [INFO] [keycmd] MIDIKeyCommands channel started (48 commands mapped) — Mock KeyCmd transport ready (MIDIKeyCommandsChannel.swift:111)
[2026-07-16T10:56:01.975Z] [INFO] [keycmd] MIDIKeyCommands channel started (48 commands mapped) — Mock KeyCmd transport ready (MIDIKeyCommandsChannel.swift:111)
[2026-07-16T10:56:01.991Z] [INFO] [project] [AUDIT] project.new executed (ProjectDispatcher.swift:950)
[2026-07-16T10:56:01.991Z] [INFO] [project] [AUDIT] project.open executed (ProjectDispatcher.swift:950)
[2026-07-16T10:56:01.991Z] [INFO] [project] [AUDIT] project.save executed (ProjectDispatcher.swift:950)
[2026-07-16T10:56:01.992Z] [INFO] [project] [AUDIT] project.save_as executed (ProjectDispatcher.swift:950)
[2026-07-16T10:56:01.992Z] [INFO] [project] [AUDIT] project.close executed (ProjectDispatcher.swift:950)
[2026-07-16T10:56:06.994Z] [WARN] [process] '/usr/bin/osascript' exceeded 5.0s timeout (pid 70210); sending SIGTERM (BoundedProcessRunner.swift:93)
[2026-07-16T10:56:06.997Z] [ERROR] [appleScript] AppleScript child process failed: timedOut (AppleScriptChannel.swift:492)
[2026-07-16T10:56:06.997Z] [ERROR] [appleScript] AppleScript error: AppleScript error: timedOut (AppleScriptChannel.swift:493)
[2026-07-16T10:56:06.997Z] [INFO] [project] [AUDIT] project.bounce executed (ProjectDispatcher.swift:950)
✔ Test "all mock-executable mutating routes return HC JSON" passed after 5.056 seconds.
✔ Suite "HC global invariant" passed after 5.062 seconds.
◇ Test testKeyCmdChannelDetailIncludesPortStatus() started.
[2026-07-16T10:56:07.010Z] [INFO] [keycmd] Suppressed 11 identical messages (MIDIKeyCommandsChannel.swift:111)
[2026-07-16T10:56:07.010Z] [INFO] [keycmd] MIDIKeyCommands channel started (48 commands mapped) — Mock KeyCmd transport ready (MIDIKeyCommandsChannel.swift:111)
✔ Test testKeyCmdChannelDetailIncludesPortStatus() passed after 0.002 seconds.
◇ Test testKeyCmdChannelDetailIncludesManualLearnHint() started.
[2026-07-16T10:56:07.012Z] [INFO] [keycmd] MIDIKeyCommands channel started (48 commands mapped) — Mock KeyCmd transport ready (MIDIKeyCommandsChannel.swift:111)
✔ Test testKeyCmdChannelDetailIncludesManualLearnHint() passed after 0.001 seconds.
◇ Test testKeyCmdChannelDetailMentionsCoverageMatrix() started.
[2026-07-16T10:56:07.013Z] [INFO] [keycmd] MIDIKeyCommands channel started (48 commands mapped) — Mock KeyCmd transport ready (MIDIKeyCommandsChannel.swift:111)
✔ Test testKeyCmdChannelDetailMentionsCoverageMatrix() passed after 0.001 seconds.
◇ Test testKeyCmdChannelDetailListsKeycmdOnlyOps() started.
[2026-07-16T10:56:07.014Z] [INFO] [keycmd] MIDIKeyCommands channel started (48 commands mapped) — Mock KeyCmd transport ready (MIDIKeyCommandsChannel.swift:111)
✔ Test testKeyCmdChannelDetailListsKeycmdOnlyOps() passed after 0.001 seconds.
◇ Test testKeyCmdChannelDetailListsOrphanOps() started.
[2026-07-16T10:56:07.015Z] [INFO] [keycmd] MIDIKeyCommands channel started (48 commands mapped) — Mock KeyCmd transport ready (MIDIKeyCommandsChannel.swift:111)
✔ Test testKeyCmdChannelDetailListsOrphanOps() passed after 0.001 seconds.
◇ Test testKeyCmdChannelDetailUnderOneKB() started.
[2026-07-16T10:56:07.017Z] [INFO] [keycmd] MIDIKeyCommands channel started (48 commands mapped) — Mock KeyCmd transport ready (MIDIKeyCommandsChannel.swift:111)
✔ Test testKeyCmdChannelDetailUnderOneKB() passed after 0.001 seconds.
◇ Test testKeyCmdChannelVerificationStatusUnchanged() started.
[2026-07-16T10:56:07.017Z] [INFO] [keycmd] MIDIKeyCommands channel started (48 commands mapped) — Mock KeyCmd transport ready (MIDIKeyCommandsChannel.swift:111)
✔ Test testKeyCmdChannelVerificationStatusUnchanged() passed after 0.001 seconds.
◇ Test testKeyCmdChannelAvailableReadyUnchanged() started.
[2026-07-16T10:56:07.018Z] [INFO] [keycmd] MIDIKeyCommands channel started (48 commands mapped) — Mock KeyCmd transport ready (MIDIKeyCommandsChannel.swift:111)
✔ Test testKeyCmdChannelAvailableReadyUnchanged() passed after 0.001 seconds.
◇ Test testTrackSelectReturnsVerifiedTrueWhenSelectedChildMatches() started.
[2026-07-16T10:56:08.023Z] [WARN] [process] '/usr/bin/osascript' exceeded 1.0s timeout (pid 70255); sending SIGTERM (BoundedProcessRunner.swift:93)
✔ Test testTrackSelectReturnsVerifiedTrueWhenSelectedChildMatches() passed after 1.230 seconds.
◇ Test testTrackSelectReturnsStateCWhenHeaderMissing() started.
✔ Test testTrackSelectReturnsStateCWhenHeaderMissing() passed after 0.001 seconds.
◇ Test testTrackSelectReturnsStateBReadbackMismatchOnMismatch() started.
[2026-07-16T10:56:09.253Z] [WARN] [process] '/usr/bin/osascript' exceeded 1.0s timeout (pid 70326); sending SIGTERM (BoundedProcessRunner.swift:93)
✔ Test testTrackSelectReturnsStateBReadbackMismatchOnMismatch() passed after 2.074 seconds.
◇ Test testLibraryReadBackReturnsNilWhenNoBrowserPresent() started.
✔ Test testLibraryReadBackReturnsNilWhenNoBrowserPresent() passed after 0.001 seconds.
◇ Test testSetCycleRangeReturnsErrorWhenNoTransportFields() started.
✔ Test testSetCycleRangeReturnsErrorWhenNoTransportFields() passed after 0.001 seconds.
◇ Test testSetCycleRangeOsascriptFallbackFailsClosedWithoutReadback() started.
✔ Test testSetCycleRangeOsascriptFallbackFailsClosedWithoutReadback() passed after 0.001 seconds.
◇ Test testTrackRenameMissingParamsReturnsStateCInvalidParams() started.
✔ Test testTrackRenameMissingParamsReturnsStateCInvalidParams() passed after 0.001 seconds.
◇ Test testTrackRenameMissingHeaderReturnsStateCElementNotFound() started.
✔ Test testTrackRenameMissingHeaderReturnsStateCElementNotFound() passed after 0.001 seconds.
◇ Test testTrackSetMuteMissingHeaderReturnsErrorMessage() started.
✔ Test testTrackSetMuteMissingHeaderReturnsErrorMessage() passed after 0.001 seconds.
◇ Test testTrackSetColorReturnsNotImplemented() started.
✔ Test testTrackSetColorReturnsNotImplemented() passed after 0.001 seconds.
◇ Test testRegionMoveToPlayheadStateAEnvelope() started.
✔ Test testRegionMoveToPlayheadStateAEnvelope() passed after 0.002 seconds.
◇ Test testRegionSelectLastStateAEnvelope() started.
✔ Test testRegionSelectLastStateAEnvelope() passed after 0.002 seconds.
◇ Test testPortUnavailableErrorRawValue() started.
✔ Test testPortUnavailableErrorRawValue() passed after 0.001 seconds.
◇ Test testPortUnavailableInTerminalErrorCodes() started.
✔ Test testPortUnavailableInTerminalErrorCodes() passed after 0.001 seconds.
◇ Test testIsTerminalStateCWithPortUnavailableEnvelope() started.
✔ Test testIsTerminalStateCWithPortUnavailableEnvelope() passed after 0.001 seconds.
◇ Test testEncodeStateCPortUnavailableEnvelopeShape() started.
✔ Test testEncodeStateCPortUnavailableEnvelopeShape() passed after 0.001 seconds.
◇ Test testExistingFailureErrorsUnaffected() started.
✔ Test testExistingFailureErrorsUnaffected() passed after 0.001 seconds.
◇ Test testStateAEncodesSuccessVerifiedTrue() started.
✔ Test testStateAEncodesSuccessVerifiedTrue() passed after 0.001 seconds.
◇ Test testStateBRequiresReasonAndHasSuccessVerifiedFalse() started.
✔ Test testStateBRequiresReasonAndHasSuccessVerifiedFalse() passed after 0.001 seconds.
◇ Test testStateBReadbackUnavailableReason() started.
✔ Test testStateBReadbackUnavailableReason() passed after 0.001 seconds.
◇ Test testStateBRetryExhaustedReason() started.
✔ Test testStateBRetryExhaustedReason() passed after 0.001 seconds.
◇ Test testStateCRequiresErrorEnum() started.
✔ Test testStateCRequiresErrorEnum() passed after 0.001 seconds.
◇ Test testStateCElementNotFoundHasNoAxCodeByDefault() started.
✔ Test testStateCElementNotFoundHasNoAxCodeByDefault() passed after 0.001 seconds.
◇ Test testStateCReadbackUnavailableError() started.
✔ Test testStateCReadbackUnavailableError() passed after 0.001 seconds.
◇ Test testReadbackUnavailableInTerminalErrorCodes() started.
✔ Test testReadbackUnavailableInTerminalErrorCodes() passed after 0.001 seconds.
◇ Test testStateCErrorCodeExtraction() started.
✔ Test testStateCErrorCodeExtraction() passed after 0.001 seconds.
◇ Test testJSONIsSortedKeyDeterministic() started.
✔ Test testJSONIsSortedKeyDeterministic() passed after 0.001 seconds.
◇ Test "addExtras: State A 응답에 extras top-level merge" started.
✔ Test "addExtras: State A 응답에 extras top-level merge" passed after 0.001 seconds.
◇ Test "addExtras: State B 응답에 reason 보존 + extras merge" started.
✔ Test "addExtras: State B 응답에 reason 보존 + extras merge" passed after 0.001 seconds.
◇ Test "addExtras: State C (success:false) 는 변경 없이 통과 — error 보존" started.
✔ Test "addExtras: State C (success:false) 는 변경 없이 통과 — error 보존" passed after 0.001 seconds.
◇ Test "addExtras: 비-JSON 입력 → 원본 그대로" started.
✔ Test "addExtras: 비-JSON 입력 → 원본 그대로" passed after 0.001 seconds.
◇ Test testV2StateACarriesStateAndSchema() started.
✔ Test testV2StateACarriesStateAndSchema() passed after 0.001 seconds.
◇ Test testV2StateBCarriesStateSchemaAndReason() started.
✔ Test testV2StateBCarriesStateSchemaAndReason() passed after 0.001 seconds.
◇ Test testV2StateCCarriesVerifiedFalseAndState() started.
✔ Test testV2StateCCarriesVerifiedFalseAndState() passed after 0.001 seconds.
◇ Test testV2NewErrorCodeRawValues() started.
✔ Test testV2NewErrorCodeRawValues() passed after 0.001 seconds.
◇ Test testDetectorRecognizesV2StateCAsEnvelope() started.
✔ Test testDetectorRecognizesV2StateCAsEnvelope() passed after 0.001 seconds.
◇ Test testDetectorRecognizesV2StateAAndBAsEnvelope() started.
✔ Test testDetectorRecognizesV2StateAAndBAsEnvelope() passed after 0.001 seconds.
◇ Test testV2StateCIsTerminalForVerifiedCodes() started.
✔ Test testV2StateCIsTerminalForVerifiedCodes() passed after 0.001 seconds.
◇ Test testV2NewTerminalCodesRegistered() started.
✔ Test testV2NewTerminalCodesRegistered() passed after 0.001 seconds.
◇ Test testV1StateCStillHasStateButNoVerifiedOrSchemaKeys() started.
✔ Test testV1StateCStillHasStateButNoVerifiedOrSchemaKeys() passed after 0.001 seconds.
◇ Test testV1StateAAndBStillHaveStateButNoSchemaKeys() started.
✔ Test testV1StateAAndBStillHaveStateButNoSchemaKeys() passed after 0.001 seconds.
◇ Test testReadbackMismatchNotAddedToTerminalCodes() started.
✔ Test testReadbackMismatchNotAddedToTerminalCodes() passed after 0.001 seconds.
◇ Suite "ADR-018 host parameters" started.
◇ Test onlyLogicHostedPlanesCanVerifyWrites() started.
✔ Test onlyLogicHostedPlanesCanVerifyWrites() passed after 0.001 seconds.
◇ Test preferredPlaneUsesProviderPriority() started.
✔ Test preferredPlaneUsesProviderPriority() passed after 0.001 seconds.
◇ Test fingerprintChangesInvalidateManifestAndHideParameters() started.
✔ Test fingerprintChangesInvalidateManifestAndHideParameters() passed after 0.001 seconds.
◇ Test unapprovedManifestFailsClosed() started.
✔ Test unapprovedManifestFailsClosed() passed after 0.001 seconds.
◇ Test unsupportedParameterIsHiddenAndRejected() started.
✔ Test unsupportedParameterIsHiddenAndRejected() passed after 0.001 seconds.
◇ Test nonHostedProviderCannotExposeOrValidateWrite() started.
✔ Test nonHostedProviderCannotExposeOrValidateWrite() passed after 0.001 seconds.
◇ Test approvedValidHostVerifiedParameterPasses() started.
✔ Test approvedValidHostVerifiedParameterPasses() passed after 0.001 seconds.
◇ Test invalidWriteReportsDeterministicFingerprintReasons() started.
✔ Test invalidWriteReportsDeterministicFingerprintReasons() passed after 0.001 seconds.
◇ Test sagaRequiresFullAndVerifiedInverseSnapshots() started.
✔ Test sagaRequiresFullAndVerifiedInverseSnapshots() passed after 0.001 seconds.
◇ Test manifestCodableRoundTrips() started.
✔ Test manifestCodableRoundTrips() passed after 0.001 seconds.
◇ Test adr018FeatureFlagDefaultsToFalse() started.
✔ Test adr018FeatureFlagDefaultsToFalse() passed after 0.001 seconds.
✔ Suite "ADR-018 host parameters" passed after 0.003 seconds.
◇ Test testInstallScriptStandaloneCopyWorksWithoutSiblingCommonFile() started.
✔ Test testInstallScriptStandaloneCopyWorksWithoutSiblingCommonFile() passed after 1.397 seconds.
◇ Test testInstallScriptSupportsPublishedV371ArchiveWithoutProjectHelpers() started.
✔ Test testInstallScriptSupportsPublishedV371ArchiveWithoutProjectHelpers() passed after 0.704 seconds.
◇ Test testInstallScriptRejectsUnsafeCustomShareDirBeforeMutation() started.
✔ Test testInstallScriptRejectsUnsafeCustomShareDirBeforeMutation() passed after 0.035 seconds.
◇ Test testInstallScriptUsesSudoWhenCustomShareDirNeedsElevation() started.
✔ Test testInstallScriptUsesSudoWhenCustomShareDirNeedsElevation() passed after 0.989 seconds.
◇ Test testInstallScriptRejectsSymlinkedHelperArchiveMember() started.
✔ Test testInstallScriptRejectsSymlinkedHelperArchiveMember() passed after 0.216 seconds.
◇ Test testInstallScriptRejectsTraversedProtectedInstallDirBeforeMutation() started.
✔ Test testInstallScriptRejectsTraversedProtectedInstallDirBeforeMutation() passed after 0.017 seconds.
◇ Test testInstallScriptRejectsCaseVariedProtectedInstallDirBeforeMutation() started.
✔ Test testInstallScriptRejectsCaseVariedProtectedInstallDirBeforeMutation() passed after 0.040 seconds.
◇ Test testInstallScriptInlineFallbackRejectsCaseVariedProtectedInstallDir() started.
✔ Test testInstallScriptInlineFallbackRejectsCaseVariedProtectedInstallDir() passed after 0.055 seconds.
◇ Test testUninstallScriptRejectsUnsafeEnvOverridesBeforeRemoval() started.
✔ Test testUninstallScriptRejectsUnsafeEnvOverridesBeforeRemoval() passed after 0.005 seconds.
◇ Test testUninstallScriptRejectsTraversedProtectedInstallDirBeforeRemoval() started.
✔ Test testUninstallScriptRejectsTraversedProtectedInstallDirBeforeRemoval() passed after 0.020 seconds.
◇ Test testInstallScriptPersistsShareDirIntoClaudeRegistrationForCustomNonBinLayouts() started.
✔ Test testInstallScriptPersistsShareDirIntoClaudeRegistrationForCustomNonBinLayouts() passed after 0.654 seconds.
◇ Test testInstallScriptHasNoExternalClickToolGate() started.
✔ Test testInstallScriptHasNoExternalClickToolGate() passed after 0.685 seconds.
◇ Test testReleasePackageScriptRequiresTeamIDForNotarizedMode() started.
✔ Test testReleasePackageScriptRequiresTeamIDForNotarizedMode() passed after 0.021 seconds.
◇ Test testReleaseTarballFixtureMatchesFormulaInstallPaths() started.
✔ Test testReleaseTarballFixtureMatchesFormulaInstallPaths() passed after 0.060 seconds.
◇ Test testInstallScriptRequiresPinnedReleaseVerificationByDefault() started.
✔ Test testInstallScriptRequiresPinnedReleaseVerificationByDefault() passed after 0.001 seconds.
◇ Test testPinnedInstallerDocsUseArchiveSHAEntry() started.
✔ Test testPinnedInstallerDocsUseArchiveSHAEntry() passed after 0.002 seconds.
◇ Test testInstallScriptIncludesSignatureAndGatekeeperVerification() started.
✔ Test testInstallScriptIncludesSignatureAndGatekeeperVerification() passed after 0.001 seconds.
◇ Test testInstallScriptExtractsTeamIDFromSingleLineReleaseMetadata() started.
✔ Test testInstallScriptExtractsTeamIDFromSingleLineReleaseMetadata() passed after 0.001 seconds.
◇ Test testInstallScriptRegistersClaudeAndKeyCommandsByDefault() started.
✔ Test testInstallScriptRegistersClaudeAndKeyCommandsByDefault() passed after 0.002 seconds.
◇ Test testInstallScriptEscalatesWhenEitherInstallOrSharePathNeedsSudo() started.
✔ Test testInstallScriptEscalatesWhenEitherInstallOrSharePathNeedsSudo() passed after 0.001 seconds.
◇ Test testReleaseWorkflowDualModesAndPublishesMetadata() started.
✔ Test testReleaseWorkflowDualModesAndPublishesMetadata() passed after 0.003 seconds.
◇ Test testReleaseWorkflowMarksHyphenTagsAsPrereleases() started.
✔ Test testReleaseWorkflowMarksHyphenTagsAsPrereleases() passed after 0.001 seconds.
◇ Test testReleaseWorkflowShareDirSatisfiesInstallerValidator() started.
✔ Test testReleaseWorkflowShareDirSatisfiesInstallerValidator() passed after 0.001 seconds.
◇ Test testDiscordLinkStaysOutOfReadmeButRemainsInSupportDocs() started.
✔ Test testDiscordLinkStaysOutOfReadmeButRemainsInSupportDocs() passed after 0.001 seconds.
◇ Test testCoverageWorkflowFailsClosedAndUsesWritableProfilePath() started.
✔ Test testCoverageWorkflowFailsClosedAndUsesWritableProfilePath() passed after 0.001 seconds.
◇ Test testLiveE2EHarnessRoutesCoverageProfilesToWritableTempDir() started.
✔ Test testLiveE2EHarnessRoutesCoverageProfilesToWritableTempDir() passed after 0.001 seconds.
◇ Test testStrictLiveE2EBridgeUsesRawStdIOCaptureInsteadOfPaneMirroring() started.
✔ Test testStrictLiveE2EBridgeUsesRawStdIOCaptureInsteadOfPaneMirroring() passed after 0.001 seconds.
◇ Test testScriptsFolderNoLongerShipsOneOffSpikeHarnesses() started.
✔ Test testScriptsFolderNoLongerShipsOneOffSpikeHarnesses() passed after 0.001 seconds.
◇ Test testLocalReleaseScriptSupportsStableAdhocAndFailsClosedOnRemoteCheck() started.
✔ Test testLocalReleaseScriptSupportsStableAdhocAndFailsClosedOnRemoteCheck() passed after 0.002 seconds.
◇ Test testStableReleaseScriptPreflightsAdhocTagBeforePush() started.
✔ Test testStableReleaseScriptPreflightsAdhocTagBeforePush() passed after 0.001 seconds.
◇ Test testFormulaClaudeRegistrationCaveatIncludesShareDirEnv() started.
✔ Test testFormulaClaudeRegistrationCaveatIncludesShareDirEnv() passed after 0.001 seconds.
◇ Test testUninstallScriptRemovesClaudeRegistrationAndKeepsManualScripterReminder() started.
✔ Test testUninstallScriptRemovesClaudeRegistrationAndKeepsManualScripterReminder() passed after 0.001 seconds.
◇ Test testKeyEventHelperSupportsReturnEnterAliasesAndPreflight() started.
✔ Test testKeyEventHelperSupportsReturnEnterAliasesAndPreflight() passed after 0.001 seconds.
◇ Test testMCULoopbackFaderRoundTrip() started.
✔ Test testMCULoopbackFaderRoundTrip() passed after 0.513 seconds.
◇ Test testMCULoopbackButtonRoundTrip() started.
✔ Test testMCULoopbackButtonRoundTrip() passed after 0.001 seconds.
◇ Test testMCUFeedbackSeedsTrackStateWithoutAXBootstrap() started.
✔ Test testMCUFeedbackSeedsTrackStateWithoutAXBootstrap() passed after 0.001 seconds.
◇ Test testMCUFeedbackSeedsChannelStripStateWithoutAXBootstrap() started.
✔ Test testMCUFeedbackSeedsChannelStripStateWithoutAXBootstrap() passed after 0.001 seconds.
◇ Test testRouterToChannelEndToEnd() started.
✔ Test testRouterToChannelEndToEnd() passed after 0.001 seconds.
◇ Test testLogicProNotRunningGraceful() started.
✔ Test testLogicProNotRunningGraceful() passed after 0.001 seconds.
◇ Test testKeyCommandFallbackToCGEvent() started.
✔ Test testKeyCommandFallbackToCGEvent() passed after 0.001 seconds.
◇ Test testConcurrentMCUCommands() started.
✔ Test testConcurrentMCUCommands() passed after 0.569 seconds.
◇ Test testDuplicatePortName() started.
✔ Test testDuplicatePortName() passed after 0.001 seconds.
◇ Test testLogicProCrashDetection() started.
✔ Test testLogicProCrashDetection() passed after 0.001 seconds.
◇ Test testDegradedModeNoAXPermission() started.
✔ Test testDegradedModeNoAXPermission() passed after 0.001 seconds.
◇ Test testDegradedModeNoAutomationPermission() started.
✔ Test testDegradedModeNoAutomationPermission() passed after 0.001 seconds.
◇ Suite "Issue105 goto note + verification" started.
◇ Test "verified goto_position drops the contradictory readback note" started.
✔ Test "verified goto_position drops the contradictory readback note" passed after 0.002 seconds.
◇ Test "goto_bar shares the same verified, note-free contract" started.
✔ Test "goto_bar shares the same verified, note-free contract" passed after 0.002 seconds.
◇ Test "mismatched readback fails closed as unverified State B" started.
✔ Test "mismatched readback fails closed as unverified State B" passed after 0.003 seconds.
✔ Suite "Issue105 goto note + verification" passed after 0.008 seconds.
◇ Suite "Issue106 track-toggle locator" started.
◇ Test "English checkboxes: Mute/Solo/Record Enable are located" started.
✔ Test "English checkboxes: Mute/Solo/Record Enable are located" passed after 0.001 seconds.
◇ Test "Korean checkboxes: 음소거/솔로/녹음 활성화 are located" started.
✔ Test "Korean checkboxes: 음소거/솔로/녹음 활성화 are located" passed after 0.001 seconds.
◇ Test "does not mismatch the Input Monitoring checkbox" started.
✔ Test "does not mismatch the Input Monitoring checkbox" passed after 0.001 seconds.
◇ Test "returns nil when no matching control exists (fail-closed)" started.
✔ Test "returns nil when no matching control exists (fail-closed)" passed after 0.001 seconds.
◇ Test "legacy AXButton fallback still works for older builds" started.
✔ Test "legacy AXButton fallback still works for older builds" passed after 0.001 seconds.
✔ Suite "Issue106 track-toggle locator" passed after 0.002 seconds.
◇ Suite "Issue107 mixer write" started.
◇ Test "volume contract↔raw round-trips through the fader taper" started.
✔ Test "volume contract↔raw round-trips through the fader taper" passed after 0.001 seconds.
◇ Test "volume contract→raw is monotonic increasing" started.
✔ Test "volume contract→raw is monotonic increasing" passed after 0.001 seconds.
◇ Test "header pan: raw center→0, rails→±1" started.
✔ Test "header pan: raw center→0, rails→±1" passed after 0.001 seconds.
◇ Test "findVolumeFader picks the Volume-described slider in a header" started.
✔ Test "findVolumeFader picks the Volume-described slider in a header" passed after 0.001 seconds.
◇ Test "findPanControlInHeader picks the pan slider, not the volume fader" started.
✔ Test "findPanControlInHeader picks the pan slider, not the volume fader" passed after 0.001 seconds.
✔ Suite "Issue107 mixer write" passed after 0.003 seconds.
◇ Suite "Issue108 midi import + mmc_locate" started.
◇ Test "mmc_locate(bar) verifies the playhead via transport-state read-back" started.
✔ Test "mmc_locate(bar) verifies the playhead via transport-state read-back" passed after 0.001 seconds.
◇ Test "mmc_locate(bar) fails closed when the playhead does not land" started.
✔ Test "mmc_locate(bar) fails closed when the playhead does not land" passed after 0.001 seconds.
◇ Test "mmc_locate rejects missing bar/time" started.
✔ Test "mmc_locate rejects missing bar/time" passed after 0.001 seconds.
◇ Test "import_file returns verified State A when a new track and MIDI region appear" started.
✔ Test "import_file returns verified State A when a new track and MIDI region appear" passed after 0.004 seconds.
◇ Test "import_file fails closed when a new track appears without a MIDI region" started.
✔ Test "import_file fails closed when a new track appears without a MIDI region" passed after 0.001 seconds.
◇ Test "import_file fails closed when no track is created" started.
✔ Test "import_file fails closed when no track is created" passed after 0.003 seconds.
◇ Test "import_file surfaces a typed error when the import menu click fails" started.
✔ Test "import_file surfaces a typed error when the import menu click fails" passed after 0.001 seconds.
◇ Test "import_file rejects a nonexistent file with a typed error" started.
✔ Test "import_file rejects a nonexistent file with a typed error" passed after 0.001 seconds.
✔ Suite "Issue108 midi import + mmc_locate" passed after 0.016 seconds.
◇ Suite "Issue109 zoom readback" started.
◇ Test "set_zoom_level writes the horizontal zoom slider and verifies (State A)" started.
✔ Test "set_zoom_level writes the horizontal zoom slider and verifies (State A)" passed after 0.195 seconds.
◇ Test "set_zoom_level maps level 1 to fully out and 10 to fully in" started.
✔ Test "set_zoom_level maps level 1 to fully out and 10 to fully in" passed after 0.579 seconds.
◇ Test "set_zoom_level falls back (non-terminal plain error) when no slider exists" started.
✔ Test "set_zoom_level falls back (non-terminal plain error) when no slider exists" passed after 0.002 seconds.
◇ Test "set_zoom is AX-first with key-command fallback in the router" started.
✔ Test "set_zoom is AX-first with key-command fallback in the router" passed after 0.001 seconds.
◇ Test "set_zoom_level rejects malformed level with TERMINAL State C invalid_params" started.
◇ Passing 1 argument params → ["level": "0"] to "set_zoom_level rejects malformed level with TERMINAL State C invalid_params"
◇ Passing 1 argument params → ["level": "11"] to "set_zoom_level rejects malformed level with TERMINAL State C invalid_params"
◇ Passing 1 argument params → ["level": "-1"] to "set_zoom_level rejects malformed level with TERMINAL State C invalid_params"
◇ Passing 1 argument params → ["level": "abc"] to "set_zoom_level rejects malformed level with TERMINAL State C invalid_params"
◇ Passing 1 argument params → ["level": ""] to "set_zoom_level rejects malformed level with TERMINAL State C invalid_params"
◇ Passing 1 argument params → [:] to "set_zoom_level rejects malformed level with TERMINAL State C invalid_params"
✔ Test "set_zoom_level rejects malformed level with TERMINAL State C invalid_params" passed after 0.004 seconds.
✔ Suite "Issue109 zoom readback" passed after 0.782 seconds.
◇ Suite "Issue110 save verification" started.
◇ Test "verified State A when the package mtime advances past the save start" started.
✔ Test "verified State A when the package mtime advances past the save start" passed after 0.001 seconds.
◇ Test "a -1712 reply timeout is still verified State A when the file was written" started.
✔ Test "a -1712 reply timeout is still verified State A when the file was written" passed after 0.001 seconds.
◇ Test "errored script + no write surfaces the error verbatim (terminal)" started.
✔ Test "errored script + no write surfaces the error verbatim (terminal)" passed after 0.001 seconds.
◇ Test "State B (no false success) when success but mtime did not advance" started.
✔ Test "State B (no false success) when success but mtime did not advance" passed after 0.001 seconds.
◇ Test "untitled document (no path) stays an honest State B" started.
✔ Test "untitled document (no path) stays an honest State B" passed after 0.001 seconds.
◇ Test "project.save on an untitled document fails fast before any script fires" started.
✔ Test "project.save on an untitled document fails fast before any script fires" passed after 0.001 seconds.
◇ Test "project.save on a titled document still fires the save script" started.
✔ Test "project.save on a titled document still fires the save script" passed after 0.001 seconds.
✔ Suite "Issue110 save verification" passed after 0.004 seconds.
◇ Suite "Issue112 command deadline" started.
◇ Test "fast work passes through unchanged" started.
✔ Test "fast work passes through unchanged" passed after 0.001 seconds.
◇ Test "mutation gate reclaims a stale holder so a wedged op cannot lock out all mutations" started.
[2026-07-16T10:56:17.190Z] [WARN] [server] Reclaiming stale mutation gate from logic_tracks.rename held 11s (TTL 10s) — prior op may still be wedged (LogicProServer.swift:197)
✔ Test "mutation gate reclaims a stale holder so a wedged op cannot lock out all mutations" passed after 0.001 seconds.
◇ Test "mutation gate same-name reclaim is release-safe via epoch" started.
[2026-07-16T10:56:17.190Z] [WARN] [server] Reclaiming stale mutation gate from logic_project.export_run held 2s (TTL 1s) — prior op may still be wedged (LogicProServer.swift:197)
✔ Test "mutation gate same-name reclaim is release-safe via epoch" passed after 0.001 seconds.
◇ Test "work that exceeds the deadline returns typed operation_timeout" started.
✔ Test "work that exceeds the deadline returns typed operation_timeout" passed after 0.226 seconds.
◇ Test "non-cooperative blocking work does not hold the deadline scope open" started.
✔ Test "non-cooperative blocking work does not hold the deadline scope open" passed after 0.087 seconds.
◇ Test "operation_timeout is a terminal error code" started.
✔ Test "operation_timeout is a terminal error code" passed after 0.001 seconds.
◇ Test "deadline tiers: fast commands short, long/medium commands generous" started.
✔ Test "deadline tiers: fast commands short, long/medium commands generous" passed after 0.001 seconds.
◇ Test "all mutating transport commands hold the timeout mutation gate" started.
✔ Test "all mutating transport commands hold the timeout mutation gate" passed after 0.001 seconds.
◇ Test "the deadline timeout result is shaped like a State C envelope" started.
✔ Test "the deadline timeout result is shaped like a State C envelope" passed after 0.002 seconds.
◇ Test "a timed-out holder is reclaimed after the short grace, not the full stale TTL" started.
[2026-07-16T10:56:17.511Z] [WARN] [server] Reclaiming timed-out mutation gate from logic_transport.play (grace 15s elapsed) — prior op was abandoned by the command deadline (LogicProServer.swift:192)
✔ Test "a timed-out holder is reclaimed after the short grace, not the full stale TTL" passed after 0.001 seconds.
◇ Test "markTimedOut is epoch-guarded against an already-reclaimed successor" started.
[2026-07-16T10:56:17.512Z] [WARN] [server] Reclaiming stale mutation gate from logic_tracks.rename held 6s (TTL 5s) — prior op may still be wedged (LogicProServer.swift:197)
✔ Test "markTimedOut is epoch-guarded against an already-reclaimed successor" passed after 0.001 seconds.
◇ Test "a healthy (non-timed-out) holder still requires the full stale TTL" started.
[2026-07-16T10:56:17.512Z] [WARN] [server] Reclaiming stale mutation gate from logic_project.bounce held 361s (TTL 360s) — prior op may still be wedged (LogicProServer.swift:197)
✔ Test "a healthy (non-timed-out) holder still requires the full stale TTL" passed after 0.001 seconds.
◇ Test "a timed-out mutating deadline result advertises bounded gate reclaim" started.
✔ Test "a timed-out mutating deadline result advertises bounded gate reclaim" passed after 0.002 seconds.
◇ Test "a timed-out mutating op frees the gate after the reclaim grace, end-to-end" started.
[2026-07-16T10:56:18.181Z] [WARN] [server] Reclaiming timed-out mutation gate from logic_transport.play (grace 0s elapsed) — prior op was abandoned by the command deadline (LogicProServer.swift:192)
✔ Test "a timed-out mutating op frees the gate after the reclaim grace, end-to-end" passed after 0.666 seconds.
✔ Suite "Issue112 command deadline" passed after 0.993 seconds.
◇ Test testOccludedSessionFailsClosedWithDialogNotFound(sentinel:) started.
◇ Passing 1 argument sentinel → "{"result":"DIALOG_NOT_FOUND: file-open sheet did not appear"}" to testOccludedSessionFailsClosedWithDialogNotFound(sentinel:)
◇ Passing 1 argument sentinel → "{"result":"DIALOG_NOT_FOUND: go-to-folder field did not accept the path"}" to testOccludedSessionFailsClosedWithDialogNotFound(sentinel:)
✔ Test testOccludedSessionFailsClosedWithDialogNotFound(sentinel:) passed after 0.009 seconds.
◇ Test testCleanSessionVerifiesImportStateAAndSeesDialog() started.
✔ Test testCleanSessionVerifiesImportStateAAndSeesDialog() passed after 0.003 seconds.
◇ Suite "Issue #125 — shipped bounce needs no record-enabled track" started.
◇ Test "shipped bounceToPath seam produces a verified artifact with NO record-track precondition" started.
2026-07-16 19:56:18.201 swiftpm-testing-helper[65118:99130612] Audio files cannot be non-interleaved. Ignoring setting AVLinearPCMIsNonInterleaved YES.
✔ Test "shipped bounceToPath seam produces a verified artifact with NO record-track precondition" passed after 0.020 seconds.
◇ Test "a failed shipped bounce yields an honest State C error, never a false success" started.
✔ Test "a failed shipped bounce yields an honest State C error, never a false success" passed after 0.001 seconds.
◇ Test "a post-click shipped bounce failure preserves bounceFired so retries stay honest" started.
✔ Test "a post-click shipped bounce failure preserves bounceFired so retries stay honest" passed after 0.001 seconds.
◇ Test "shipped bounce rejects helper artifact paths that change the planned stem" started.
2026-07-16 19:56:18.219 swiftpm-testing-helper[65118:99130612] Audio files cannot be non-interleaved. Ignoring setting AVLinearPCMIsNonInterleaved YES.
✔ Test "shipped bounce rejects helper artifact paths that change the planned stem" passed after 0.002 seconds.
✔ Suite "Issue #125 — shipped bounce needs no record-enabled track" passed after 0.025 seconds.
◇ Test testRecordSequenceFailsClosedOnPhantomTrackCreation() started.
✔ Test testRecordSequenceFailsClosedOnPhantomTrackCreation() passed after 0.852 seconds.
◇ Test testRecordSequenceFailsClosedOnReadbackMismatchImportError() started.
✔ Test testRecordSequenceFailsClosedOnReadbackMismatchImportError() passed after 0.003 seconds.
◇ Suite "Issue136 goto_position honest verified:false on drift" started.
◇ Test "position-entry drift: success ack but verified:false readback_mismatch, never a bare verified success" started.
✔ Test "position-entry drift: success ack but verified:false readback_mismatch, never a bare verified success" passed after 0.001 seconds.
◇ Test "control case: exact readback match is the only path to verified:true" started.
✔ Test "control case: exact readback match is the only path to verified:true" passed after 0.001 seconds.
✔ Suite "Issue136 goto_position honest verified:false on drift" passed after 0.004 seconds.
◇ Suite "Issue139 track-mutation occlusion honesty" started.
◇ Test "create_instrument refuses while a blocking Logic dialog is present" started.
✔ Test "create_instrument refuses while a blocking Logic dialog is present" passed after 0.002 seconds.
◇ Test "mute under occluded read-back fails closed to State B, not a false State A" started.
✔ Test "mute under occluded read-back fails closed to State B, not a false State A" passed after 0.001 seconds.
◇ Test "solo under occluded read-back fails closed to State B, not a false State A" started.
✔ Test "solo under occluded read-back fails closed to State B, not a false State A" passed after 0.001 seconds.
◇ Test "arm under occluded read-back fails closed to State B, not a false State A" started.
✔ Test "arm under occluded read-back fails closed to State B, not a false State A" passed after 0.001 seconds.
◇ Test "mute under a hard occluded failure surfaces State C, never a success" started.
✔ Test "mute under a hard occluded failure surfaces State C, never a success" passed after 0.001 seconds.
◇ Test "a genuinely verified mute (State A) still succeeds — gate is not over-broad" started.
✔ Test "a genuinely verified mute (State A) still succeeds — gate is not over-broad" passed after 0.001 seconds.
✔ Suite "Issue139 track-mutation occlusion honesty" passed after 0.008 seconds.
◇ Suite "Issue141 library modal preconditions" started.
◇ Test "set_instrument refuses before routing while a blocking dialog is present" started.
✔ Test "set_instrument refuses before routing while a blocking dialog is present" passed after 0.002 seconds.
◇ Test "list_library refuses before routing while a blocking dialog is present" started.
✔ Test "list_library refuses before routing while a blocking dialog is present" passed after 0.001 seconds.
◇ Test "scan_plugin_presets refuses before routing while a blocking dialog is present" started.
✔ Test "scan_plugin_presets refuses before routing while a blocking dialog is present" passed after 0.001 seconds.
◇ Test "disk-only scan_library remains available while a blocking dialog is present" started.
✔ Test "disk-only scan_library remains available while a blocking dialog is present" passed after 0.001 seconds.
◇ Test "default scan_library remains available while a blocking dialog is present" started.
✔ Test "default scan_library remains available while a blocking dialog is present" passed after 0.001 seconds.
✔ Suite "Issue141 library modal preconditions" passed after 0.007 seconds.
◇ Suite "Issue144 project modal preconditions" started.
◇ Test "project.new refuses before routing while a blocking dialog is present" started.
[2026-07-16T10:56:19.100Z] [INFO] [project] [AUDIT] project.new rejected — blocking dialog (ProjectDispatcher.swift:948)
✔ Test "project.new refuses before routing while a blocking dialog is present" passed after 0.001 seconds.
◇ Test "project.save refuses before routing while a blocking dialog is present" started.
[2026-07-16T10:56:19.102Z] [INFO] [project] [AUDIT] project.save rejected — blocking dialog (ProjectDispatcher.swift:948)
✔ Test "project.save refuses before routing while a blocking dialog is present" passed after 0.001 seconds.
◇ Test "project.bounce refuses before routing while a blocking dialog is present" started.
[2026-07-16T10:56:19.103Z] [INFO] [project] [AUDIT] project.bounce rejected — blocking dialog (ProjectDispatcher.swift:948)
✔ Test "project.bounce refuses before routing while a blocking dialog is present" passed after 0.001 seconds.
✔ Suite "Issue144 project modal preconditions" passed after 0.004 seconds.
◇ Suite "Issue199 resource-read deadline" started.
◇ Test "a fast resource read passes through unchanged" started.
✔ Test "a fast resource read passes through unchanged" passed after 0.001 seconds.
◇ Test "a resource read that exceeds the deadline returns a typed operation_timeout body, not a hang" started.
✔ Test "a resource read that exceeds the deadline returns a typed operation_timeout body, not a hang" passed after 0.151 seconds.
◇ Test "a genuine read error is rethrown unchanged so JSON-RPC error semantics are preserved" started.
✔ Test "a genuine read error is rethrown unchanged so JSON-RPC error semantics are preserved" passed after 0.001 seconds.
◇ Test "the resource-read deadline matches the fast tool tier" started.
✔ Test "the resource-read deadline matches the fast tool tier" passed after 0.001 seconds.
◇ Test "the resource timeout body is a State C envelope shape" started.
✔ Test "the resource timeout body is a State C envelope shape" passed after 0.001 seconds.
✔ Suite "Issue199 resource-read deadline" passed after 0.154 seconds.
◇ Suite "Issue200 indexed template empty-state" started.
◇ Test "logic://tracks/{i} out of range returns a typed index_out_of_range body, not -32602" started.
✔ Test "logic://tracks/{i} out of range returns a typed index_out_of_range body, not -32602" passed after 0.001 seconds.
◇ Test "logic://mixer/{i} out of range returns a typed index_out_of_range body" started.
✔ Test "logic://mixer/{i} out of range returns a typed index_out_of_range body" passed after 0.001 seconds.
◇ Test "a negative index is also a typed body, never a raw -32602" started.
✔ Test "a negative index is also a typed body, never a raw -32602" passed after 0.001 seconds.
◇ Test "mixer out-of-range reports the ACTUAL trackIndex set, not a misleading 0..<N range" started.
✔ Test "mixer out-of-range reports the ACTUAL trackIndex set, not a misleading 0..<N range" passed after 0.001 seconds.
◇ Test "index_out_of_range is a terminal, classifiable error code" started.
✔ Test "index_out_of_range is a terminal, classifiable error code" passed after 0.001 seconds.
✔ Suite "Issue200 indexed template empty-state" passed after 0.004 seconds.
◇ Suite "Issue202 surface consistency — not-exposed commands" started.
◇ Test "every not-exposed command returns one machine-classifiable command_not_exposed shape" started.
✔ Test "every not-exposed command returns one machine-classifiable command_not_exposed shape" passed after 0.005 seconds.
◇ Test "command_not_exposed is a distinct, terminal, classifiable code" started.
✔ Test "command_not_exposed is a distinct, terminal, classifiable code" passed after 0.001 seconds.
✔ Suite "Issue202 surface consistency — not-exposed commands" passed after 0.005 seconds.
◇ Suite "Issue220 concurrent large reads" started.
◇ Test "many concurrent large reads each return complete, valid JSON" started.
[2026-07-16T10:56:19.273Z] [WARN] [library] library-inventory cache missing at candidate paths: Resources/library-inventory.json, /Users/isaac/Library/Application Support/LogicProMCP/library-inventory.json. Run logic_library scan, or set LOGIC_PRO_MCP_LIBRARY_INVENTORY to an absolute path under the allowlist (extend via LOGIC_PRO_MCP_INVENTORY_ALLOWLIST if needed). (ResourceHandlers+LibraryInventory.swift:185)
[2026-07-16T10:56:19.273Z] [WARN] [library] library-inventory cache missing at candidate paths: Resources/library-inventory.json, /Users/isaac/Library/Application Support/LogicProMCP/library-inventory.json. Run logic_library scan, or set LOGIC_PRO_MCP_LIBRARY_INVENTORY to an absolute path under the allowlist (extend via LOGIC_PRO_MCP_INVENTORY_ALLOWLIST if needed). (ResourceHandlers+LibraryInventory.swift:185)
[2026-07-16T10:56:19.274Z] [WARN] [library] library-inventory cache missing at candidate paths: Resources/library-inventory.json, /Users/isaac/Library/Application Support/LogicProMCP/library-inventory.json. Run logic_library scan, or set LOGIC_PRO_MCP_LIBRARY_INVENTORY to an absolute path under the allowlist (extend via LOGIC_PRO_MCP_INVENTORY_ALLOWLIST if needed). (ResourceHandlers+LibraryInventory.swift:185)
[2026-07-16T10:56:19.280Z] [WARN] [library] library-inventory cache missing at candidate paths: Resources/library-inventory.json, /Users/isaac/Library/Application Support/LogicProMCP/library-inventory.json. Run logic_library scan, or set LOGIC_PRO_MCP_LIBRARY_INVENTORY to an absolute path under the allowlist (extend via LOGIC_PRO_MCP_INVENTORY_ALLOWLIST if needed). (ResourceHandlers+LibraryInventory.swift:185)
[2026-07-16T10:56:19.286Z] [WARN] [library] library-inventory cache missing at candidate paths: Resources/library-inventory.json, /Users/isaac/Library/Application Support/LogicProMCP/library-inventory.json. Run logic_library scan, or set LOGIC_PRO_MCP_LIBRARY_INVENTORY to an absolute path under the allowlist (extend via LOGIC_PRO_MCP_INVENTORY_ALLOWLIST if needed). (ResourceHandlers+LibraryInventory.swift:185)
[2026-07-16T10:56:24.290Z] [WARN] [process] '/usr/bin/osascript' exceeded 5.0s timeout (pid 71365); sending SIGTERM (BoundedProcessRunner.swift:93)
[2026-07-16T10:56:24.291Z] [WARN] [process] '/usr/bin/osascript' exceeded 5.0s timeout (pid 71366); sending SIGTERM (BoundedProcessRunner.swift:93)
[2026-07-16T10:56:24.293Z] [WARN] [process] '/usr/bin/osascript' exceeded 5.0s timeout (pid 71367); sending SIGTERM (BoundedProcessRunner.swift:93)
[2026-07-16T10:56:24.294Z] [WARN] [process] '/usr/bin/osascript' exceeded 5.0s timeout (pid 71369); sending SIGTERM (BoundedProcessRunner.swift:93)
[2026-07-16T10:56:24.299Z] [ERROR] [appleScript] AppleScript child process failed: timedOut (AppleScriptChannel.swift:492)
[2026-07-16T10:56:24.299Z] [WARN] [process] '/usr/bin/osascript' exceeded 5.0s timeout (pid 71368); sending SIGTERM (BoundedProcessRunner.swift:93)
[2026-07-16T10:56:24.299Z] [ERROR] [appleScript] AppleScript error: AppleScript error: timedOut (AppleScriptChannel.swift:493)
[2026-07-16T10:56:24.301Z] [WARN] [process] '/usr/bin/osascript' exceeded 5.0s timeout (pid 71370); sending SIGTERM (BoundedProcessRunner.swift:93)
[2026-07-16T10:56:24.302Z] [WARN] [process] '/usr/bin/osascript' exceeded 5.0s timeout (pid 71371); sending SIGTERM (BoundedProcessRunner.swift:93)
[2026-07-16T10:56:24.304Z] [WARN] [process] '/usr/bin/osascript' exceeded 5.0s timeout (pid 71372); sending SIGTERM (BoundedProcessRunner.swift:93)
[2026-07-16T10:56:24.304Z] [WARN] [process] '/usr/bin/osascript' exceeded 5.0s timeout (pid 71376); sending SIGTERM (BoundedProcessRunner.swift:93)
[2026-07-16T10:56:24.310Z] [WARN] [process] '/usr/bin/osascript' exceeded 5.0s timeout (pid 71375); sending SIGTERM (BoundedProcessRunner.swift:93)
[2026-07-16T10:56:24.311Z] [WARN] [process] '/usr/bin/osascript' exceeded 5.0s timeout (pid 71374); sending SIGTERM (BoundedProcessRunner.swift:93)
[2026-07-16T10:56:24.304Z] [WARN] [process] '/usr/bin/osascript' exceeded 5.0s timeout (pid 71373); sending SIGTERM (BoundedProcessRunner.swift:93)
[2026-07-16T10:56:24.315Z] [ERROR] [appleScript] AppleScript child process failed: timedOut (AppleScriptChannel.swift:492)
[2026-07-16T10:56:24.315Z] [ERROR] [appleScript] AppleScript error: AppleScript error: timedOut (AppleScriptChannel.swift:493)
[2026-07-16T10:56:24.317Z] [ERROR] [appleScript] AppleScript child process failed: timedOut (AppleScriptChannel.swift:492)
[2026-07-16T10:56:24.317Z] [ERROR] [appleScript] AppleScript child process failed: timedOut (AppleScriptChannel.swift:492)
[2026-07-16T10:56:24.317Z] [ERROR] [appleScript] AppleScript error: AppleScript error: timedOut (AppleScriptChannel.swift:493)
[2026-07-16T10:56:24.317Z] [ERROR] [appleScript] AppleScript child process failed: timedOut (AppleScriptChannel.swift:492)
[2026-07-16T10:56:24.317Z] [ERROR] [appleScript] AppleScript error: AppleScript error: timedOut (AppleScriptChannel.swift:493)
[2026-07-16T10:56:24.318Z] [ERROR] [appleScript] AppleScript child process failed: timedOut (AppleScriptChannel.swift:492)
[2026-07-16T10:56:24.318Z] [ERROR] [appleScript] AppleScript error: AppleScript error: timedOut (AppleScriptChannel.swift:493)
[2026-07-16T10:56:24.317Z] [ERROR] [appleScript] AppleScript child process failed: timedOut (AppleScriptChannel.swift:492)
[2026-07-16T10:56:24.319Z] [ERROR] [appleScript] AppleScript error: AppleScript error: timedOut (AppleScriptChannel.swift:493)
[2026-07-16T10:56:24.317Z] [ERROR] [appleScript] AppleScript error: AppleScript error: timedOut (AppleScriptChannel.swift:493)
[2026-07-16T10:56:24.320Z] [ERROR] [appleScript] AppleScript child process failed: timedOut (AppleScriptChannel.swift:492)
[2026-07-16T10:56:24.320Z] [ERROR] [appleScript] AppleScript error: AppleScript error: timedOut (AppleScriptChannel.swift:493)
[2026-07-16T10:56:24.320Z] [ERROR] [appleScript] AppleScript child process failed: timedOut (AppleScriptChannel.swift:492)
[2026-07-16T10:56:24.320Z] [ERROR] [appleScript] AppleScript error: AppleScript error: timedOut (AppleScriptChannel.swift:493)
[2026-07-16T10:56:24.321Z] [ERROR] [appleScript] AppleScript child process failed: timedOut (AppleScriptChannel.swift:492)
[2026-07-16T10:56:24.321Z] [ERROR] [appleScript] AppleScript error: AppleScript error: timedOut (AppleScriptChannel.swift:493)
[2026-07-16T10:56:29.317Z] [WARN] [process] '/usr/bin/osascript' exceeded 5.0s timeout (pid 71548); sending SIGTERM (BoundedProcessRunner.swift:93)
[2026-07-16T10:56:29.320Z] [WARN] [process] '/usr/bin/osascript' exceeded 5.0s timeout (pid 71549); sending SIGTERM (BoundedProcessRunner.swift:93)
[2026-07-16T10:56:29.322Z] [WARN] [process] '/usr/bin/osascript' exceeded 5.0s timeout (pid 71550); sending SIGTERM (BoundedProcessRunner.swift:93)
[2026-07-16T10:56:29.324Z] [ERROR] [appleScript] Suppressed 2 identical messages (AppleScriptChannel.swift:492)
[2026-07-16T10:56:29.324Z] [ERROR] [appleScript] AppleScript child process failed: timedOut (AppleScriptChannel.swift:492)
[2026-07-16T10:56:29.324Z] [ERROR] [appleScript] Suppressed 2 identical messages (AppleScriptChannel.swift:493)
[2026-07-16T10:56:29.324Z] [ERROR] [appleScript] AppleScript error: AppleScript error: timedOut (AppleScriptChannel.swift:493)
[2026-07-16T10:56:29.330Z] [ERROR] [appleScript] AppleScript child process failed: timedOut (AppleScriptChannel.swift:492)
[2026-07-16T10:56:29.330Z] [ERROR] [appleScript] AppleScript error: AppleScript error: timedOut (AppleScriptChannel.swift:493)
[2026-07-16T10:56:29.330Z] [ERROR] [appleScript] AppleScript child process failed: timedOut (AppleScriptChannel.swift:492)
[2026-07-16T10:56:29.330Z] [ERROR] [appleScript] AppleScript error: AppleScript error: timedOut (AppleScriptChannel.swift:493)
✔ Test "many concurrent large reads each return complete, valid JSON" passed after 10.075 seconds.
◇ Test "concurrent large reads interleaved with tool calls all complete" started.
[2026-07-16T10:56:29.348Z] [WARN] [library] library-inventory cache missing at candidate paths: Resources/library-inventory.json, /Users/isaac/Library/Application Support/LogicProMCP/library-inventory.json. Run logic_library scan, or set LOGIC_PRO_MCP_LIBRARY_INVENTORY to an absolute path under the allowlist (extend via LOGIC_PRO_MCP_INVENTORY_ALLOWLIST if needed). (ResourceHandlers+LibraryInventory.swift:185)
[2026-07-16T10:56:34.354Z] [WARN] [process] '/usr/bin/osascript' exceeded 5.0s timeout (pid 71594); sending SIGTERM (BoundedProcessRunner.swift:93)
[2026-07-16T10:56:34.356Z] [WARN] [process] '/usr/bin/osascript' exceeded 5.0s timeout (pid 71595); sending SIGTERM (BoundedProcessRunner.swift:93)
[2026-07-16T10:56:34.359Z] [WARN] [process] '/usr/bin/osascript' exceeded 5.0s timeout (pid 71596); sending SIGTERM (BoundedProcessRunner.swift:93)
[2026-07-16T10:56:34.366Z] [ERROR] [appleScript] AppleScript child process failed: timedOut (AppleScriptChannel.swift:492)
[2026-07-16T10:56:34.366Z] [ERROR] [appleScript] AppleScript error: AppleScript error: timedOut (AppleScriptChannel.swift:493)
[2026-07-16T10:56:34.366Z] [ERROR] [appleScript] AppleScript child process failed: timedOut (AppleScriptChannel.swift:492)
[2026-07-16T10:56:34.366Z] [ERROR] [appleScript] AppleScript error: AppleScript error: timedOut (AppleScriptChannel.swift:493)
[2026-07-16T10:56:34.366Z] [ERROR] [appleScript] AppleScript child process failed: timedOut (AppleScriptChannel.swift:492)
[2026-07-16T10:56:34.366Z] [ERROR] [appleScript] AppleScript error: AppleScript error: timedOut (AppleScriptChannel.swift:493)
✔ Test "concurrent large reads interleaved with tool calls all complete" passed after 5.026 seconds.
✔ Suite "Issue220 concurrent large reads" passed after 15.102 seconds.
◇ Suite "Issue221 mutation gate release" started.
◇ Test "a fast-FAILING mutating op releases the gate so the next mutation is not blocked" started.
✔ Test "a fast-FAILING mutating op releases the gate so the next mutation is not blocked" passed after 0.001 seconds.
◇ Test "a fast-succeeding mutating op releases the gate" started.
✔ Test "a fast-succeeding mutating op releases the gate" passed after 0.001 seconds.
◇ Test "LogicMutationGate.release frees the gate regardless of op outcome" started.
✔ Test "LogicMutationGate.release frees the gate regardless of op outcome" passed after 0.001 seconds.
◇ Test "a genuinely-overlapping mutation is refused honestly and the refusal is transient" started.
✔ Test "a genuinely-overlapping mutation is refused honestly and the refusal is transient" passed after 0.001 seconds.
✔ Suite "Issue221 mutation gate release" passed after 0.004 seconds.
◇ Test issue253AudioAndPluginsHelpReturnCategoryDocs() started.
✔ Test issue253AudioAndPluginsHelpReturnCategoryDocs() passed after 0.001 seconds.
◇ Test issue253UnknownCategoryListsAudioAndPluginsAsValid() started.
✔ Test issue253UnknownCategoryListsAudioAndPluginsAsValid() passed after 0.001 seconds.
◇ Test issue253SystemHelpFooterListsEveryToolCategory() started.
✔ Test issue253SystemHelpFooterListsEveryToolCategory() passed after 0.001 seconds.
◇ Test issue254CreateMarkerRoutesAccessibilityFirst() started.
✔ Test issue254CreateMarkerRoutesAccessibilityFirst() passed after 0.001 seconds.
◇ Test issue254CreateMarkerRejectsUnsafeNamesBeforeRouting() started.
✔ Test issue254CreateMarkerRejectsUnsafeNamesBeforeRouting() passed after 0.001 seconds.
◇ Test issue254ClosedMarkerListIsUnreadableRatherThanVerifiedEmpty() started.
✔ Test issue254ClosedMarkerListIsUnreadableRatherThanVerifiedEmpty() passed after 0.001 seconds.
◇ Test issue254OpenEmptyMarkerListIsVerifiedEmpty() started.
✔ Test issue254OpenEmptyMarkerListIsVerifiedEmpty() passed after 0.001 seconds.
◇ Test issue254MarkerResourceRefreshesFromLiveAX() started.
✔ Test issue254MarkerResourceRefreshesFromLiveAX() passed after 0.001 seconds.
◇ Test issue254MarkerResourcePreservesCacheWhenLiveAXIsUnreadable() started.
✔ Test issue254MarkerResourcePreservesCacheWhenLiveAXIsUnreadable() passed after 0.001 seconds.
◇ Test issue255NativeTogglesRouteAccessibilityFirst() started.
✔ Test issue255NativeTogglesRouteAccessibilityFirst() passed after 0.001 seconds.
◇ Test issue255CountInMatchesLogic123ControlBarTitle() started.
✔ Test issue255CountInMatchesLogic123ControlBarTitle() passed after 0.122 seconds.
◇ Test issue255StepInputUsesWindowMenuAndVerifiesWindowState() started.
✔ Test issue255StepInputUsesWindowMenuAndVerifiesWindowState() passed after 0.001 seconds.
◇ Suite "Issue #256 native Bounce menu" started.
◇ Test "menu click is verified by Bounce dialog readback" started.
✔ Test "menu click is verified by Bounce dialog readback" passed after 0.002 seconds.
◇ Test "System Events denial fails before opening the menu" started.
✔ Test "System Events denial fails before opening the menu" passed after 0.001 seconds.
◇ Test "missing native menu item returns a targeted terminal failure" started.
✔ Test "missing native menu item returns a targeted terminal failure" passed after 0.001 seconds.
◇ Test "menu click without a dialog fails closed" started.
✔ Test "menu click without a dialog fails closed" passed after 0.001 seconds.
✔ Suite "Issue #256 native Bounce menu" passed after 0.004 seconds.
◇ Test doctorCommandFailuresKeepTypedEvidenceAndActionableSummary() started.
✔ Test doctorCommandFailuresKeepTypedEvidenceAndActionableSummary() passed after 0.001 seconds.
◇ Test doctorCommandSuccessKeepsTypedEvidence() started.
✔ Test doctorCommandSuccessKeepsTypedEvidence() passed after 0.001 seconds.
◇ Test doctorCommandNonzeroExitRemainsDistinctFromExecutionFailures() started.
✔ Test doctorCommandNonzeroExitRemainsDistinctFromExecutionFailures() passed after 0.001 seconds.
◇ Test doctorRuntimeReportsAllowlistRejectionWithoutSpawning() started.
✔ Test doctorRuntimeReportsAllowlistRejectionWithoutSpawning() passed after 0.001 seconds.
◇ Suite "Issue60 locale phase 3 token bags" started.
◇ Test "marker container keywords cover EN + KO" started.
✔ Test "marker container keywords cover EN + KO" passed after 0.001 seconds.
◇ Test "transport container metadata covers EN + KO" started.
✔ Test "transport container metadata covers EN + KO" passed after 0.001 seconds.
◇ Test "transport control keywords preserve the full EN + KO token set" started.
✔ Test "transport control keywords preserve the full EN + KO token set" passed after 0.001 seconds.
◇ Test "transport slider hint tokens cover EN + KO" started.
✔ Test "transport slider hint tokens cover EN + KO" passed after 0.001 seconds.
◇ Test "containsAny matches both EN and KO control-bar metadata (classifier semantics)" started.
✔ Test "containsAny matches both EN and KO control-bar metadata (classifier semantics)" passed after 0.001 seconds.
◇ Test "every Phase 3 token bag carries at least one Korean variant" started.
✔ Test "every Phase 3 token bag carries at least one Korean variant" passed after 0.001 seconds.
◇ Test "enumerateMarkers keyword-fallback classifies the marker container (EN + KO)" started.
◇ Passing 1 argument containerLabel → "Marker" to "enumerateMarkers keyword-fallback classifies the marker container (EN + KO)"
◇ Passing 1 argument containerLabel → "마커" to "enumerateMarkers keyword-fallback classifies the marker container (EN + KO)"
✔ Test "enumerateMarkers keyword-fallback classifies the marker container (EN + KO)" passed after 0.001 seconds.
◇ Test "enumerateMarkers keyword-fallback ignores a non-marker group" started.
✔ Test "enumerateMarkers keyword-fallback ignores a non-marker group" passed after 0.001 seconds.
◇ Test "getTransportBar classifies the control bar by metadata (EN + KO)" started.
◇ Passing 1 argument metadataLabel → "transport" to "getTransportBar classifies the control bar by metadata (EN + KO)"
◇ Passing 1 argument metadataLabel → "컨트롤 막대" to "getTransportBar classifies the control bar by metadata (EN + KO)"
✔ Test "getTransportBar classifies the control bar by metadata (EN + KO)" passed after 0.001 seconds.
✔ Suite "Issue60 locale phase 3 token bags" passed after 0.004 seconds.
◇ Suite "Issue60 locale phase 4 classifier bags" started.
◇ Test "every Phase 4 LabelSet carries exactly its original inline tokens" started.
✔ Test "every Phase 4 LabelSet carries exactly its original inline tokens" passed after 0.001 seconds.
◇ Test "every Phase 4 classifier bag carries at least one Korean variant" started.
✔ Test "every Phase 4 classifier bag carries at least one Korean variant" passed after 0.001 seconds.
◇ Test "containsAny matches EN + KO and rejects unrelated text (classifier semantics)" started.
✔ Test "containsAny matches EN + KO and rejects unrelated text (classifier semantics)" passed after 0.001 seconds.
◇ Test "containsAny is diacritic-SENSITIVE, mirroring the inline String.contains it replaced" started.
✔ Test "containsAny is diacritic-SENSITIVE, mirroring the inline String.contains it replaced" passed after 0.001 seconds.
◇ Test "mixerNamedElement exact-equality semantics (normalized lowercase)" started.
✔ Test "mixerNamedElement exact-equality semantics (normalized lowercase)" passed after 0.001 seconds.
◇ Test "trackContent normalized-exact bags: explicit vs generic do not overlap" started.
✔ Test "trackContent normalized-exact bags: explicit vs generic do not overlap" passed after 0.001 seconds.
◇ Test "isProjectPickerWindow classifies the picker by title (EN + KO), not a real project" started.
◇ Passing 2 arguments title → "Choose a Project", expected → true to "isProjectPickerWindow classifies the picker by title (EN + KO), not a real project"
◇ Passing 2 arguments title → "프로젝트 선택", expected → true to "isProjectPickerWindow classifies the picker by title (EN + KO), not a real project"
◇ Passing 2 arguments title → "New from Template", expected → true to "isProjectPickerWindow classifies the picker by title (EN + KO), not a real project"
◇ Passing 2 arguments title → "My Song - Tracks", expected → false to "isProjectPickerWindow classifies the picker by title (EN + KO), not a real project"
◇ Passing 2 arguments title → "Untitled 6 - Tracks", expected → false to "isProjectPickerWindow classifies the picker by title (EN + KO), not a real project"
✔ Test "isProjectPickerWindow classifies the picker by title (EN + KO), not a real project" passed after 0.001 seconds.
◇ Test "findPanControlInHeader locates the pan slider by Korean child description" started.
✔ Test "findPanControlInHeader locates the pan slider by Korean child description" passed after 0.001 seconds.
◇ Test "isOccupiedPluginSlotElement recognizes the bypass+open label pair (EN + KO)" started.
◇ Passing 2 arguments bypassLabel → "Bypass", openLabel → "Open" to "isOccupiedPluginSlotElement recognizes the bypass+open label pair (EN + KO)"
◇ Passing 2 arguments bypassLabel → "바이패스", openLabel → "열기" to "isOccupiedPluginSlotElement recognizes the bypass+open label pair (EN + KO)"
◇ Passing 2 arguments bypassLabel → "Bypass", openLabel → "List" to "isOccupiedPluginSlotElement recognizes the bypass+open label pair (EN + KO)"
◇ Passing 2 arguments bypassLabel → "바이패스", openLabel → "목록" to "isOccupiedPluginSlotElement recognizes the bypass+open label pair (EN + KO)"
✔ Test "isOccupiedPluginSlotElement recognizes the bypass+open label pair (EN + KO)" passed after 0.001 seconds.
◇ Test "pluginSlotDisplayName rejects automation-mode labels (EN + KO), accepts a real name" started.
◇ Passing 2 arguments description → "읽기, 오토메이션이 활성화됨", expected → nil to "pluginSlotDisplayName rejects automation-mode labels (EN + KO), accepts a real name"
◇ Passing 2 arguments description → "Read", expected → nil to "pluginSlotDisplayName rejects automation-mode labels (EN + KO), accepts a real name"
◇ Passing 2 arguments description → "Volume Automation", expected → nil to "pluginSlotDisplayName rejects automation-mode labels (EN + KO), accepts a real name"
◇ Passing 2 arguments description → "채널 EQ 오토메이션", expected → nil to "pluginSlotDisplayName rejects automation-mode labels (EN + KO), accepts a real name"
◇ Passing 2 arguments description → "Channel EQ", expected → "Channel EQ" to "pluginSlotDisplayName rejects automation-mode labels (EN + KO), accepts a real name"
◇ Passing 2 arguments description → "컴프레서", expected → "컴프레서" to "pluginSlotDisplayName rejects automation-mode labels (EN + KO), accepts a real name"
✔ Test "pluginSlotDisplayName rejects automation-mode labels (EN + KO), accepts a real name" passed after 0.001 seconds.
✔ Suite "Issue60 locale phase 4 classifier bags" passed after 0.007 seconds.
◇ Test decodeV317ProjectInfo_succeeds() started.
✔ Test decodeV317ProjectInfo_succeeds() passed after 0.001 seconds.
◇ Test decodeV317TrackState_succeeds() started.
✔ Test decodeV317TrackState_succeeds() passed after 0.001 seconds.
◇ Test encodeV318ProjectInfo_includesNewFields() started.
✔ Test encodeV318ProjectInfo_includesNewFields() passed after 0.001 seconds.
◇ Test encodeV318TrackState_placeholderEmittedWhenSet() started.
✔ Test encodeV318TrackState_placeholderEmittedWhenSet() passed after 0.001 seconds.
◇ Test roundTripV317JsonThroughV318Decoder_preservesShape() started.
✔ Test roundTripV317JsonThroughV318Decoder_preservesShape() passed after 0.001 seconds.
◇ Test S1_TracksPanelFocused_AllResourcesLive() started.
✔ Test S1_TracksPanelFocused_AllResourcesLive() passed after 0.003 seconds.
◇ Test S2_MixerPanelFocused_TracksFallbackToFileCount() started.
✔ Test S2_MixerPanelFocused_TracksFallbackToFileCount() passed after 0.001 seconds.
◇ Test S3_NoDocument_AllResourcesDefault() started.
✔ Test S3_NoDocument_AllResourcesDefault() passed after 0.001 seconds.
◇ Test S4_LiveCacheTempoVsStaleFile_CacheWins() started.
✔ Test S4_LiveCacheTempoVsStaleFile_CacheWins() passed after 0.001 seconds.
◇ Test S5_PlaceholderEmission_CacheUnpoisoned() started.
✔ Test S5_PlaceholderEmission_CacheUnpoisoned() passed after 0.001 seconds.
◇ Suite "JSONHelper" started.
◇ Test "encodeJSON produces sorted-key pretty-printed output" started.
✔ Test "encodeJSON produces sorted-key pretty-printed output" passed after 0.001 seconds.
◇ Test "encodeJSON with compact=true omits whitespace" started.
✔ Test "encodeJSON with compact=true omits whitespace" passed after 0.001 seconds.
◇ Test "encodeJSONStrict throws on unencodable value" started.
✔ Test "encodeJSONStrict throws on unencodable value" passed after 0.001 seconds.
◇ Test "encodeJSON fallback error message includes the failing type name" started.
✔ Test "encodeJSON fallback error message includes the failing type name" passed after 0.001 seconds.
◇ Test "decodeJSON roundtrips a Sample value" started.
✔ Test "decodeJSON roundtrips a Sample value" passed after 0.001 seconds.
◇ Test "decodeJSON throws on malformed input" started.
✔ Test "decodeJSON throws on malformed input" passed after 0.001 seconds.
◇ Test "handles nested optionals and empty arrays" started.
✔ Test "handles nested optionals and empty arrays" passed after 0.001 seconds.
◇ Test "handles large arrays without allocating a fresh encoder each time" started.
✔ Test "handles large arrays without allocating a fresh encoder each time" passed after 0.268 seconds.
✔ Suite "JSONHelper" passed after 0.270 seconds.
◇ Suite "LPMCP-PRD-001 production readiness RED" started.
◇ Test r_rel_rejectsReleaseWorkflowWithoutIndependentQualificationStep() started.
✔ Test r_rel_rejectsReleaseWorkflowWithoutIndependentQualificationStep() passed after 0.001 seconds.
◇ Test r_sem_rejectsWhenSemanticValidatorsCoverOnlyHealth() started.
✔ Test r_sem_rejectsWhenSemanticValidatorsCoverOnlyHealth() passed after 0.001 seconds.
◇ Test r_matrix_rejectsWhenManagedFixtureMatrixUnbound() started.
✔ Test r_matrix_rejectsWhenManagedFixtureMatrixUnbound() passed after 0.001 seconds.
◇ Test r_mut_r_prov_r_pub_rejectWhenMarkersAbsent() started.
✔ Test r_mut_r_prov_r_pub_rejectWhenMarkersAbsent() passed after 0.001 seconds.
◇ Test r_auth_rejectsMissingOrMismatchedDebtBoardSHA() started.
✔ Test r_auth_rejectsMissingOrMismatchedDebtBoardSHA() passed after 0.001 seconds.
◇ Test currentMainTreeOpensResidualLPMCPPRD001Debts() started.
✔ Test currentMainTreeOpensResidualLPMCPPRD001Debts() passed after 0.005 seconds.
◇ Test productionReadinessContractsAreSatisfiedOnCurrentTree() started.
✔ Test productionReadinessContractsAreSatisfiedOnCurrentTree() passed after 0.003 seconds.
✔ Suite "LPMCP-PRD-001 production readiness RED" passed after 0.009 seconds.
◇ Test libraryAccessorEnumerateUsesInjectedAXRuntimeForColumnsAndSelection() started.
✔ Test libraryAccessorEnumerateUsesInjectedAXRuntimeForColumnsAndSelection() passed after 0.001 seconds.
◇ Test libraryAccessorEnumerateReadsRightmostSelectedPresetForDeepColumns() started.
✔ Test libraryAccessorEnumerateReadsRightmostSelectedPresetForDeepColumns() passed after 0.001 seconds.
◇ Test libraryAccessorSegmentVisibleDetectsRowInVisibleBrowser() started.
✔ Test libraryAccessorSegmentVisibleDetectsRowInVisibleBrowser() passed after 0.001 seconds.
◇ Test libraryAccessorSegmentVisibleCanRequireRightmostColumn() started.
✔ Test libraryAccessorSegmentVisibleCanRequireRightmostColumn() passed after 0.001 seconds.
◇ Test libraryAccessorWaitForSegmentReturnsPromptlyWhenAlreadyVisible() started.
✔ Test libraryAccessorWaitForSegmentReturnsPromptlyWhenAlreadyVisible() passed after 0.001 seconds.
◇ Test libraryAccessorWaitForRightmostSegmentIgnoresSameNamedLeftColumn() started.
✔ Test libraryAccessorWaitForRightmostSegmentIgnoresSameNamedLeftColumn() passed after 0.127 seconds.
◇ Test libraryAccessorSelectionUsesInjectedSetAttributeAndActionRuntime() started.
✔ Test libraryAccessorSelectionUsesInjectedSetAttributeAndActionRuntime() passed after 3.788 seconds.
◇ Test libraryAccessorPresetMatchesAXTextWithFilesystemPadding() started.
✔ Test libraryAccessorPresetMatchesAXTextWithFilesystemPadding() passed after 1.194 seconds.
◇ Test libraryAccessorCategoryUsesNativeClickAfterAXSelection() started.
✔ Test libraryAccessorCategoryUsesNativeClickAfterAXSelection() passed after 0.716 seconds.
◇ Test libraryAccessorCategoryResetsHorizontalBrowserScrollBeforeSelection() started.
✔ Test libraryAccessorCategoryResetsHorizontalBrowserScrollBeforeSelection() passed after 0.700 seconds.
◇ Test libraryAccessorCategoryResetsHorizontalSiblingScrollBeforeSelection() started.
✔ Test libraryAccessorCategoryResetsHorizontalSiblingScrollBeforeSelection() passed after 0.717 seconds.
◇ Test libraryAccessorPresetFallsBackToNativeDoubleClickWhenAXPressCannotComplete() started.
✔ Test libraryAccessorPresetFallsBackToNativeDoubleClickWhenAXPressCannotComplete() passed after 1.215 seconds.
◇ Test libraryAccessorPresetCommitsWithNativeDoubleClickAfterAXSelection() started.
✔ Test libraryAccessorPresetCommitsWithNativeDoubleClickAfterAXSelection() passed after 1.211 seconds.
◇ Test libraryAccessorPresetDoesNotClickSameNamedLeftColumnCategory() started.
✔ Test libraryAccessorPresetDoesNotClickSameNamedLeftColumnCategory() passed after 0.001 seconds.
◇ Test libraryAccessorPresetRequiresASecondVisibleColumn() started.
✔ Test libraryAccessorPresetRequiresASecondVisibleColumn() passed after 0.001 seconds.
◇ Test libraryAccessorPresetSearchesRightmostColumnWithVerticalScroll() started.
✔ Test libraryAccessorPresetSearchesRightmostColumnWithVerticalScroll() passed after 2.215 seconds.
◇ Test libraryAccessorPresetCanSelectIntermediateFolderWithoutDoubleClickCommit() started.
✔ Test libraryAccessorPresetCanSelectIntermediateFolderWithoutDoubleClickCommit() passed after 0.989 seconds.
◇ Test libraryAccessorIntermediateFolderUsesNativeClickWithoutDoubleClickCommit() started.
✔ Test libraryAccessorIntermediateFolderUsesNativeClickWithoutDoubleClickCommit() passed after 0.373 seconds.
◇ Test libraryAccessorPresetClickUsesPointCapturedBeforeAXMutation() started.
✔ Test libraryAccessorPresetClickUsesPointCapturedBeforeAXMutation() passed after 0.356 seconds.
◇ Test libraryAccessorIntermediateFolderClicksBeforeAXSelectionCanSlideColumn() started.
✔ Test libraryAccessorIntermediateFolderClicksBeforeAXSelectionCanSlideColumn() passed after 0.374 seconds.
◇ Suite "T10: edge cases E1-E22" started.
◇ Test testE1_LibraryPanelClosed() started.
✔ Test testE1_LibraryPanelClosed() passed after 0.001 seconds.
◇ Test testE2_CategoryWith0Presets() started.
✔ Test testE2_CategoryWith0Presets() passed after 0.001 seconds.
◇ Test testE3_DuplicateSiblings() started.
✔ Test testE3_DuplicateSiblings() passed after 0.001 seconds.
◇ Test testE4_PresetNameWithSlash_EscapedCorrectly() started.
✔ Test testE4_PresetNameWithSlash_EscapedCorrectly() passed after 0.001 seconds.
◇ Test testE5_ExternalMutation_ScanReturnsNil() started.
✔ Test testE5_ExternalMutation_ScanReturnsNil() passed after 0.001 seconds.
◇ Test testE5b_ScannerSelfClick_NoAbort() started.
✔ Test testE5b_ScannerSelfClick_NoAbort() passed after 0.001 seconds.
◇ Test testE5c_FocusLoss_Abort() started.
✔ Test testE5c_FocusLoss_Abort() passed after 0.001 seconds.
◇ Test testE6_UnicodeRTLCategoryNames_Preserved() started.
✔ Test testE6_UnicodeRTLCategoryNames_Preserved() passed after 0.001 seconds.
◇ Test testE7_ColumnNeverPopulates_ProbeTimeout() started.
✔ Test testE7_ColumnNeverPopulates_ProbeTimeout() passed after 0.001 seconds.
◇ Test testE8_DepthExceeds12_TruncatedMarker() started.
✔ Test testE8_DepthExceeds12_TruncatedMarker() passed after 0.001 seconds.
◇ Test testE8b_CycleDetection_VisitedSet() started.
✔ Test testE8b_CycleDetection_VisitedSet() passed after 0.001 seconds.
◇ Test testE9_E18_NoWindow_Nil() started.
✔ Test testE9_E18_NoWindow_Nil() passed after 0.001 seconds.
◇ Test testE10b_PostEventAccess_BoolReadable() started.
✔ Test testE10b_PostEventAccess_BoolReadable() passed after 0.001 seconds.
◇ Test testE11_BothPathAndCategoryPreset_PathWins() started.
✔ Test testE11_BothPathAndCategoryPreset_PathWins() passed after 0.001 seconds.
◇ Test testE12_MissingBoth_ParserNil() started.
✔ Test testE12_MissingBoth_ParserNil() passed after 0.001 seconds.
◇ Test testE13_OffScreen_MathSanity() started.
✔ Test testE13_OffScreen_MathSanity() passed after 0.001 seconds.
◇ Test testE14_ZeroSoundLibraryInstalled() started.
✔ Test testE14_ZeroSoundLibraryInstalled() passed after 0.001 seconds.
◇ Test testE15_ConcurrentScan_SmokeTest() started.
✔ Test testE15_ConcurrentScan_SmokeTest() passed after 0.001 seconds.
◇ Test testE16_AXError_WrappedAsNil() started.
✔ Test testE16_AXError_WrappedAsNil() passed after 0.001 seconds.
◇ Test testE17_WriteFailure_Smoke() started.
✔ Test testE17_WriteFailure_Smoke() passed after 0.001 seconds.
◇ Test testE19_NoForceUnwrap_InPositionHelper() started.
✔ Test testE19_NoForceUnwrap_InPositionHelper() passed after 0.001 seconds.
◇ Test testE20_EmptyPathSegment_Nil() started.
✔ Test testE20_EmptyPathSegment_Nil() passed after 0.001 seconds.
◇ Test testE21_TrackIndexDrift_Documented() started.
✔ Test testE21_TrackIndexDrift_Documented() passed after 0.001 seconds.
◇ Test testE22_MultipleLibraryPanels_FirstUsed() started.
✔ Test testE22_MultipleLibraryPanels_FirstUsed() passed after 0.001 seconds.
◇ Test testP1_2_ReadSelectedTextInColumnSignatureExists() started.
✔ Test testP1_2_ReadSelectedTextInColumnSignatureExists() passed after 0.001 seconds.
◇ Test testP1_2_ReadSelectedPresetNameStillColumnAgnostic() started.
✔ Test testP1_2_ReadSelectedPresetNameStillColumnAgnostic() passed after 0.001 seconds.
✔ Suite "T10: edge cases E1-E22" passed after 0.016 seconds.
◇ Suite "T2: enumerateTree recursive walker" started.
◇ Test testEnumerateTree_HappyPath_2Level() started.
✔ Test testEnumerateTree_HappyPath_2Level() passed after 0.001 seconds.
◇ Test testEnumerateTree_Deep6Level() started.
✔ Test testEnumerateTree_Deep6Level() passed after 0.001 seconds.
◇ Test testEnumerateTree_MaxDepthTruncation() started.
✔ Test testEnumerateTree_MaxDepthTruncation() passed after 0.001 seconds.
◇ Test testEnumerateTree_DuplicateSiblings() started.
✔ Test testEnumerateTree_DuplicateSiblings() passed after 0.001 seconds.
◇ Test testEnumerateTree_EmptyCategory() started.
✔ Test testEnumerateTree_EmptyCategory() passed after 0.001 seconds.
◇ Test testEnumerateTree_WhitespaceOnlyName_Skipped() started.
✔ Test testEnumerateTree_WhitespaceOnlyName_Skipped() passed after 0.001 seconds.
◇ Test testEnumerateTree_ProbeTimeout() started.
✔ Test testEnumerateTree_ProbeTimeout() passed after 0.001 seconds.
◇ Test testEnumerateTree_CycleSafety_VisitedSet() started.
✔ Test testEnumerateTree_CycleSafety_VisitedSet() passed after 0.001 seconds.
◇ Test testEnumerateTree_UsesTaskSleep() started.
✔ Test testEnumerateTree_UsesTaskSleep() passed after 0.001 seconds.
◇ Test testEnumerateTree_FlattenPolicy_Depth3Tree() started.
✔ Test testEnumerateTree_FlattenPolicy_Depth3Tree() passed after 0.001 seconds.
◇ Test testEnumerateTree_PanelClosed_ReturnsNil() started.
✔ Test testEnumerateTree_PanelClosed_ReturnsNil() passed after 0.001 seconds.
◇ Test testEnumerateTree_StableOrdering() started.
✔ Test testEnumerateTree_StableOrdering() passed after 0.001 seconds.
◇ Test testEnumerateTree_E5b_ScannerSelfClickGuard() started.
✔ Test testEnumerateTree_E5b_ScannerSelfClickGuard() passed after 0.001 seconds.
◇ Test testEnumerateTree_E5c_FocusLoss_Abort() started.
✔ Test testEnumerateTree_E5c_FocusLoss_Abort() passed after 0.001 seconds.
◇ Test testEnumerateTree_E5_ExternalMutation_Abort() started.
✔ Test testEnumerateTree_E5_ExternalMutation_Abort() passed after 0.001 seconds.
◇ Test testEnumerateTree_3Level_SynthBass_ElectronicDrums() started.
✔ Test testEnumerateTree_3Level_SynthBass_ElectronicDrums() passed after 0.001 seconds.
◇ Test testEnumerateTree_PanelClosed_ExactErrorText() started.
✔ Test testEnumerateTree_PanelClosed_ExactErrorText() passed after 0.001 seconds.
✔ Suite "T2: enumerateTree recursive walker" passed after 0.007 seconds.
◇ Suite "T8: LibraryAccessor helpers + perf regression" started.
◇ Test testParsePath_UnicodeCategorySurvives() started.
✔ Test testParsePath_UnicodeCategorySurvives() passed after 0.001 seconds.
◇ Test testParsePath_VeryLongPath() started.
✔ Test testParsePath_VeryLongPath() passed after 0.001 seconds.
◇ Test testResolvePath_TopLevelLeafAsCategory() started.
✔ Test testResolvePath_TopLevelLeafAsCategory() passed after 0.001 seconds.
◇ Test testResolvePath_ChildrenListedForFolder() started.
✔ Test testResolvePath_ChildrenListedForFolder() passed after 0.001 seconds.
◇ Test testLegacyInventory_Codable() started.
✔ Test testLegacyInventory_Codable() passed after 0.001 seconds.
◇ Test testFlatten_LeafTopLevel_EmptyArray() started.
✔ Test testFlatten_LeafTopLevel_EmptyArray() passed after 0.001 seconds.
◇ Test testDisambiguator_TripleDuplicate() started.
✔ Test testDisambiguator_TripleDuplicate() passed after 0.001 seconds.
◇ Test testVisitedSet_Capacity10k_NoPanic() started.
✔ Test testVisitedSet_Capacity10k_NoPanic() passed after 0.002 seconds.
◇ Test testEnumerateTree_Perf_100Folders_UnderBudget() started.
✔ Test testEnumerateTree_Perf_100Folders_UnderBudget() passed after 0.006 seconds.
◇ Test testEnumerateTree_Perf_ScalesLinearly_NotQuadratic() started.
✔ Test testEnumerateTree_Perf_ScalesLinearly_NotQuadratic() passed after 0.001 seconds.
◇ Test testScanOrchestration_NilSelection_NoRestoreCall() started.
✔ Test testScanOrchestration_NilSelection_NoRestoreCall() passed after 0.001 seconds.
◇ Test testNodeCount_SelfConsistent() started.
✔ Test testNodeCount_SelfConsistent() passed after 0.001 seconds.
◇ Test testSelectByPath_EmptyPath_ReturnsFalse() started.
✔ Test testSelectByPath_EmptyPath_ReturnsFalse() passed after 0.001 seconds.
◇ Test testSelectByPath_SingleSegment_Works() started.
✔ Test testSelectByPath_SingleSegment_Works() passed after 0.001 seconds.
✔ Suite "T8: LibraryAccessor helpers + perf regression" passed after 0.013 seconds.
◇ Suite "T3: resolvePath + selectByPath" started.
◇ Test testParsePath_SimpleTwoSegment() started.
✔ Test testParsePath_SimpleTwoSegment() passed after 0.001 seconds.
◇ Test testParsePath_EscapedSlash() started.
✔ Test testParsePath_EscapedSlash() passed after 0.001 seconds.
◇ Test testParsePath_TrailingSlashStripped() started.
✔ Test testParsePath_TrailingSlashStripped() passed after 0.001 seconds.
◇ Test testParsePath_EmptyPath_Nil() started.
✔ Test testParsePath_EmptyPath_Nil() passed after 0.001 seconds.
◇ Test testParsePath_EmptySegment_Nil() started.
✔ Test testParsePath_EmptySegment_Nil() passed after 0.001 seconds.
◇ Test testParsePath_DisambiguatedIndex_Kept() started.
✔ Test testParsePath_DisambiguatedIndex_Kept() passed after 0.001 seconds.
◇ Test testResolvePath_Depth1Leaf() started.
✔ Test testResolvePath_Depth1Leaf() passed after 0.001 seconds.
◇ Test testResolvePath_Depth3Leaf() started.
✔ Test testResolvePath_Depth3Leaf() passed after 0.001 seconds.
◇ Test testResolvePath_MissingLeaf_NotExists() started.
✔ Test testResolvePath_MissingLeaf_NotExists() passed after 0.001 seconds.
◇ Test testResolvePath_EscapedSlash() started.
✔ Test testResolvePath_EscapedSlash() passed after 0.001 seconds.
◇ Test testResolvePath_DisambiguatedDuplicate() started.
✔ Test testResolvePath_DisambiguatedDuplicate() passed after 0.001 seconds.
◇ Test testResolvePath_FolderPath_KindFolder() started.
✔ Test testResolvePath_FolderPath_KindFolder() passed after 0.001 seconds.
◇ Test testResolvePath_EmptyPath_NotExists() started.
✔ Test testResolvePath_EmptyPath_NotExists() passed after 0.001 seconds.
◇ Test testResolvePath_EmptySegment_NotExists() started.
✔ Test testResolvePath_EmptySegment_NotExists() passed after 0.001 seconds.
◇ Test testResolvePath_TrailingSlash() started.
✔ Test testResolvePath_TrailingSlash() passed after 0.001 seconds.
◇ Test testSelectByPath_ClickSequence_InOrder() started.
✔ Test testSelectByPath_ClickSequence_InOrder() passed after 0.001 seconds.
◇ Test testSelectByPath_AbortOnMissingIntermediate() started.
✔ Test testSelectByPath_AbortOnMissingIntermediate() passed after 0.001 seconds.
◇ Test testSelectByPath_SettleDelayBetweenClicks() started.
✔ Test testSelectByPath_SettleDelayBetweenClicks() passed after 0.001 seconds.
◇ Test testSelectByPath_LegacyCategoryPresetStillWorks() started.
✔ Test testSelectByPath_LegacyCategoryPresetStillWorks() passed after 0.001 seconds.
◇ Test testSelectByPath_ThreeSegment_Synthesizer_Bass_AcidEtchedBass() started.
✔ Test testSelectByPath_ThreeSegment_Synthesizer_Bass_AcidEtchedBass() passed after 0.001 seconds.
◇ Test testSelectByPath_FourSegment_DeepPath() started.
✔ Test testSelectByPath_FourSegment_DeepPath() passed after 0.001 seconds.
◇ Test testSelectByPath_ThreeSegment_MissingMiddle_Aborts() started.
✔ Test testSelectByPath_ThreeSegment_MissingMiddle_Aborts() passed after 0.001 seconds.
✔ Suite "T3: resolvePath + selectByPath" passed after 0.002 seconds.
◇ Suite "T1: Library data types — Codable/Sendable/Equatable" started.
◇ Test testLibraryNodeKindRawValues() started.
✔ Test testLibraryNodeKindRawValues() passed after 0.001 seconds.
◇ Test testLibraryNodeLeafEncodesCorrectly() started.
✔ Test testLibraryNodeLeafEncodesCorrectly() passed after 0.001 seconds.
◇ Test testLibraryNodeFolderWithChildren() started.
✔ Test testLibraryNodeFolderWithChildren() passed after 0.001 seconds.
◇ Test testLibraryNodeNoPositionField() started.
✔ Test testLibraryNodeNoPositionField() passed after 0.001 seconds.
◇ Test testLibraryRoot_AllFields() started.
✔ Test testLibraryRoot_AllFields() passed after 0.001 seconds.
◇ Test testLibraryRoot_JSONRoundTrip5Levels() started.
✔ Test testLibraryRoot_JSONRoundTrip5Levels() passed after 0.001 seconds.
◇ Test testLibraryRoot_DecodesFromMinimalJSON() started.
✔ Test testLibraryRoot_DecodesFromMinimalJSON() passed after 0.001 seconds.
◇ Test testLibraryRoot_DecodeRejectsMalformed() started.
✔ Test testLibraryRoot_DecodeRejectsMalformed() passed after 0.001 seconds.
◇ Test testLibraryRoot_CycleCountSerializesCorrectly() started.
✔ Test testLibraryRoot_CycleCountSerializesCorrectly() passed after 0.001 seconds.
✔ Suite "T1: Library data types — Codable/Sendable/Equatable" passed after 0.001 seconds.
◇ Suite "v3.0.5 LibraryDiskScanner — filesystem-backed scan" started.
◇ Test "scan returns a LibraryRoot with Panel-mapped top-levels (v3.0.6)" started.
✔ Test "scan returns a LibraryRoot with Panel-mapped top-levels (v3.0.6)" passed after 0.003 seconds.
◇ Test "leaf names strip the .patch suffix but preserve segment hierarchy" started.
✔ Test "leaf names strip the .patch suffix but preserve segment hierarchy" passed after 0.001 seconds.
◇ Test "leaf names trim filesystem padding before becoming Panel paths" started.
✔ Test "leaf names trim filesystem padding before becoming Panel paths" passed after 0.001 seconds.
◇ Test "presetsByCategory flattens leaves under their top-level category" started.
✔ Test "presetsByCategory flattens leaves under their top-level category" passed after 0.001 seconds.
◇ Test "hidden dotfiles (.DS_Store) do not appear as folders or leaves" started.
✔ Test "hidden dotfiles (.DS_Store) do not appear as folders or leaves" passed after 0.002 seconds.
◇ Test "missing bundle path throws bundleNotFound" started.
✔ Test "missing bundle path throws bundleNotFound" passed after 0.001 seconds.
◇ Test "empty bundle yields zero leaves but a well-formed LibraryRoot" started.
✔ Test "empty bundle yields zero leaves but a well-formed LibraryRoot" passed after 0.001 seconds.
◇ Test "non-.patch subfolders under a Panel category still recurse as folders, not leaves" started.
✔ Test "non-.patch subfolders under a Panel category still recurse as folders, not leaves" passed after 0.002 seconds.
◇ Test "local-machine integration: factory Library reports at least 1000 leaves when present" started.
✔ Test "local-machine integration: factory Library reports at least 1000 leaves when present" passed after 0.505 seconds.
◇ Test "mapDiskPathToPanel: Drums & Percussion/Acoustic Drums → Acoustic Drums" started.
✔ Test "mapDiskPathToPanel: Drums & Percussion/Acoustic Drums → Acoustic Drums" passed after 0.001 seconds.
◇ Test "mapDiskPathToPanel: Drums & Percussion/Electronic Drums → Electronic Drums" started.
✔ Test "mapDiskPathToPanel: Drums & Percussion/Electronic Drums → Electronic Drums" passed after 0.001 seconds.
◇ Test "mapDiskPathToPanel: Drums & Percussion/Percussion → Percussion" started.
✔ Test "mapDiskPathToPanel: Drums & Percussion/Percussion → Percussion" passed after 0.001 seconds.
◇ Test "mapDiskPathToPanel: Keyboard/Acoustic Piano → Acoustic Piano" started.
✔ Test "mapDiskPathToPanel: Keyboard/Acoustic Piano → Acoustic Piano" passed after 0.001 seconds.
◇ Test "mapDiskPathToPanel: Keyboard/Clavinet → Clavinet" started.
✔ Test "mapDiskPathToPanel: Keyboard/Clavinet → Clavinet" passed after 0.001 seconds.
◇ Test "mapDiskPathToPanel: Keyboard/Electric Piano → Electric Piano" started.
✔ Test "mapDiskPathToPanel: Keyboard/Electric Piano → Electric Piano" passed after 0.001 seconds.
◇ Test "mapDiskPathToPanel: Keyboard/Mellotron → Mellotron" started.
✔ Test "mapDiskPathToPanel: Keyboard/Mellotron → Mellotron" passed after 0.001 seconds.
◇ Test "mapDiskPathToPanel: Keyboard/Organ → Organ" started.
✔ Test "mapDiskPathToPanel: Keyboard/Organ → Organ" passed after 0.001 seconds.
◇ Test "mapDiskPathToPanel: z_Legacy/Orchestral → Orchestral" started.
✔ Test "mapDiskPathToPanel: z_Legacy/Orchestral → Orchestral" passed after 0.001 seconds.
◇ Test "mapDiskPathToPanel: z_Legacy/World → World" started.
✔ Test "mapDiskPathToPanel: z_Legacy/World → World" passed after 0.001 seconds.
◇ Test "mapDiskPathToPanel: Brass & Woodwind/Studio Horns → Studio Horns" started.
✔ Test "mapDiskPathToPanel: Brass & Woodwind/Studio Horns → Studio Horns" passed after 0.001 seconds.
◇ Test "mapDiskPathToPanel: Strings/Studio Strings → Studio Strings" started.
✔ Test "mapDiskPathToPanel: Strings/Studio Strings → Studio Strings" passed after 0.001 seconds.
◇ Test "mapDiskPathToPanel: Bass identity passthrough" started.
✔ Test "mapDiskPathToPanel: Bass identity passthrough" passed after 0.001 seconds.
◇ Test "mapDiskPathToPanel: Guitar identity passthrough" started.
✔ Test "mapDiskPathToPanel: Guitar identity passthrough" passed after 0.001 seconds.
◇ Test "mapDiskPathToPanel: Mallet identity passthrough" started.
✔ Test "mapDiskPathToPanel: Mallet identity passthrough" passed after 0.001 seconds.
◇ Test "mapDiskPathToPanel: Synthesizer identity passthrough" started.
✔ Test "mapDiskPathToPanel: Synthesizer identity passthrough" passed after 0.001 seconds.
◇ Test "mapDiskPathToPanel: unknown top-level returns nil (dropped)" started.
✔ Test "mapDiskPathToPanel: unknown top-level returns nil (dropped)" passed after 0.001 seconds.
◇ Test "mapDiskPathToPanel: z01 Kit Pieces → Kit Pieces (intermediate rename)" started.
✔ Test "mapDiskPathToPanel: z01 Kit Pieces → Kit Pieces (intermediate rename)" passed after 0.001 seconds.
◇ Test "mapDiskPathToPanel: z02 Multi-Channel Kits → Multi-Channel Kits" started.
✔ Test "mapDiskPathToPanel: z02 Multi-Channel Kits → Multi-Channel Kits" passed after 0.001 seconds.
◇ Test "mapDiskPathToPanel: empty input returns empty array" started.
✔ Test "mapDiskPathToPanel: empty input returns empty array" passed after 0.001 seconds.
◇ Test "scan maps current Logic grouped libraries into Panel categories" started.
✔ Test "scan maps current Logic grouped libraries into Panel categories" passed after 0.003 seconds.
◇ Test "scan combines multiple bundle roots and deduplicates relative patch paths" started.
✔ Test "scan combines multiple bundle roots and deduplicates relative patch paths" passed after 0.004 seconds.
◇ Test "scan reports unmapped patch candidates instead of silently dropping them" started.
✔ Test "scan reports unmapped patch candidates instead of silently dropping them" passed after 0.001 seconds.
◇ Test "scan flattens Drums & Percussion + Keyboard into Panel-visible top-levels" started.
✔ Test "scan flattens Drums & Percussion + Keyboard into Panel-visible top-levels" passed after 0.002 seconds.
◇ Test "scan renames z01 intermediate folders to their Panel equivalents" started.
✔ Test "scan renames z01 intermediate folders to their Panel equivalents" passed after 0.001 seconds.
◇ Test "scan renames z02 intermediate folders to their Panel equivalents" started.
✔ Test "scan renames z02 intermediate folders to their Panel equivalents" passed after 0.001 seconds.
◇ Test "scan result: every emitted category exists in Resources/library-inventory.json Panel snapshot" started.
✔ Test "scan result: every emitted category exists in Resources/library-inventory.json Panel snapshot" passed after 0.001 seconds.
◇ Test "scan handles symlink cycles via visited-set guard (no runaway recursion)" started.
✔ Test "scan handles symlink cycles via visited-set guard (no runaway recursion)" passed after 0.001 seconds.
◇ Test "scan reports unreadable skipped directories instead of silent undercounts" started.
✔ Test "scan reports unreadable skipped directories instead of silent undercounts" passed after 0.001 seconds.
✔ Suite "v3.0.5 LibraryDiskScanner — filesystem-backed scan" passed after 0.541 seconds.
◇ Test testValidPathInsideAllowlistAccepted() started.
✔ Test testValidPathInsideAllowlistAccepted() passed after 0.001 seconds.
◇ Test testPathOutsideAllowlistRejected() started.
[2026-07-16T10:56:49.392Z] [WARN] [library] library-inventory path rejected (outside allowlist): raw=/var/folders/7v/f0gkv1mn70v5254_p50xrmsh0000gn/T/outside-36E8DBBF-D37E-4B27-8634-F04D2AE8AC93/secret.json, resolved=/var/folders/7v/f0gkv1mn70v5254_p50xrmsh0000gn/T/outside-36E8DBBF-D37E-4B27-8634-F04D2AE8AC93/secret.json, allowlist=/var/folders/7v/f0gkv1mn70v5254_p50xrmsh0000gn/T/allowlisted-7F550269-45AC-4322-A403-1D949CB03459/ (ResourceHandlers+LibraryInventory.swift:145)
✔ Test testPathOutsideAllowlistRejected() passed after 0.001 seconds.
◇ Test testSiblingPrefixPathRejected() started.
[2026-07-16T10:56:49.393Z] [WARN] [library] library-inventory path rejected (outside allowlist): raw=/var/folders/7v/f0gkv1mn70v5254_p50xrmsh0000gn/T/allowlist-prefix-4464352F-99AF-46C9-897F-2A32F5E495C3/Logic-evil/inventory.json, resolved=/var/folders/7v/f0gkv1mn70v5254_p50xrmsh0000gn/T/allowlist-prefix-4464352F-99AF-46C9-897F-2A32F5E495C3/Logic-evil/inventory.json, allowlist=/var/folders/7v/f0gkv1mn70v5254_p50xrmsh0000gn/T/allowlist-prefix-4464352F-99AF-46C9-897F-2A32F5E495C3/Logic/ (ResourceHandlers+LibraryInventory.swift:145)
✔ Test testSiblingPrefixPathRejected() passed after 0.001 seconds.
◇ Test testEmptyAllowlistRejectsEverything() started.
[2026-07-16T10:56:49.394Z] [WARN] [library] library-inventory path rejected (outside allowlist): raw=/var/folders/7v/f0gkv1mn70v5254_p50xrmsh0000gn/T/library-inventory-allowlist-tests/817DB166-2150-4234-AEA3-6105CC0822C6/inventory.json, resolved=/var/folders/7v/f0gkv1mn70v5254_p50xrmsh0000gn/T/library-inventory-allowlist-tests/817DB166-2150-4234-AEA3-6105CC0822C6/inventory.json, allowlist= (ResourceHandlers+LibraryInventory.swift:145)
✔ Test testEmptyAllowlistRejectsEverything() passed after 0.001 seconds.
◇ Test testSymlinkEscapeRejected() started.
[2026-07-16T10:56:49.395Z] [WARN] [library] library-inventory path rejected (outside allowlist): raw=/var/folders/7v/f0gkv1mn70v5254_p50xrmsh0000gn/T/allowed-1AE76B33-B92D-47E5-BEE0-18BE4038DED4/escape.json, resolved=/var/folders/7v/f0gkv1mn70v5254_p50xrmsh0000gn/T/outside-383594FE-87A7-4F69-92CE-26143A964972/secret.json, allowlist=/var/folders/7v/f0gkv1mn70v5254_p50xrmsh0000gn/T/allowed-1AE76B33-B92D-47E5-BEE0-18BE4038DED4/ (ResourceHandlers+LibraryInventory.swift:145)
✔ Test testSymlinkEscapeRejected() passed after 0.001 seconds.
◇ Test testSymlinkInsideAllowlistAccepted() started.
✔ Test testSymlinkInsideAllowlistAccepted() passed after 0.001 seconds.
◇ Test testNonJsonRejectedEvenWhenAllowlisted() started.
[2026-07-16T10:56:49.396Z] [WARN] [library] library-inventory path rejected (must end in .json): raw=/var/folders/7v/f0gkv1mn70v5254_p50xrmsh0000gn/T/library-inventory-allowlist-tests/23E2C838-9EF1-4994-B51B-9A4504E70A09/inventory.txt, resolved=/var/folders/7v/f0gkv1mn70v5254_p50xrmsh0000gn/T/library-inventory-allowlist-tests/23E2C838-9EF1-4994-B51B-9A4504E70A09/inventory.txt (ResourceHandlers+LibraryInventory.swift:113)
✔ Test testNonJsonRejectedEvenWhenAllowlisted() passed after 0.001 seconds.
◇ Test testDirectoryRejectedEvenWhenAllowlisted() started.
✔ Test testDirectoryRejectedEvenWhenAllowlisted() passed after 0.001 seconds.
◇ Test testNonexistentPathRejected() started.
✔ Test testNonexistentPathRejected() passed after 0.001 seconds.
◇ Test testDefaultAllowlistContainsExpectedRoots() started.
✔ Test testDefaultAllowlistContainsExpectedRoots() passed after 0.001 seconds.
◇ Suite "Logger" started.
◇ Test "text format emits timestamp + level + subsystem + message + filename:line" started.
✔ Test "text format emits timestamp + level + subsystem + message + filename:line" passed after 0.001 seconds.
◇ Test "JSON format produces one JSON object per line with required keys" started.
✔ Test "JSON format produces one JSON object per line with required keys" passed after 0.001 seconds.
◇ Test "JSON format escapes embedded quotes and control chars" started.
✔ Test "JSON format escapes embedded quotes and control chars" passed after 0.001 seconds.
◇ Test "setLevel filters messages below threshold at runtime" started.
✔ Test "setLevel filters messages below threshold at runtime" passed after 0.001 seconds.
◇ Test "Subsystem enum overload matches raw string equivalent" started.
✔ Test "Subsystem enum overload matches raw string equivalent" passed after 0.001 seconds.
◇ Test "rate limit suppresses repeated identical messages within window" started.
✔ Test "rate limit suppresses repeated identical messages within window" passed after 0.001 seconds.
◇ Test "rate limit does not affect distinct messages" started.
✔ Test "rate limit does not affect distinct messages" passed after 0.001 seconds.
◇ Test "output sink is swappable (DI)" started.
✔ Test "output sink is swappable (DI)" passed after 0.001 seconds.
◇ Test "all 14 legacy subsystem string values are representable via enum" started.
✔ Test "all 14 legacy subsystem string values are representable via enum" passed after 0.001 seconds.
✔ Suite "Logger" passed after 0.001 seconds.
◇ Test testLogicProServerHandlersListCatalogAndTemplates() started.
✔ Test testLogicProServerHandlersListCatalogAndTemplates() passed after 0.001 seconds.
◇ Test testInvalidPaginationCursorRejectedWithInvalidParams() started.
✔ Test testInvalidPaginationCursorRejectedWithInvalidParams() passed after 0.001 seconds.
◇ Test testLogicProServerHandlersDispatchToolNamesWithoutStartingServer() started.
✔ Test testLogicProServerHandlersDispatchToolNamesWithoutStartingServer() passed after 0.002 seconds.
◇ Test testLogicProServerHandlersReadResourcesWithoutRegisteredTransport() started.
[2026-07-16T10:56:54.403Z] [WARN] [process] '/usr/bin/osascript' exceeded 5.0s timeout (pid 72184); sending SIGTERM (BoundedProcessRunner.swift:93)
[2026-07-16T10:56:54.405Z] [ERROR] [appleScript] AppleScript child process failed: timedOut (AppleScriptChannel.swift:492)
[2026-07-16T10:56:54.405Z] [ERROR] [appleScript] AppleScript error: AppleScript error: timedOut (AppleScriptChannel.swift:493)
✔ Test testLogicProServerHandlersReadResourcesWithoutRegisteredTransport() passed after 5.129 seconds.
◇ Test testLogicProServerStartUsesRuntimeOverridesOnSuccess() started.
✔ Test testLogicProServerStartUsesRuntimeOverridesOnSuccess() passed after 9.641 seconds.
◇ Test testLogicProServerStartCleansOwnedAndLegacySMFArtifacts() started.
✔ Test testLogicProServerStartCleansOwnedAndLegacySMFArtifacts() passed after 0.003 seconds.
◇ Test testLogicProServerStartUsesRuntimeOverridesOnStartupFailure() started.
✔ Test testLogicProServerStartUsesRuntimeOverridesOnStartupFailure() passed after 8.531 seconds.
◇ Test testLogicProServerStartUsesDefaultHandlerRegistrationWhenNotOverridden() started.
✔ Test testLogicProServerStartUsesDefaultHandlerRegistrationWhenNotOverridden() passed after 8.538 seconds.
◇ Test testLogicProServerStartUsesDefaultRegisterAndCleanupPaths() started.
[2026-07-16T10:57:29.836Z] [INFO] [midi] CoreMIDIChannel stopped (CoreMIDIChannel.swift:28)
[2026-07-16T10:57:29.836Z] [INFO] [keycmd] MIDIKeyCommands channel stopped (MIDIKeyCommandsChannel.swift:118)
[2026-07-16T10:57:29.836Z] [INFO] [scripter] Scripter channel stopped (ScripterChannel.swift:40)
[2026-07-16T10:57:29.836Z] [INFO] [mcu] MCU Channel stopped (MCUChannel.swift:242)
[2026-07-16T10:57:29.836Z] [INFO] [appleScript] AppleScript channel stopped (AppleScriptChannel.swift:89)
[2026-07-16T10:57:29.836Z] [INFO] [cgEvent] CGEvent channel stopped (CGEventChannel.swift:130)
[2026-07-16T10:57:29.836Z] [INFO] [midi] MIDIPortManager stopped (MIDIPortManager.swift:177)
✔ Test testLogicProServerStartUsesDefaultRegisterAndCleanupPaths() passed after 8.590 seconds.
◇ Test testLogicProServerStartCoversDefaultPortAndPollerLifecyclePaths() started.
[2026-07-16T10:57:38.638Z] [INFO] [midi] MIDIPortManager started (client: 3498238) (MIDIPortManager.swift:92)
[2026-07-16T10:57:38.638Z] [INFO] [appleScript] AppleScript channel stopped (AppleScriptChannel.swift:89)
[2026-07-16T10:57:38.638Z] [INFO] [cgEvent] CGEvent channel stopped (CGEventChannel.swift:130)
[2026-07-16T10:57:38.638Z] [INFO] [keycmd] MIDIKeyCommands channel stopped (MIDIKeyCommandsChannel.swift:118)
[2026-07-16T10:57:38.638Z] [INFO] [midi] CoreMIDIChannel stopped (CoreMIDIChannel.swift:28)
[2026-07-16T10:57:38.638Z] [INFO] [mcu] MCU Channel stopped (MCUChannel.swift:242)
[2026-07-16T10:57:38.638Z] [INFO] [scripter] Scripter channel stopped (ScripterChannel.swift:40)
[2026-07-16T10:57:38.638Z] [INFO] [midi] MIDIPortManager stopped (MIDIPortManager.swift:177)
✔ Test testLogicProServerStartCoversDefaultPortAndPollerLifecyclePaths() passed after 8.801 seconds.
◇ Test testLogicProServerStopInvokesPollerChannelsPortsTeardown() started.
✔ Test testLogicProServerStopInvokesPollerChannelsPortsTeardown() passed after 0.001 seconds.
◇ Test testLogicProServerStopDoesNotHangOnRepeatInvocation() started.
✔ Test testLogicProServerStopDoesNotHangOnRepeatInvocation() passed after 0.001 seconds.
◇ Test testServerRuntimePlanRunsLifecycleAndCleansUpOnSuccess() started.
✔ Test testServerRuntimePlanRunsLifecycleAndCleansUpOnSuccess() passed after 0.001 seconds.
◇ Test testServerRuntimePlanFailsFastOnChannelStartupFailure() started.
✔ Test testServerRuntimePlanFailsFastOnChannelStartupFailure() passed after 0.001 seconds.
◇ Test testServerRuntimePlanCleansUpWhenServeThrows() started.
✔ Test testServerRuntimePlanCleansUpWhenServeThrows() passed after 0.001 seconds.
◇ Test testServerRuntimePlanStopsImmediatelyWhenPortsFail() started.
✔ Test testServerRuntimePlanStopsImmediatelyWhenPortsFail() passed after 0.001 seconds.
◇ Test testServerRuntimePlanContinuesWhenOnlyDegradedChannelsFail() started.
[2026-07-16T10:57:38.640Z] [WARN] [server] Starting in degraded mode — Accessibility: not trusted (LogicProServer.swift:106)
✔ Test testServerRuntimePlanContinuesWhenOnlyDegradedChannelsFail() passed after 0.001 seconds.
◇ Test testProductionKeyCmdTransportReadinessStartsUnavailable() started.
✔ Test testProductionKeyCmdTransportReadinessStartsUnavailable() passed after 0.001 seconds.
◇ Test testProductionKeyCmdTransportPrepareAndStopUpdateReadiness() started.
✔ Test testProductionKeyCmdTransportPrepareAndStopUpdateReadiness() passed after 0.001 seconds.
◇ Test testProductionKeyCmdTransportPrepareIsIdempotent() started.
✔ Test testProductionKeyCmdTransportPrepareIsIdempotent() passed after 0.001 seconds.
◇ Test testProductionKeyCmdTransportSendPreparesPortAndEmitsBytes() started.
✔ Test testProductionKeyCmdTransportSendPreparesPortAndEmitsBytes() passed after 0.001 seconds.
◇ Test testProductionKeyCmdTransportDefaultPacketSinkSmoke() started.
[2026-07-16T10:57:38.640Z] [INFO] [midi] MIDIPortManager started (client: 3498239) (MIDIPortManager.swift:92)
[2026-07-16T10:57:38.641Z] [INFO] [midi] Created send-only port: LogicProMCP-KeyCmd-Smoke-67F153E2-3108-4EEB-91C2-F8F90738D89D (src: 3498240) (MIDIPortManager.swift:141)
[2026-07-16T10:57:38.641Z] [INFO] [midi] Disposed port: LogicProMCP-KeyCmd-Smoke-67F153E2-3108-4EEB-91C2-F8F90738D89D (MIDIPortManager.swift:169)
[2026-07-16T10:57:38.641Z] [INFO] [midi] MIDIPortManager stopped (MIDIPortManager.swift:177)
✔ Test testProductionKeyCmdTransportDefaultPacketSinkSmoke() passed after 0.001 seconds.
◇ Test testProductionKeyCmdTransportReadinessReflectsStartupFailure() started.
[2026-07-16T10:57:38.641Z] [WARN] [keycmd] KeyCmd port creation failed: createFailed (LogicProServer.swift:1323)
✔ Test testProductionKeyCmdTransportReadinessReflectsStartupFailure() passed after 0.001 seconds.
◇ Test testProductionKeyCmdTransportStopClearsStartupFailureState() started.
[2026-07-16T10:57:38.641Z] [WARN] [keycmd] KeyCmd port creation failed: createFailed (LogicProServer.swift:1323)
✔ Test testProductionKeyCmdTransportStopClearsStartupFailureState() passed after 0.001 seconds.
◇ Test testProductionMCUTransportSendBeforeStartIsNoOp() started.
[2026-07-16T10:57:38.641Z] [WARN] [mcu] MCU port not started — dropping 3 bytes (LogicProServer.swift:1235)
✔ Test testProductionMCUTransportSendBeforeStartIsNoOp() passed after 0.001 seconds.
◇ Test testProductionMCUTransportStartCreatesBidirectionalPort() started.
✔ Test testProductionMCUTransportStartCreatesBidirectionalPort() passed after 0.001 seconds.
◇ Test testProductionMCUTransportReceiveParsesFeedbackEvents() started.
✔ Test testProductionMCUTransportReceiveParsesFeedbackEvents() passed after 0.005 seconds.
◇ Test testProductionMCUTransportReceiveIgnoresEmptyPacketLists() started.
✔ Test testProductionMCUTransportReceiveIgnoresEmptyPacketLists() passed after 0.001 seconds.
◇ Test testProductionMCUTransportSendUsesPacketSinkAfterStart() started.
✔ Test testProductionMCUTransportSendUsesPacketSinkAfterStart() passed after 0.001 seconds.
◇ Test testProductionMCUTransportStopClearsPortAndDropsSubsequentSends() started.
[2026-07-16T10:57:38.647Z] [WARN] [mcu] MCU port not started — dropping 3 bytes (LogicProServer.swift:1235)
✔ Test testProductionMCUTransportStopClearsPortAndDropsSubsequentSends() passed after 0.001 seconds.
◇ Test testProductionMCUTransportStartSurfacesPortCreationFailure() started.
[2026-07-16T10:57:38.647Z] [WARN] [mcu] MCU port creation failed: createFailed (LogicProServer.swift:1284)
✔ Test testProductionMCUTransportStartSurfacesPortCreationFailure() passed after 0.001 seconds.
◇ Test testLogicProServerStartupErrorDescriptionSortsFailures() started.
✔ Test testLogicProServerStartupErrorDescriptionSortsFailures() passed after 0.001 seconds.
◇ Test testServerCatalogSnapshotIncludesCommercialSurface() started.
✔ Test testServerCatalogSnapshotIncludesCommercialSurface() passed after 0.001 seconds.
◇ Test testServerCatalogStartupBannerUsesProvidedChannelCount() started.
✔ Test testServerCatalogStartupBannerUsesProvidedChannelCount() passed after 0.001 seconds.
◇ Test testLogicProServerCompositionSnapshotMatchesExpectedOrder() started.
✔ Test testLogicProServerCompositionSnapshotMatchesExpectedOrder() passed after 0.001 seconds.
◇ Test logicProVariantPolicyUnknownBundleProcessNameIsHonest() started.
✔ Test logicProVariantPolicyUnknownBundleProcessNameIsHonest() passed after 0.001 seconds.
◇ Test logicProTargetKnownVariantsIncludeDesktopAndCreatorStudio() started.
✔ Test logicProTargetKnownVariantsIncludeDesktopAndCreatorStudio() passed after 0.001 seconds.
◇ Test logicProTargetManifestMetadataMatchesSwiftVariants() started.
✔ Test logicProTargetManifestMetadataMatchesSwiftVariants() passed after 0.002 seconds.
◇ Test logicProTargetKnownBundleIDsMatchManifestOrder() started.
✔ Test logicProTargetKnownBundleIDsMatchManifestOrder() passed after 0.001 seconds.
◇ Test logicProTargetForcedBundleIDOverridesAutoDetect() started.
✔ Test logicProTargetForcedBundleIDOverridesAutoDetect() passed after 0.001 seconds.
◇ Test logicProTargetPrefersFrontmostRunningVariant() started.
✔ Test logicProTargetPrefersFrontmostRunningVariant() passed after 0.001 seconds.
◇ Test logicProTargetFallsBackToDesktopInstallOrder() started.
✔ Test logicProTargetFallsBackToDesktopInstallOrder() passed after 0.001 seconds.
◇ Test logicProTargetCreatorStudioInstallWhenDesktopMissing() started.
✔ Test logicProTargetCreatorStudioInstallWhenDesktopMissing() passed after 0.001 seconds.
◇ Test logicProTargetAppleScriptTargetUsesBundleID() started.
✔ Test logicProTargetAppleScriptTargetUsesBundleID() passed after 0.001 seconds.
◇ Test logicProTargetForcedUnknownBundleDoesNotInventDesktopProcessName() started.
✔ Test logicProTargetForcedUnknownBundleDoesNotInventDesktopProcessName() passed after 0.001 seconds.
◇ Test setupDoctorLogicVariantLabelMapsBundleIDs() started.
✔ Test setupDoctorLogicVariantLabelMapsBundleIDs() passed after 0.001 seconds.
◇ Test setupDoctorSupportedLogicAppsFiltersUnknownBundleIDs() started.
✔ Test setupDoctorSupportedLogicAppsFiltersUnknownBundleIDs() passed after 0.001 seconds.
◇ Test setupDoctorInstallationCheckReportsCreatorStudioVariant() started.
✔ Test setupDoctorInstallationCheckReportsCreatorStudioVariant() passed after 0.001 seconds.
◇ Test setupDoctorTCCRedactsMobileLogicAppleEvents() started.
✔ Test setupDoctorTCCRedactsMobileLogicAppleEvents() passed after 0.001 seconds.
◇ Test processUtilsPreferredLogicPIDPrefersResolvedTarget() started.
✔ Test processUtilsPreferredLogicPIDPrefersResolvedTarget() passed after 0.001 seconds.
◇ Test parseMetaData_validBinaryPlist_returnsAllFields() started.
✔ Test parseMetaData_validBinaryPlist_returnsAllFields() passed after 0.001 seconds.
◇ Test parseMetaData_xmlPlist_returnsAllFields() started.
✔ Test parseMetaData_xmlPlist_returnsAllFields() passed after 0.001 seconds.
◇ Test parseMetaData_missingTrackCount_returnsNilField() started.
✔ Test parseMetaData_missingTrackCount_returnsNilField() passed after 0.001 seconds.
◇ Test parseMetaData_zeroSignature_returnsNilTimesig() started.
✔ Test parseMetaData_zeroSignature_returnsNilTimesig() passed after 0.001 seconds.
◇ Test parseMetaData_infiniteTempo_isDropped() started.
✔ Test parseMetaData_infiniteTempo_isDropped() passed after 0.001 seconds.
◇ Test parseMetaData_nanTempo_isDropped() started.
✔ Test parseMetaData_nanTempo_isDropped() passed after 0.001 seconds.
◇ Test parseMetaData_corruptBytes_returnsNil() started.
✔ Test parseMetaData_corruptBytes_returnsNil() passed after 0.001 seconds.
◇ Test parseMetaData_oversize10MB_returnsNil() started.
✔ Test parseMetaData_oversize10MB_returnsNil() passed after 0.104 seconds.
◇ Test path_rejectNonLogicx_returnsNil() started.
✔ Test path_rejectNonLogicx_returnsNil() passed after 0.004 seconds.
◇ Test path_rejectDotDot_returnsNil() started.
✔ Test path_rejectDotDot_returnsNil() passed after 0.001 seconds.
◇ Test path_rejectLeafSymlinkEscape_returnsNil() started.
✔ Test path_rejectLeafSymlinkEscape_returnsNil() passed after 0.001 seconds.
◇ Test path_normalizesPrivateUsers_acceptsBoth() started.
✔ Test path_normalizesPrivateUsers_acceptsBoth() passed after 0.001 seconds.
◇ Test path_koreanFilename_succeeds() started.
✔ Test path_koreanFilename_succeeds() passed after 0.001 seconds.
◇ Test mtime_futureClamped_zero() started.
✔ Test mtime_futureClamped_zero() passed after 0.001 seconds.
◇ Test mtime_jitterRetry_recovers() started.
✔ Test mtime_jitterRetry_recovers() passed after 0.001 seconds.
◇ Test mtime_jitterPersistent_returnsNil() started.
✔ Test mtime_jitterPersistent_returnsNil() passed after 0.001 seconds.
◇ Test currentDocumentPath_nil_returnsNil() started.
✔ Test currentDocumentPath_nil_returnsNil() passed after 0.001 seconds.
◇ Test testToolTextContentProducesTextPayload() started.
✔ Test testToolTextContentProducesTextPayload() passed after 0.001 seconds.
◇ Test testToolTextResultUsesExplicitErrorFlag() started.
✔ Test testToolTextResultUsesExplicitErrorFlag() passed after 0.001 seconds.
◇ Test testToolTextResultReflectsChannelResultSuccessAndFailure() started.
✔ Test testToolTextResultReflectsChannelResultSuccessAndFailure() passed after 0.001 seconds.
◇ Test testCommandToolUsesSharedCommandSchema() started.
✔ Test testCommandToolUsesSharedCommandSchema() passed after 0.001 seconds.
◇ Test testMCUSetVolumeReturnsStateAWhenEchoMatches() started.
✔ Test testMCUSetVolumeReturnsStateAWhenEchoMatches() passed after 0.001 seconds.
◇ Test testMCUSetVolumeReturnsStateBEchoTimeoutWhenNoFeedback() started.
✔ Test testMCUSetVolumeReturnsStateBEchoTimeoutWhenNoFeedback() passed after 0.569 seconds.
◇ Test testMCUSetMasterVolumeTimesOutAsStateB() started.
✔ Test testMCUSetMasterVolumeTimesOutAsStateB() passed after 0.552 seconds.
◇ Test testMCUSetMasterVolumeTimeoutDisclosesSurfaceLimitation() started.
✔ Test testMCUSetMasterVolumeTimeoutDisclosesSurfaceLimitation() passed after 0.593 seconds.
◇ Test testMCUSetMasterVolumeStateADisclosesEchoSourceWithoutLimitation() started.
✔ Test testMCUSetMasterVolumeStateADisclosesEchoSourceWithoutLimitation() passed after 0.001 seconds.
◇ Test testMCUSetPanReturnsStateBEchoTimeoutWhenNoFeedback() started.
✔ Test testMCUSetPanReturnsStateBEchoTimeoutWhenNoFeedback() passed after 0.531 seconds.
◇ Test testSetVolumeStaleCacheDoesNotReturnStateA() started.
✔ Test testSetVolumeStaleCacheDoesNotReturnStateA() passed after 0.567 seconds.
◇ Test testSetMasterVolumeStaleCacheDoesNotReturnStateA() started.
✔ Test testSetMasterVolumeStaleCacheDoesNotReturnStateA() passed after 0.616 seconds.
◇ Test testMCUEchoTimeoutEnvVarIsRespected() started.
✔ Test testMCUEchoTimeoutEnvVarIsRespected() passed after 0.001 seconds.
◇ Test testMCUChannelExecuteSetVolume() started.
✔ Test testMCUChannelExecuteSetVolume() passed after 0.582 seconds.
◇ Test testMCUBankingAtomic() started.
✔ Test testMCUBankingAtomic() passed after 0.607 seconds.
◇ Test testMCUBankingQueueDuringBank() started.
✔ Test testMCUBankingQueueDuringBank() passed after 0.575 seconds.
◇ Test testMCUConnectionStateTracking() started.
✔ Test testMCUConnectionStateTracking() passed after 0.001 seconds.
◇ Test testMCUChannelHealthCheck() started.
✔ Test testMCUChannelHealthCheck() passed after 0.001 seconds.
◇ Test testMCUStartRequiresFeedbackBeforeHealthy() started.
[2026-07-16T10:57:43.989Z] [INFO] [mcu] MCU Channel started, handshake query sent; waiting for feedback (MCUChannel.swift:226)
✔ Test testMCUStartRequiresFeedbackBeforeHealthy() passed after 0.001 seconds.
◇ Test testMCUChannelStartSendsHandshakeAndStopClearsConnection() started.
[2026-07-16T10:57:43.990Z] [INFO] [mcu] MCU Channel started, handshake query sent; waiting for feedback (MCUChannel.swift:226)
[2026-07-16T10:57:43.991Z] [INFO] [mcu] MCU Channel stopped (MCUChannel.swift:242)
✔ Test testMCUChannelStartSendsHandshakeAndStopClearsConnection() passed after 0.001 seconds.
◇ Test testMCUChannelStartCallbackRoutesFeedbackAndHandshakeRegistration() started.
[2026-07-16T10:57:43.992Z] [INFO] [mcu] MCU Channel started, handshake query sent; waiting for feedback (MCUChannel.swift:226)
✔ Test testMCUChannelStartCallbackRoutesFeedbackAndHandshakeRegistration() passed after 0.024 seconds.
◇ Test testMCUChannelTransportCommandsEmitExpectedBytes() started.
✔ Test testMCUChannelTransportCommandsEmitExpectedBytes() passed after 0.002 seconds.
◇ Test testMCUChannelPanMasterAndStripButtonCommands() started.
✔ Test testMCUChannelPanMasterAndStripButtonCommands() passed after 1.630 seconds.
◇ Test testMCUChannelPluginParamAndAutomationModes() started.
✔ Test testMCUChannelPluginParamAndAutomationModes() passed after 0.001 seconds.
◇ Test testMCUChannelHealthReflectsHealthyAndStaleFeedbackModes() started.
✔ Test testMCUChannelHealthReflectsHealthyAndStaleFeedbackModes() passed after 0.001 seconds.
◇ Test testMCUChannelUnknownOperationFails() started.
✔ Test testMCUChannelUnknownOperationFails() passed after 0.001 seconds.
◇ Test testMCUChannelRejectsMissingOrInvalidDirectMutationParams() started.
✔ Test testMCUChannelRejectsMissingOrInvalidDirectMutationParams() passed after 0.001 seconds.
◇ Test testStripButtonReturnsHonestContractEnvelope() started.
✔ Test testStripButtonReturnsHonestContractEnvelope() passed after 0.055 seconds.
◇ Test testSendTransportReturnsHonestContractEnvelope() started.
✔ Test testSendTransportReturnsHonestContractEnvelope() passed after 0.001 seconds.
◇ Test testSetAutomationReturnsHonestContractEnvelope() started.
✔ Test testSetAutomationReturnsHonestContractEnvelope() passed after 0.001 seconds.
◇ Test testMasterFaderFeedbackIsBankInvariant() started.
✔ Test testMasterFaderFeedbackIsBankInvariant() passed after 0.001 seconds.
◇ Test testBurstFeedbackProcessedInFIFOOrder() started.
[2026-07-16T10:57:45.710Z] [INFO] [mcu] MCU Channel started, handshake query sent; waiting for feedback (MCUChannel.swift:226)
[2026-07-16T10:57:45.760Z] [INFO] [mcu] MCU Channel stopped (MCUChannel.swift:242)
✔ Test testBurstFeedbackProcessedInFIFOOrder() passed after 0.050 seconds.
◇ Test testStartStopStartCreatesFreshStream() started.
[2026-07-16T10:57:45.761Z] [INFO] [mcu] MCU Channel started, handshake query sent; waiting for feedback (MCUChannel.swift:226)
[2026-07-16T10:57:45.761Z] [INFO] [mcu] MCU Channel stopped (MCUChannel.swift:242)
[2026-07-16T10:57:45.761Z] [INFO] [mcu] MCU Channel started, handshake query sent; waiting for feedback (MCUChannel.swift:226)
[2026-07-16T10:57:45.775Z] [INFO] [mcu] MCU Channel stopped (MCUChannel.swift:242)
✔ Test testStartStopStartCreatesFreshStream() passed after 0.014 seconds.
◇ Test testFeedbackAfterStopIsIgnored() started.
[2026-07-16T10:57:45.776Z] [INFO] [mcu] MCU Channel started, handshake query sent; waiting for feedback (MCUChannel.swift:226)
[2026-07-16T10:57:45.825Z] [INFO] [mcu] MCU Channel stopped (MCUChannel.swift:242)
✔ Test testFeedbackAfterStopIsIgnored() passed after 0.324 seconds.
◇ Test testFeedbackParserUpdatesFaderState() started.
✔ Test testFeedbackParserUpdatesFaderState() passed after 0.001 seconds.
◇ Test testFeedbackParserUpdatesMuteState() started.
✔ Test testFeedbackParserUpdatesMuteState() passed after 0.001 seconds.
◇ Test testFeedbackParserUpdatesSoloState() started.
✔ Test testFeedbackParserUpdatesSoloState() passed after 0.001 seconds.
◇ Test testFeedbackParserParsesLCD() started.
✔ Test testFeedbackParserParsesLCD() passed after 0.001 seconds.
◇ Test testFeedbackParserUpdatesConnectionState() started.
✔ Test testFeedbackParserUpdatesConnectionState() passed after 0.001 seconds.
◇ Test testFeedbackParserBankOffsetApplied() started.
✔ Test testFeedbackParserBankOffsetApplied() passed after 0.001 seconds.
◇ Test testFeedbackParserFaderBankOffset() started.
✔ Test testFeedbackParserFaderBankOffset() passed after 0.001 seconds.
◇ Test testFeedbackParserHandlesNoteOffForRecArmAndSelect() started.
✔ Test testFeedbackParserHandlesNoteOffForRecArmAndSelect() passed after 0.001 seconds.
◇ Test testFeedbackParserSelectOnEnforcesSingleSelection() started.
✔ Test testFeedbackParserSelectOnEnforcesSingleSelection() passed after 0.001 seconds.
◇ Test testFeedbackParserIgnoresControlChangeAndDefaultEventsAfterUpdatingConnection() started.
✔ Test testFeedbackParserIgnoresControlChangeAndDefaultEventsAfterUpdatingConnection() passed after 0.001 seconds.
◇ Test testSetVolumeStateBIncludesMCUDiagnostics_disconnected() started.
✔ Test testSetVolumeStateBIncludesMCUDiagnostics_disconnected() passed after 0.576 seconds.
◇ Test testSetVolumeStateAIncludesMCUDiagnostics_connectedFresh() started.
✔ Test testSetVolumeStateAIncludesMCUDiagnostics_connectedFresh() passed after 0.198 seconds.
◇ Test testSetPanStateBIncludesMCUDiagnostics_disconnected() started.
✔ Test testSetPanStateBIncludesMCUDiagnostics_disconnected() passed after 0.538 seconds.
◇ Test testSetPanCarriesRelativeModeExtra() started.
✔ Test testSetPanCarriesRelativeModeExtra() passed after 0.578 seconds.
◇ Test testSetVolumeHasNoPanWriteMode() started.
✔ Test testSetVolumeHasNoPanWriteMode() passed after 0.546 seconds.
◇ Test testSetMasterVolumeStateBIncludesMCUDiagnostics_disconnected() started.
✔ Test testSetMasterVolumeStateBIncludesMCUDiagnostics_disconnected() passed after 0.533 seconds.
◇ Test testFaderEchoSnapshotIsAtomic() started.
✔ Test testFaderEchoSnapshotIsAtomic() passed after 0.001 seconds.
◇ Test testPanEchoSnapshotIsAtomic() started.
✔ Test testPanEchoSnapshotIsAtomic() passed after 0.001 seconds.
◇ Test testFaderEchoSnapshotEmptyStripReturnsNilNil() started.
✔ Test testFaderEchoSnapshotEmptyStripReturnsNilNil() passed after 0.001 seconds.
◇ Test testMCUDiagnosticsClampsNegativeAgeFromClockJump() started.
✔ Test testMCUDiagnosticsClampsNegativeAgeFromClockJump() passed after 0.543 seconds.
◇ Test testSetVolumeStateBSurfacesRegisteredAndFreshButEchoMissing() started.
✔ Test testSetVolumeStateBSurfacesRegisteredAndFreshButEchoMissing() passed after 0.583 seconds.
◇ Test testSetVolumeDiagnosticsAgeAnchorsToWriteStartUnderSlowTransport() started.
✔ Test testSetVolumeDiagnosticsAgeAnchorsToWriteStartUnderSlowTransport() passed after 3.154 seconds.
◇ Test testSetVolumeUsesAXReadbackAfterMCUEchoTimeout() started.
✔ Test testSetVolumeUsesAXReadbackAfterMCUEchoTimeout() passed after 0.587 seconds.
◇ Test testSetVolumeAXReadbackMismatchReturnsStateBWithoutCachePollution() started.
✔ Test testSetVolumeAXReadbackMismatchReturnsStateBWithoutCachePollution() passed after 0.580 seconds.
◇ Test testSetVolumeStateBSurfacesConnectionRegisteredButStale() started.
✔ Test testSetVolumeStateBSurfacesConnectionRegisteredButStale() passed after 0.582 seconds.
◇ Test testEncodeFaderPosition() started.
✔ Test testEncodeFaderPosition() passed after 0.001 seconds.
◇ Test testEncodeFaderMax() started.
✔ Test testEncodeFaderMax() passed after 0.001 seconds.
◇ Test testDecodeFaderFeedback() started.
✔ Test testDecodeFaderFeedback() passed after 0.001 seconds.
◇ Test testEncodeMuteButton() started.
✔ Test testEncodeMuteButton() passed after 0.001 seconds.
◇ Test testDecodeSoloLED() started.
✔ Test testDecodeSoloLED() passed after 0.001 seconds.
◇ Test testEncodeTransportPlay() started.
✔ Test testEncodeTransportPlay() passed after 0.001 seconds.
◇ Test testEncodeTransportStop() started.
✔ Test testEncodeTransportStop() passed after 0.001 seconds.
◇ Test testEncodeVPotCW() started.
✔ Test testEncodeVPotCW() passed after 0.001 seconds.
◇ Test testEncodeVPotCCW() started.
✔ Test testEncodeVPotCCW() passed after 0.001 seconds.
◇ Test testEncodeBankRight() started.
✔ Test testEncodeBankRight() passed after 0.001 seconds.
◇ Test testMCUDeviceQuerySysEx() started.
✔ Test testMCUDeviceQuerySysEx() passed after 0.001 seconds.
◇ Test testMCULCDSysExDecode() started.
✔ Test testMCULCDSysExDecode() passed after 0.001 seconds.
◇ Test testMCULCDLowerRow() started.
✔ Test testMCULCDLowerRow() passed after 0.001 seconds.
◇ Test testEncodeAutomationTouch() started.
✔ Test testEncodeAutomationTouch() passed after 0.001 seconds.
◇ Test testEncodeJogCW() started.
✔ Test testEncodeJogCW() passed after 0.001 seconds.
◇ Test testSysExValidation() started.
✔ Test testSysExValidation() passed after 0.001 seconds.
◇ Test testRestartReusedPortDeliversFeedbackToFreshSink() started.
✔ Test testRestartReusedPortDeliversFeedbackToFreshSink() passed after 0.001 seconds.
◇ Suite MCUTraceTests started.
◇ Test testFormatTX() started.
✔ Test testFormatTX() passed after 0.001 seconds.
◇ Test testFormatRX() started.
✔ Test testFormatRX() passed after 0.001 seconds.
◇ Test testFormatEmptyBytes() started.
✔ Test testFormatEmptyBytes() passed after 0.001 seconds.
◇ Test testGateOffByDefault() started.
✔ Test testGateOffByDefault() passed after 0.001 seconds.
◇ Test testGateOffWhenZero() started.
✔ Test testGateOffWhenZero() passed after 0.001 seconds.
◇ Test testGateOnWhenOne() started.
✔ Test testGateOnWhenOne() passed after 0.001 seconds.
◇ Test testEmitWritesToHandleWhenEnabled() started.
✔ Test testEmitWritesToHandleWhenEnabled() passed after 0.001 seconds.
◇ Test testEmitSilentWhenDisabled() started.
✔ Test testEmitSilentWhenDisabled() passed after 0.001 seconds.
✔ Suite MCUTraceTests passed after 0.003 seconds.
◇ Test testVPotEncodeDecodeRoundtrip() started.
✔ Test testVPotEncodeDecodeRoundtrip() passed after 0.001 seconds.
◇ Test testFeedbackParserUpdatesPanFromVPotLEDRing() started.
✔ Test testFeedbackParserUpdatesPanFromVPotLEDRing() passed after 0.001 seconds.
◇ Test testPollPanEchoMatchesValue() started.
✔ Test testPollPanEchoMatchesValue() passed after 0.051 seconds.
◇ Test testPollPanEchoTimeoutReturnsNilWhenNoFreshEcho() started.
✔ Test testPollPanEchoTimeoutReturnsNilWhenNoFreshEcho() passed after 0.200 seconds.
◇ Test testPanUpdatedAtFreshnessRejectsStaleCache() started.
✔ Test testPanUpdatedAtFreshnessRejectsStaleCache() passed after 0.217 seconds.
◇ Test testMixerSetPanReturnsStateAOnEcho() started.
✔ Test testMixerSetPanReturnsStateAOnEcho() passed after 0.038 seconds.
◇ Test testMixerSetPanReturnsStateBEchoTimeoutWhenNoFeedback() started.
✔ Test testMixerSetPanReturnsStateBEchoTimeoutWhenNoFeedback() passed after 0.523 seconds.
◇ Test testMixerSetPanStaleCacheDoesNotReturnStateA() started.
✔ Test testMixerSetPanStaleCacheDoesNotReturnStateA() passed after 0.571 seconds.
◇ Suite "MIDIDispatcher pitch_bend / aftertouch channel encoding" started.
◇ Test "pitch_bend ch=17 → invalid_params (was: silent UInt8 corruption)" started.
✔ Test "pitch_bend ch=17 → invalid_params (was: silent UInt8 corruption)" passed after 0.002 seconds.
◇ Test "aftertouch ch=0 → invalid_params (1-based)" started.
✔ Test "aftertouch ch=0 → invalid_params (1-based)" passed after 0.001 seconds.
✔ Suite "MIDIDispatcher pitch_bend / aftertouch channel encoding" passed after 0.005 seconds.
◇ Suite "MIDIDispatcher tool description contract" started.
◇ Test "description documents `port` selector and 1-based channel range" started.
✔ Test "description documents `port` selector and 1-based channel range" passed after 0.001 seconds.
✔ Suite "MIDIDispatcher tool description contract" passed after 0.001 seconds.
◇ Suite "MIDIDispatcher entry-point consistency" started.
◇ Test "all 7 send ops accept port param — 14 (op × port) cases route correctly" started.
✔ Test "all 7 send ops accept port param — 14 (op × port) cases route correctly" passed after 0.003 seconds.
◇ Test "all channel-bearing send ops validate 1-based channel and emit wire byte ch-1" started.
✔ Test "all channel-bearing send ops validate 1-based channel and emit wire byte ch-1" passed after 0.005 seconds.
◇ Test "ChannelRouter.routingTable has 14 (7 base + 7 keycmd) MIDI send entries" started.
✔ Test "ChannelRouter.routingTable has 14 (7 base + 7 keycmd) MIDI send entries" passed after 0.001 seconds.
✔ Suite "MIDIDispatcher entry-point consistency" passed after 0.010 seconds.
◇ Suite "MIDIDispatcher port-parameter rejection" started.
◇ Test "record_sequence + port → invalid_params (port not supported)" started.
✔ Test "record_sequence + port → invalid_params (port not supported)" passed after 0.001 seconds.
◇ Test "mmc_play + port → invalid_params" started.
✔ Test "mmc_play + port → invalid_params" passed after 0.001 seconds.
◇ Test "mmc_locate + port → invalid_params" started.
✔ Test "mmc_locate + port → invalid_params" passed after 0.001 seconds.
◇ Test "send_sysex + port → invalid_params" started.
✔ Test "send_sysex + port → invalid_params" passed after 0.001 seconds.
◇ Test "import_file + port → invalid_params" started.
✔ Test "import_file + port → invalid_params" passed after 0.001 seconds.
◇ Test "step_input + port → invalid_params" started.
✔ Test "step_input + port → invalid_params" passed after 0.001 seconds.
◇ Test "create_virtual_port + port → invalid_params" started.
✔ Test "create_virtual_port + port → invalid_params" passed after 0.001 seconds.
◇ Test "mmc_stop + port → invalid_params" started.
✔ Test "mmc_stop + port → invalid_params" passed after 0.001 seconds.
◇ Test "mmc_record + port → invalid_params" started.
✔ Test "mmc_record + port → invalid_params" passed after 0.001 seconds.
◇ Test "MIDI mutating commands reject missing semantic payloads before routing" started.
✔ Test "MIDI mutating commands reject missing semantic payloads before routing" passed after 0.002 seconds.
✔ Suite "MIDIDispatcher port-parameter rejection" passed after 0.010 seconds.
◇ Suite "MIDIDispatcher send_cc port routing" started.
◇ Test "port missing → routes to midi.send_cc on coreMIDI" started.
✔ Test "port missing → routes to midi.send_cc on coreMIDI" passed after 0.001 seconds.
◇ Test "port=keycmd → routes to midi.send_cc.keycmd on midiKeyCommands" started.
✔ Test "port=keycmd → routes to midi.send_cc.keycmd on midiKeyCommands" passed after 0.001 seconds.
◇ Test "port=foo → invalid_params State C with hint" started.
✔ Test "port=foo → invalid_params State C with hint" passed after 0.001 seconds.
◇ Test "port=scripter → invalid_params (NG5: not supported)" started.
✔ Test "port=scripter → invalid_params (NG5: not supported)" passed after 0.001 seconds.
◇ Test "channel=16 → wire byte 15 forwarded to channel param" started.
✔ Test "channel=16 → wire byte 15 forwarded to channel param" passed after 0.001 seconds.
◇ Test "channel=0 → invalid_params (1-based)" started.
✔ Test "channel=0 → invalid_params (1-based)" passed after 0.001 seconds.
◇ Test "channel=1.5 → invalid_params (fractional rejected)" started.
✔ Test "channel=1.5 → invalid_params (fractional rejected)" passed after 0.001 seconds.
✔ Suite "MIDIDispatcher send_cc port routing" passed after 0.003 seconds.
◇ Suite "MIDIDispatcher validation helpers" started.
◇ Test "port missing → defaults to midi" started.
✔ Test "port missing → defaults to midi" passed after 0.001 seconds.
◇ Test "port=keycmd → success(keycmd)" started.
✔ Test "port=keycmd → success(keycmd)" passed after 0.001 seconds.
◇ Test "port=midi (explicit) → success(midi)" started.
✔ Test "port=midi (explicit) → success(midi)" passed after 0.001 seconds.
◇ Test "port=scripter → failure (NG5: not supported in v3.1.5)" started.
✔ Test "port=scripter → failure (NG5: not supported in v3.1.5)" passed after 0.001 seconds.
◇ Test "port=foo → failure with hint" started.
✔ Test "port=foo → failure with hint" passed after 0.001 seconds.
◇ Test "port="" → failure (empty string explicitly rejected)" started.
✔ Test "port="" → failure (empty string explicitly rejected)" passed after 0.001 seconds.
◇ Test "channel=1 → wire 0" started.
✔ Test "channel=1 → wire 0" passed after 0.001 seconds.
◇ Test "channel=16 → wire 15" started.
✔ Test "channel=16 → wire 15" passed after 0.001 seconds.
◇ Test "channel=0 → failure (1-based)" started.
✔ Test "channel=0 → failure (1-based)" passed after 0.001 seconds.
◇ Test "channel=17 → failure" started.
✔ Test "channel=17 → failure" passed after 0.001 seconds.
◇ Test "channel missing → wire 0 (default ch1)" started.
✔ Test "channel missing → wire 0 (default ch1)" passed after 0.001 seconds.
◇ Test "channel=1.0 (whole double) → wire 0" started.
✔ Test "channel=1.0 (whole double) → wire 0" passed after 0.001 seconds.
◇ Test "channel=1.5 → failure (fractional rejected)" started.
✔ Test "channel=1.5 → failure (fractional rejected)" passed after 0.001 seconds.
◇ Test "channel="5" (string int) → wire 4" started.
✔ Test "channel="5" (string int) → wire 4" passed after 0.001 seconds.
◇ Test "channel="1.5" (string fractional) → failure" started.
✔ Test "channel="1.5" (string fractional) → failure" passed after 0.001 seconds.
◇ Test "channel=-1 → failure" started.
✔ Test "channel=-1 → failure" passed after 0.001 seconds.
◇ Test "channel=true (bool, EC-1) → failure" started.
✔ Test "channel=true (bool, EC-1) → failure" passed after 0.001 seconds.
◇ Test "channel=Double.infinity (EC-4) → failure" started.
✔ Test "channel=Double.infinity (EC-4) → failure" passed after 0.001 seconds.
◇ Test "channel=Double.nan (EC-4) → failure" started.
✔ Test "channel=Double.nan (EC-4) → failure" passed after 0.001 seconds.
✔ Suite "MIDIDispatcher validation helpers" passed after 0.003 seconds.
◇ Test testMIDIEngineStartAndStopLifecycleUsesRuntimeResources() started.
[2026-07-16T10:57:56.769Z] [INFO] [midi] MIDIEngine started — source: LogicProMCP-MIDI-Internal, sink: LogicProMCP-MIDI-In (MIDIEngine.swift:156)
[2026-07-16T10:57:56.769Z] [INFO] [midi] MIDIEngine stopped (MIDIEngine.swift:177)
✔ Test testMIDIEngineStartAndStopLifecycleUsesRuntimeResources() passed after 0.001 seconds.
◇ Test testMIDIEngineStartPropagatesClientCreationFailure() started.
✔ Test testMIDIEngineStartPropagatesClientCreationFailure() passed after 0.001 seconds.
◇ Test testMIDIEngineStartPropagatesSourceCreationFailureAndDisposesClient() started.
✔ Test testMIDIEngineStartPropagatesSourceCreationFailureAndDisposesClient() passed after 0.001 seconds.
◇ Test testMIDIEngineStartPropagatesDestinationCreationFailureAndDisposesIntermediates() started.
✔ Test testMIDIEngineStartPropagatesDestinationCreationFailureAndDisposesIntermediates() passed after 0.001 seconds.
◇ Test testMIDIEngineSendMethodsEncodeExpectedBytes() started.
[2026-07-16T10:57:56.770Z] [INFO] [midi] MIDIEngine started — source: LogicProMCP-MIDI-Internal, sink: LogicProMCP-MIDI-In (MIDIEngine.swift:156)
[2026-07-16T10:57:56.770Z] [ERROR] [midi] Invalid SysEx: must start with F0, end with F7, middle bytes < 0x80 (MIDIEngine.swift:232)
✔ Test testMIDIEngineSendMethodsEncodeExpectedBytes() passed after 0.001 seconds.
◇ Test testMIDIEngineSendRawBytesThrowsWhenInactive() started.
[2026-07-16T10:57:56.770Z] [WARN] [midi] MIDIEngine not running — dropping message (MIDIEngine.swift:244)
[2026-07-16T10:57:56.770Z] [WARN] [midi] MIDIEngine not running — dropping message (MIDIEngine.swift:244)
[2026-07-16T10:57:56.770Z] [WARN] [midi] MIDIEngine not running — dropping message (MIDIEngine.swift:244)
✔ Test testMIDIEngineSendRawBytesThrowsWhenInactive() passed after 0.001 seconds.
◇ Test testMIDIEngineSendFailureThrowsAfterAttemptingDelivery() started.
[2026-07-16T10:57:56.771Z] [INFO] [midi] MIDIEngine started — source: LogicProMCP-MIDI-Internal, sink: LogicProMCP-MIDI-In (MIDIEngine.swift:156)
[2026-07-16T10:57:56.771Z] [ERROR] [midi] MIDIReceived failed with status -40 (MIDIEngine.swift:249)
✔ Test testMIDIEngineSendFailureThrowsAfterAttemptingDelivery() passed after 0.001 seconds.
◇ Test testMIDIEngineInboundMessagesYieldParsedEventsFromRuntimeBytes() started.
[2026-07-16T10:57:56.771Z] [INFO] [midi] MIDIEngine started — source: LogicProMCP-MIDI-Internal, sink: LogicProMCP-MIDI-In (MIDIEngine.swift:156)
[2026-07-16T10:57:56.771Z] [INFO] [midi] MIDIEngine stopped (MIDIEngine.swift:177)
✔ Test testMIDIEngineInboundMessagesYieldParsedEventsFromRuntimeBytes() passed after 0.001 seconds.
◇ Test testMIDIEngineRestartDeliversInbound() started.
[2026-07-16T10:57:56.771Z] [INFO] [midi] MIDIEngine started — source: LogicProMCP-MIDI-Internal, sink: LogicProMCP-MIDI-In (MIDIEngine.swift:156)
[2026-07-16T10:57:56.771Z] [INFO] [midi] MIDIEngine stopped (MIDIEngine.swift:177)
[2026-07-16T10:57:56.771Z] [INFO] [midi] MIDIEngine started — source: LogicProMCP-MIDI-Internal, sink: LogicProMCP-MIDI-In (MIDIEngine.swift:156)
✔ Test testMIDIEngineRestartDeliversInbound() passed after 0.001 seconds.
◇ Test testMIDIEngineProductionRuntimeStartStopSmoke() started.
[2026-07-16T10:57:56.772Z] [INFO] [midi] MIDIEngine started — source: LogicProMCP-MIDI-Internal, sink: LogicProMCP-MIDI-In (MIDIEngine.swift:156)
[2026-07-16T10:57:56.772Z] [INFO] [midi] MIDIEngine stopped (MIDIEngine.swift:177)
✔ Test testMIDIEngineProductionRuntimeStartStopSmoke() passed after 0.001 seconds.
◇ Test testRealtimeByteBeforeNoteOnYieldsNoteOn() started.
✔ Test testRealtimeByteBeforeNoteOnYieldsNoteOn() passed after 0.001 seconds.
◇ Test testRealtimeInterleavingPreservesRunningStatus() started.
✔ Test testRealtimeInterleavingPreservesRunningStatus() passed after 0.001 seconds.
◇ Test testLoneRealtimeByteYieldsNoEvents() started.
✔ Test testLoneRealtimeByteYieldsNoEvents() passed after 0.001 seconds.
◇ Test testTuneRequestDoesNotSwallowFollowingNoteOn() started.
✔ Test testTuneRequestDoesNotSwallowFollowingNoteOn() passed after 0.001 seconds.
◇ Test testSongPositionConsumesTwoDataBytesNoteOnIntact() started.
✔ Test testSongPositionConsumesTwoDataBytesNoteOnIntact() passed after 0.001 seconds.
◇ Test testSystemCommonResetsRunningStatus() started.
✔ Test testSystemCommonResetsRunningStatus() passed after 0.001 seconds.
◇ Test testMIDIFeedbackNormalParsing() started.
✔ Test testMIDIFeedbackNormalParsing() passed after 0.001 seconds.
◇ Test testMIDIFeedbackRunningStatus() started.
✔ Test testMIDIFeedbackRunningStatus() passed after 0.001 seconds.
◇ Test testSendSysExValidation() started.
✔ Test testSendSysExValidation() passed after 0.001 seconds.
◇ Test testMIDIFeedbackParsesAdditionalChannelVoiceMessages() started.
✔ Test testMIDIFeedbackParsesAdditionalChannelVoiceMessages() passed after 0.001 seconds.
◇ Test testMIDIFeedbackParsesCompleteAndTruncatedSysEx() started.
✔ Test testMIDIFeedbackParsesCompleteAndTruncatedSysEx() passed after 0.001 seconds.
◇ Test testMIDIFeedbackSkipsStrayDataBytesWithoutStatus() started.
✔ Test testMIDIFeedbackSkipsStrayDataBytesWithoutStatus() passed after 0.001 seconds.
◇ Test testMIDIFeedbackParsesMIDIPacketListIntoStream() started.
✔ Test testMIDIFeedbackParsesMIDIPacketListIntoStream() passed after 0.001 seconds.
◇ Test testMMCCommandsBuildExpectedTransportMessages() started.
✔ Test testMMCCommandsBuildExpectedTransportMessages() passed after 0.001 seconds.
◇ Test testKeycmdChannelHandlesSendCCKeycmdOp() started.
[2026-07-16T10:57:56.775Z] [INFO] [keycmd] MIDIKeyCommands channel started (48 commands mapped) — Mock KeyCmd transport ready (MIDIKeyCommandsChannel.swift:111)
✔ Test testKeycmdChannelHandlesSendCCKeycmdOp() passed after 0.001 seconds.
◇ Test testKeycmdSendCCWireBytesCorrect() started.
[2026-07-16T10:57:56.775Z] [INFO] [keycmd] MIDIKeyCommands channel started (48 commands mapped) — Mock KeyCmd transport ready (MIDIKeyCommandsChannel.swift:111)
✔ Test testKeycmdSendCCWireBytesCorrect() passed after 0.001 seconds.
◇ Test testKeycmdSendNoteWireBytes() started.
[2026-07-16T10:57:56.775Z] [INFO] [keycmd] MIDIKeyCommands channel started (48 commands mapped) — Mock KeyCmd transport ready (MIDIKeyCommandsChannel.swift:111)
✔ Test testKeycmdSendNoteWireBytes() passed after 0.005 seconds.
◇ Test testKeycmdSendNoteNoteOffFailureReturnsStateC() started.
[2026-07-16T10:57:56.780Z] [INFO] [keycmd] MIDIKeyCommands channel started (48 commands mapped) — Mock KeyCmd transport ready (MIDIKeyCommandsChannel.swift:111)
✔ Test testKeycmdSendNoteNoteOffFailureReturnsStateC() passed after 0.003 seconds.
◇ Test testKeycmdSendChordMultipleNotes() started.
[2026-07-16T10:57:56.784Z] [INFO] [keycmd] MIDIKeyCommands channel started (48 commands mapped) — Mock KeyCmd transport ready (MIDIKeyCommandsChannel.swift:111)
✔ Test testKeycmdSendChordMultipleNotes() passed after 0.002 seconds.
◇ Test testKeycmdSendProgramChangeWire() started.
[2026-07-16T10:57:56.787Z] [INFO] [keycmd] MIDIKeyCommands channel started (48 commands mapped) — Mock KeyCmd transport ready (MIDIKeyCommandsChannel.swift:111)
✔ Test testKeycmdSendProgramChangeWire() passed after 0.001 seconds.
◇ Test testKeycmdSendPitchBendWire() started.
[2026-07-16T10:57:56.787Z] [INFO] [keycmd] MIDIKeyCommands channel started (48 commands mapped) — Mock KeyCmd transport ready (MIDIKeyCommandsChannel.swift:111)
✔ Test testKeycmdSendPitchBendWire() passed after 0.001 seconds.
◇ Test testKeycmdSendAftertouchWire() started.
[2026-07-16T10:57:56.788Z] [INFO] [keycmd] MIDIKeyCommands channel started (48 commands mapped) — Mock KeyCmd transport ready (MIDIKeyCommandsChannel.swift:111)
✔ Test testKeycmdSendAftertouchWire() passed after 0.001 seconds.
◇ Test testKeycmdPlaySequenceCallsParser() started.
[2026-07-16T10:57:56.788Z] [INFO] [keycmd] MIDIKeyCommands channel started (48 commands mapped) — Mock KeyCmd transport ready (MIDIKeyCommandsChannel.swift:111)
✔ Test testKeycmdPlaySequenceCallsParser() passed after 0.003 seconds.
◇ Test testKeycmdPlaySequenceNoteOffFailureReturnsStateC() started.
[2026-07-16T10:57:56.791Z] [INFO] [keycmd] MIDIKeyCommands channel started (48 commands mapped) — Mock KeyCmd transport ready (MIDIKeyCommandsChannel.swift:111)
✔ Test testKeycmdPlaySequenceNoteOffFailureReturnsStateC() passed after 0.002 seconds.
◇ Test testKeycmdPlaySequenceFailureReturnsInvalidParams() started.
✔ Test testKeycmdPlaySequenceFailureReturnsInvalidParams() passed after 0.001 seconds.
◇ Test testKeycmdSuccessReturnsStateBEnvelope() started.
✔ Test testKeycmdSuccessReturnsStateBEnvelope() passed after 0.001 seconds.
◇ Test testKeycmdMappingTableLookupStillWorks() started.
✔ Test testKeycmdMappingTableLookupStillWorks() passed after 0.001 seconds.
◇ Test testKeycmdUnknownKeycmdOpReturnsError() started.
✔ Test testKeycmdUnknownKeycmdOpReturnsError() passed after 0.001 seconds.
◇ Test testKeycmdSendCCInvalidParamsReturnsStateC() started.
✔ Test testKeycmdSendCCInvalidParamsReturnsStateC() passed after 0.001 seconds.
◇ Test testKeyCmdChannelTransportNotPublishedReturnsPortUnavailable() started.
✔ Test testKeyCmdChannelTransportNotPublishedReturnsPortUnavailable() passed after 0.001 seconds.
◇ Test testKeyCommandMappingUndo() started.
✔ Test testKeyCommandMappingUndo() passed after 0.001 seconds.
◇ Test testKeyCommandMappingCreateAudio() started.
✔ Test testKeyCommandMappingCreateAudio() passed after 0.001 seconds.
◇ Test testKeyCommandMappingToggleMixer() started.
✔ Test testKeyCommandMappingToggleMixer() passed after 0.001 seconds.
◇ Test testKeyCommandAllMappingsUnique() started.
✔ Test testKeyCommandAllMappingsUnique() passed after 0.001 seconds.
◇ Test testKeyCommandChannelExecute() started.
✔ Test testKeyCommandChannelExecute() passed after 0.001 seconds.
◇ Test testKeyCommandUnknownOperation() started.
✔ Test testKeyCommandUnknownOperation() passed after 0.001 seconds.
◇ Test testKeyCommandMappingCount() started.
✔ Test testKeyCommandMappingCount() passed after 0.001 seconds.
◇ Test testKeyCommandHealthReflectsTransportReadiness() started.
✔ Test testKeyCommandHealthReflectsTransportReadiness() passed after 0.001 seconds.
◇ Test testKeyCommandHealthBecomesRuntimeReadyAfterApproval() started.
✔ Test testKeyCommandHealthBecomesRuntimeReadyAfterApproval() passed after 0.001 seconds.
◇ Test testKeyCommandExecuteSurfacesTransportSendFailure() started.
✔ Test testKeyCommandExecuteSurfacesTransportSendFailure() passed after 0.001 seconds.
◇ Suite MIDINoteReadbackTests started.
◇ Test incompleteSnapshotCannotReportExactMatch() started.
✔ Test incompleteSnapshotCannotReportExactMatch() passed after 0.001 seconds.
◇ Test missingIndependentProvenanceCannotReportExactMatch() started.
✔ Test missingIndependentProvenanceCannotReportExactMatch() passed after 0.001 seconds.
◇ Test canonicalizationRemovesVelocityZeroTrimsOverlapAndSorts() started.
✔ Test canonicalizationRemovesVelocityZeroTrimsOverlapAndSorts() passed after 0.001 seconds.
◇ Test ppqNormalizationAllowsExactMatch() started.
✔ Test ppqNormalizationAllowsExactMatch() passed after 0.001 seconds.
◇ Test verificationMatchesCanonicalNotes() started.
✔ Test verificationMatchesCanonicalNotes() passed after 0.001 seconds.
◇ Test verificationReportsAddedRemovedAndChangedNotes() started.
✔ Test verificationReportsAddedRemovedAndChangedNotes() passed after 0.001 seconds.
◇ Test regionDiffReportsAddedAndRemovedNotes() started.
✔ Test regionDiffReportsAddedAndRemovedNotes() passed after 0.001 seconds.
◇ Test providerGateHasNoPublicProviderBeforeQualification() started.
✔ Test providerGateHasNoPublicProviderBeforeQualification() passed after 0.001 seconds.
◇ Test completeSnapshotDropsPartialReason() started.
✔ Test completeSnapshotDropsPartialReason() passed after 0.001 seconds.
◇ Test featureFlagDefaultsToFalse() started.
✔ Test featureFlagDefaultsToFalse() passed after 0.001 seconds.
✔ Suite MIDINoteReadbackTests passed after 0.001 seconds.
◇ Test testMIDIPortManagerPortCountStartsAtZero() started.
✔ Test testMIDIPortManagerPortCountStartsAtZero() passed after 0.001 seconds.
◇ Test testMIDIPortManagerRejectsPortCreationBeforeStart() started.
✔ Test testMIDIPortManagerRejectsPortCreationBeforeStart() passed after 0.001 seconds.
◇ Test testMIDIPortManagerStartIsIdempotentAndStopDisposesClient() started.
[2026-07-16T10:57:56.803Z] [INFO] [midi] MIDIPortManager started (client: 100) (MIDIPortManager.swift:92)
[2026-07-16T10:57:56.803Z] [INFO] [midi] MIDIPortManager stopped (MIDIPortManager.swift:177)
[2026-07-16T10:57:56.803Z] [INFO] [midi] MIDIPortManager stopped (MIDIPortManager.swift:177)
✔ Test testMIDIPortManagerStartIsIdempotentAndStopDisposesClient() passed after 0.001 seconds.
◇ Test testMIDIPortManagerCreateSendOnlyPortReusesExistingPair() started.
[2026-07-16T10:57:56.803Z] [INFO] [midi] MIDIPortManager started (client: 100) (MIDIPortManager.swift:92)
[2026-07-16T10:57:56.803Z] [INFO] [midi] Created send-only port: LogicProMCP-KeyCmd-Internal (src: 200) (MIDIPortManager.swift:141)
[2026-07-16T10:57:56.803Z] [INFO] [midi] Reusing existing port: LogicProMCP-KeyCmd-Internal (MIDIPortManager.swift:150)
✔ Test testMIDIPortManagerCreateSendOnlyPortReusesExistingPair() passed after 0.001 seconds.
◇ Test testMIDIPortManagerCreateBidirectionalPortReusesExistingPair() started.
[2026-07-16T10:57:56.803Z] [INFO] [midi] MIDIPortManager started (client: 100) (MIDIPortManager.swift:92)
[2026-07-16T10:57:56.803Z] [INFO] [midi] Created bidirectional port: LogicProMCP-MCU-Internal (src: 200, dst: 201) (MIDIPortManager.swift:121)
[2026-07-16T10:57:56.803Z] [INFO] [midi] Reusing existing port: LogicProMCP-MCU-Internal (MIDIPortManager.swift:150)
✔ Test testMIDIPortManagerCreateBidirectionalPortReusesExistingPair() passed after 0.001 seconds.
◇ Test sendOnly_then_bidirectional_same_name_throws_modeConflict() started.
[2026-07-16T10:57:56.803Z] [INFO] [midi] MIDIPortManager started (client: 100) (MIDIPortManager.swift:92)
[2026-07-16T10:57:56.803Z] [INFO] [midi] Created send-only port: LogicProMCP-Shared-Internal (src: 200) (MIDIPortManager.swift:141)
✔ Test sendOnly_then_bidirectional_same_name_throws_modeConflict() passed after 0.001 seconds.
◇ Test bidirectional_then_sendOnly_same_name_throws_modeConflict() started.
[2026-07-16T10:57:56.803Z] [INFO] [midi] MIDIPortManager started (client: 100) (MIDIPortManager.swift:92)
[2026-07-16T10:57:56.803Z] [INFO] [midi] Created bidirectional port: LogicProMCP-Shared-Internal (src: 200, dst: 201) (MIDIPortManager.swift:121)
✔ Test bidirectional_then_sendOnly_same_name_throws_modeConflict() passed after 0.001 seconds.
◇ Test same_name_same_mode_reuse_preserved_across_restart() started.
[2026-07-16T10:57:56.803Z] [INFO] [midi] MIDIPortManager started (client: 100) (MIDIPortManager.swift:92)
[2026-07-16T10:57:56.803Z] [INFO] [midi] Created bidirectional port: LogicProMCP-MCU-Internal (src: 200, dst: 201) (MIDIPortManager.swift:121)
[2026-07-16T10:57:56.803Z] [INFO] [midi] Reusing existing port: LogicProMCP-MCU-Internal (MIDIPortManager.swift:150)
✔ Test same_name_same_mode_reuse_preserved_across_restart() passed after 0.001 seconds.
◇ Test testMIDIPortManagerClientCreationFailureSurfacesError() started.
✔ Test testMIDIPortManagerClientCreationFailureSurfacesError() passed after 0.001 seconds.
◇ Test testMIDIPortManagerSourceCreationFailureSurfacesError() started.
[2026-07-16T10:57:56.804Z] [INFO] [midi] MIDIPortManager started (client: 100) (MIDIPortManager.swift:92)
✔ Test testMIDIPortManagerSourceCreationFailureSurfacesError() passed after 0.001 seconds.
◇ Test testMIDIPortManagerDestinationCreationFailureDisposesSource() started.
[2026-07-16T10:57:56.804Z] [INFO] [midi] MIDIPortManager started (client: 100) (MIDIPortManager.swift:92)
✔ Test testMIDIPortManagerDestinationCreationFailureDisposesSource() passed after 0.001 seconds.
◇ Test testMIDIPortManagerStopDisposesAllPortsAndClearsCache() started.
[2026-07-16T10:57:56.804Z] [INFO] [midi] MIDIPortManager started (client: 100) (MIDIPortManager.swift:92)
[2026-07-16T10:57:56.804Z] [INFO] [midi] Created send-only port: LogicProMCP-KeyCmd-Internal (src: 200) (MIDIPortManager.swift:141)
[2026-07-16T10:57:56.804Z] [INFO] [midi] Created bidirectional port: LogicProMCP-MCU-Internal (src: 201, dst: 202) (MIDIPortManager.swift:121)
[2026-07-16T10:57:56.804Z] [INFO] [midi] Disposed port: LogicProMCP-KeyCmd-Internal (MIDIPortManager.swift:169)
[2026-07-16T10:57:56.804Z] [INFO] [midi] Disposed port: LogicProMCP-MCU-Internal (MIDIPortManager.swift:169)
[2026-07-16T10:57:56.804Z] [INFO] [midi] MIDIPortManager stopped (MIDIPortManager.swift:177)
✔ Test testMIDIPortManagerStopDisposesAllPortsAndClearsCache() passed after 0.001 seconds.
◇ Test testMIDIPortManagerProductionRuntimeSmokeCreatesAndStopsPorts() started.
[2026-07-16T10:57:56.805Z] [INFO] [midi] MIDIPortManager started (client: 3498244) (MIDIPortManager.swift:92)
[2026-07-16T10:57:56.805Z] [INFO] [midi] Created send-only port: LogicProMCP-Smoke-5A00732F-3813-4682-924A-2F46DC34069F (src: 3498245) (MIDIPortManager.swift:141)
[2026-07-16T10:57:56.805Z] [INFO] [midi] Created bidirectional port: LogicProMCP-Smoke-Bidi-66077F12-8A3F-423D-A179-84D70F4419B6 (src: 3498246, dst: 3498247) (MIDIPortManager.swift:121)
[2026-07-16T10:57:56.805Z] [INFO] [midi] Disposed port: LogicProMCP-Smoke-5A00732F-3813-4682-924A-2F46DC34069F (MIDIPortManager.swift:169)
[2026-07-16T10:57:56.805Z] [INFO] [midi] Disposed port: LogicProMCP-Smoke-Bidi-66077F12-8A3F-423D-A179-84D70F4419B6 (MIDIPortManager.swift:169)
[2026-07-16T10:57:56.806Z] [INFO] [midi] MIDIPortManager stopped (MIDIPortManager.swift:177)
✔ Test testMIDIPortManagerProductionRuntimeSmokeCreatesAndStopsPorts() passed after 0.001 seconds.
◇ Suite "MMCCommands" started.
◇ Test "deferredPlay emits SysEx with command byte 0x03" started.
✔ Test "deferredPlay emits SysEx with command byte 0x03" passed after 0.001 seconds.
◇ Test "reset emits SysEx with command byte 0x0D" started.
✔ Test "reset emits SysEx with command byte 0x0D" passed after 0.001 seconds.
◇ Test "write emits SysEx with command byte 0x40" started.
✔ Test "write emits SysEx with command byte 0x40" passed after 0.001 seconds.
◇ Test "goto emits 0x44 0x01 + target byte" started.
✔ Test "goto emits 0x44 0x01 + target byte" passed after 0.001 seconds.
◇ Test "goto rejects target > 0x7F" started.
✔ Test "goto rejects target > 0x7F" passed after 0.001 seconds.
◇ Test "goto accepts deviceID 0x7F (broadcast)" started.
✔ Test "goto accepts deviceID 0x7F (broadcast)" passed after 0.001 seconds.
◇ Test "locateStrict rejects hours > 23" started.
✔ Test "locateStrict rejects hours > 23" passed after 0.001 seconds.
◇ Test "locateStrict rejects minutes > 59" started.
✔ Test "locateStrict rejects minutes > 59" passed after 0.001 seconds.
◇ Test "locateStrict rejects seconds > 59" started.
✔ Test "locateStrict rejects seconds > 59" passed after 0.001 seconds.
◇ Test "locateStrict rejects frames = 30 at 30fps (max frame index is 29)" started.
✔ Test "locateStrict rejects frames = 30 at 30fps (max frame index is 29)" passed after 0.001 seconds.
◇ Test "locateStrict rejects subframes > 99" started.
✔ Test "locateStrict rejects subframes > 99" passed after 0.001 seconds.
◇ Test "locateStrict at 24fps boundary: frames=23 OK, frames=24 rejected" started.
✔ Test "locateStrict at 24fps boundary: frames=23 OK, frames=24 rejected" passed after 0.001 seconds.
◇ Test "locateStrict encodes 24fps in hours bits 5-6 as 00" started.
✔ Test "locateStrict encodes 24fps in hours bits 5-6 as 00" passed after 0.001 seconds.
◇ Test "locateStrict encodes 25fps in hours bits 5-6 as 01" started.
✔ Test "locateStrict encodes 25fps in hours bits 5-6 as 01" passed after 0.001 seconds.
◇ Test "locateStrict encodes 29.97df in hours bits 5-6 as 10" started.
✔ Test "locateStrict encodes 29.97df in hours bits 5-6 as 10" passed after 0.001 seconds.
◇ Test "locateStrict encodes 30fps in hours bits 5-6 as 11" started.
✔ Test "locateStrict encodes 30fps in hours bits 5-6 as 11" passed after 0.001 seconds.
◇ Test "barBeatToSMPTE: bar 1 beat 1 is zero position" started.
✔ Test "barBeatToSMPTE: bar 1 beat 1 is zero position" passed after 0.001 seconds.
◇ Test "barBeatToSMPTE: bar 2 beat 1 at 120bpm 4/4 = 2 seconds" started.
✔ Test "barBeatToSMPTE: bar 2 beat 1 at 120bpm 4/4 = 2 seconds" passed after 0.001 seconds.
◇ Test "barBeatToSMPTE: bar 61 at 120bpm 4/4 = 2 minutes" started.
✔ Test "barBeatToSMPTE: bar 61 at 120bpm 4/4 = 2 minutes" passed after 0.001 seconds.
◇ Test "barBeatToSMPTE rejects invalid inputs" started.
✔ Test "barBeatToSMPTE rejects invalid inputs" passed after 0.001 seconds.
◇ Test "barBeatToSMPTE caps at 24h SMPTE limit" started.
✔ Test "barBeatToSMPTE caps at 24h SMPTE limit" passed after 0.001 seconds.
◇ Test "existing locate output is unchanged (byte equality)" started.
✔ Test "existing locate output is unchanged (byte equality)" passed after 0.001 seconds.
✔ Suite "MMCCommands" passed after 0.004 seconds.
◇ Test testMainEntrypointApproveChannelReportsPersistenceFailure() started.
✔ Test testMainEntrypointApproveChannelReportsPersistenceFailure() passed after 0.001 seconds.
◇ Test testMainEntrypointRevokeRejectsUnknownApprovalChannel() started.
✔ Test testMainEntrypointRevokeRejectsUnknownApprovalChannel() passed after 0.001 seconds.
◇ Test testMainEntrypointRevokeReportsPersistenceFailure() started.
✔ Test testMainEntrypointRevokeReportsPersistenceFailure() passed after 0.001 seconds.
◇ Test testMainEntrypointVersionFlagPrintsBareVersionAndExitsWithoutServer() started.
✔ Test testMainEntrypointVersionFlagPrintsBareVersionAndExitsWithoutServer() passed after 0.001 seconds.
◇ Test testMainEntrypointVersionShortFlagPrintsVersion() started.
✔ Test testMainEntrypointVersionShortFlagPrintsVersion() passed after 0.001 seconds.
◇ Test testMainEntrypointHelpFlagPrintsUsageAndExitsWithoutServer() started.
✔ Test testMainEntrypointHelpFlagPrintsUsageAndExitsWithoutServer() passed after 0.001 seconds.
◇ Test testMainEntrypointHelpShortFlagPrintsUsage() started.
✔ Test testMainEntrypointHelpShortFlagPrintsUsage() passed after 0.001 seconds.
◇ Test testMainEntrypointRejectsUnknownTopLevelOptionWithoutStartingServer() started.
✔ Test testMainEntrypointRejectsUnknownTopLevelOptionWithoutStartingServer() passed after 0.001 seconds.
◇ Test testMainEntrypointReturnsSuccessForGrantedPermissions() started.
✔ Test testMainEntrypointReturnsSuccessForGrantedPermissions() passed after 0.001 seconds.
◇ Test testMainEntrypointReturnsFailureWhenSystemEventsAutomationDenied() started.
✔ Test testMainEntrypointReturnsFailureWhenSystemEventsAutomationDenied() passed after 0.001 seconds.
◇ Test testMainEntrypointReturnsFailureForMissingPermissions() started.
✔ Test testMainEntrypointReturnsFailureForMissingPermissions() passed after 0.001 seconds.
◇ Test testMainEntrypointStartsServerWithoutPermissionFlag() started.
✔ Test testMainEntrypointStartsServerWithoutPermissionFlag() passed after 0.001 seconds.
◇ Test testMainEntrypointReturnsFailureWhenServerStartThrows() started.
[2026-07-16T10:57:56.813Z] [ERROR] [main] Server failed: startFailed (MainEntrypoint.swift:253)
✔ Test testMainEntrypointReturnsFailureWhenServerStartThrows() passed after 0.001 seconds.
◇ Test testMainEntrypointDefaultDependenciesHandlePermissionCheckPath() started.
Accessibility: NOT GRANTED
Automation (Logic Pro): granted
Automation (System Events): granted
PostEvent (CGEvent): NOT GRANTED
  → System Settings > Privacy & Security > Accessibility → add your terminal app
  → System Settings > Privacy & Security > Accessibility → grant PostEvent access to the host app
✔ Test testMainEntrypointDefaultDependenciesHandlePermissionCheckPath() passed after 0.137 seconds.
◇ Test testLogicProMCPMainExitCodeWrapsMainEntrypoint() started.
✔ Test testLogicProMCPMainExitCodeWrapsMainEntrypoint() passed after 0.001 seconds.
◇ Test testLogicProMCPMainDefaultRunnerDelegatesToMainEntrypoint() started.
✔ Test testLogicProMCPMainDefaultRunnerDelegatesToMainEntrypoint() passed after 0.001 seconds.
◇ Test testMainEntrypointApproveListAndRevokeManualValidationChannel() started.
✔ Test testMainEntrypointApproveListAndRevokeManualValidationChannel() passed after 0.002 seconds.
◇ Test testMainEntrypointRejectsUnknownApprovalChannel() started.
✔ Test testMainEntrypointRejectsUnknownApprovalChannel() passed after 0.001 seconds.
◇ Test testLogicProMCPMainDefaultPathsHandlePermissionCheckFlow() started.
Accessibility: NOT GRANTED
Automation (Logic Pro): granted
Automation (System Events): granted
PostEvent (CGEvent): NOT GRANTED
  → System Settings > Privacy & Security > Accessibility → add your terminal app
  → System Settings > Privacy & Security > Accessibility → grant PostEvent access to the host app
Accessibility: NOT GRANTED
Automation (Logic Pro): granted
Automation (System Events): granted
PostEvent (CGEvent): NOT GRANTED
  → System Settings > Privacy & Security > Accessibility → add your terminal app
  → System Settings > Privacy & Security > Accessibility → grant PostEvent access to the host app
✔ Test testLogicProMCPMainDefaultPathsHandlePermissionCheckFlow() passed after 0.197 seconds.
◇ Test testManualValidationChannelParseSupportsAliases() started.
✔ Test testManualValidationChannelParseSupportsAliases() passed after 0.001 seconds.
◇ Test testManualValidationSummaryHandlesEmptyAndNoteLessApprovals() started.
✔ Test testManualValidationSummaryHandlesEmptyAndNoteLessApprovals() passed after 0.001 seconds.
◇ Test testManualValidationStoreTreatsInvalidJSONAsEmptyState() started.
[2026-07-16T10:57:57.154Z] [WARN] [validation] Failed to read manual validation store: dataCorrupted(Swift.DecodingError.Context(codingPath: [], debugDescription: "The given data was not valid JSON.", underlyingError: Optional(Error Domain=NSCocoaErrorDomain Code=3840 "Unexpected character 'o' in expected null value around line 1, column 2." UserInfo={NSDebugDescription=Unexpected character 'o' in expected null value around line 1, column 2., NSJSONSerializationErrorIndex=1}))) (ManualValidationStore.swift:203)
[2026-07-16T10:57:57.154Z] [WARN] [validation] Failed to read manual validation store: dataCorrupted(Swift.DecodingError.Context(codingPath: [], debugDescription: "The given data was not valid JSON.", underlyingError: Optional(Error Domain=NSCocoaErrorDomain Code=3840 "Unexpected character 'o' in expected null value around line 1, column 2." UserInfo={NSDebugDescription=Unexpected character 'o' in expected null value around line 1, column 2., NSJSONSerializationErrorIndex=1}))) (ManualValidationStore.swift:203)
[2026-07-16T10:57:57.154Z] [WARN] [validation] Failed to read manual validation store: dataCorrupted(Swift.DecodingError.Context(codingPath: [], debugDescription: "The given data was not valid JSON.", underlyingError: Optional(Error Domain=NSCocoaErrorDomain Code=3840 "Unexpected character 'o' in expected null value around line 1, column 2." UserInfo={NSJSONSerializationErrorIndex=1, NSDebugDescription=Unexpected character 'o' in expected null value around line 1, column 2.}))) (ManualValidationStore.swift:203)
✔ Test testManualValidationStoreTreatsInvalidJSONAsEmptyState() passed after 0.002 seconds.
◇ Test testManualValidationStoreWritesOwnerOnlyPermissions() started.
✔ Test testManualValidationStoreWritesOwnerOnlyPermissions() passed after 0.001 seconds.
◇ Test testManualValidationStoreSerializesConcurrentWritersAcrossStoreInstances() started.
✔ Test testManualValidationStoreSerializesConcurrentWritersAcrossStoreInstances() passed after 0.073 seconds.
◇ Test "MarkerState Codable round-trip — 모든 PositionSource" started.
◇ Passing 1 argument source → .parser to "MarkerState Codable round-trip — 모든 PositionSource"
◇ Passing 1 argument source → .fallback to "MarkerState Codable round-trip — 모든 PositionSource"
◇ Passing 1 argument source → .unknown to "MarkerState Codable round-trip — 모든 PositionSource"
✔ Test "MarkerState Codable round-trip — 모든 PositionSource" passed after 0.001 seconds.
◇ Test "MarkerState legacy snapshot decode → .unknown" started.
✔ Test "MarkerState legacy snapshot decode → .unknown" passed after 0.001 seconds.
◇ Test "MarkerState legacy array decode — 모두 .unknown" started.
✔ Test "MarkerState legacy array decode — 모두 .unknown" passed after 0.001 seconds.
◇ Test "PositionSource rawValue 안정성 (wire schema 보장)" started.
✔ Test "PositionSource rawValue 안정성 (wire schema 보장)" passed after 0.001 seconds.
◇ Test "mergeMarkerUncertainty: HC State A → top-level extras 추가" started.
✔ Test "mergeMarkerUncertainty: HC State A → top-level extras 추가" passed after 0.001 seconds.
◇ Test "mergeMarkerUncertainty: HC State B → 보존 + extras 추가" started.
✔ Test "mergeMarkerUncertainty: HC State B → 보존 + extras 추가" passed after 0.001 seconds.
◇ Test "mergeMarkerUncertainty: HC State C (success:false) → merge skip" started.
✔ Test "mergeMarkerUncertainty: HC State C (success:false) → merge skip" passed after 0.001 seconds.
◇ Test "mergeMarkerUncertainty: invalid JSON → 원본 그대로" started.
✔ Test "mergeMarkerUncertainty: invalid JSON → 원본 그대로" passed after 0.001 seconds.
◇ Test "PositionSource.isCanonical — parser 만 true" started.
◇ Passing 2 arguments source → .parser, expected → true to "PositionSource.isCanonical — parser 만 true"
◇ Passing 2 arguments source → .fallback, expected → false to "PositionSource.isCanonical — parser 만 true"
◇ Passing 2 arguments source → .unknown, expected → false to "PositionSource.isCanonical — parser 만 true"
✔ Test "PositionSource.isCanonical — parser 만 true" passed after 0.001 seconds.
◇ Test "MarkerState.fromParsed: parser 성공 → .parser + canonical position" started.
✔ Test "MarkerState.fromParsed: parser 성공 → .parser + canonical position" passed after 0.001 seconds.
◇ Test "MarkerState.fromParsed: parser 실패 → .fallback + (ordinal+1).1.1.1 합성" started.
✔ Test "MarkerState.fromParsed: parser 실패 → .fallback + (ordinal+1).1.1.1 합성" passed after 0.001 seconds.
◇ Test "encodeMarkersWire: parser 마커 → position_source=parser + is_canonical=true" started.
✔ Test "encodeMarkersWire: parser 마커 → position_source=parser + is_canonical=true" passed after 0.001 seconds.
◇ Test "encodeMarkersWire: fallback 마커 → position_source=fallback + is_canonical=false" started.
✔ Test "encodeMarkersWire: fallback 마커 → position_source=fallback + is_canonical=false" passed after 0.001 seconds.
◇ Test "encodeMarkersWire: unknown(legacy) 마커 → position_source=unknown + is_canonical=false" started.
✔ Test "encodeMarkersWire: unknown(legacy) 마커 → position_source=unknown + is_canonical=false" passed after 0.001 seconds.
◇ Test "encodeMarkersWire: 빈 배열 → []" started.
✔ Test "encodeMarkersWire: 빈 배열 → []" passed after 0.001 seconds.
◇ Suite "Mixer123SelectionTests" started.
◇ Test test123MixerSelectsStripsContainerNotToolbar() started.
✔ Test test123MixerSelectsStripsContainerNotToolbar() passed after 0.001 seconds.
◇ Test test123MixerSelectionIndependentOfStripCount(_:) started.
◇ Passing 1 argument stripCount → 1 to test123MixerSelectionIndependentOfStripCount(_:)
◇ Passing 1 argument stripCount → 3 to test123MixerSelectionIndependentOfStripCount(_:)
◇ Passing 1 argument stripCount → 8 to test123MixerSelectionIndependentOfStripCount(_:)
◇ Passing 1 argument stripCount → 9 to test123MixerSelectionIndependentOfStripCount(_:)
◇ Passing 1 argument stripCount → 12 to test123MixerSelectionIndependentOfStripCount(_:)
✔ Test test123MixerSelectionIndependentOfStripCount(_:) passed after 0.003 seconds.
◇ Test test123ToolbarAloneYieldsNoMixer() started.
✔ Test test123ToolbarAloneYieldsNoMixer() passed after 0.001 seconds.
◇ Test test122ShapeStillSelected() started.
✔ Test test122ShapeStillSelected() passed after 0.001 seconds.
◇ Test test123KoreanLocaleSelection() started.
✔ Test test123KoreanLocaleSelection() passed after 0.001 seconds.
◇ Test test123InspectorAreaStillExcluded() started.
✔ Test test123InspectorAreaStillExcluded() passed after 0.001 seconds.
◇ Test test123EnumerationEndToEnd() started.
✔ Test test123EnumerationEndToEnd() passed after 0.003 seconds.
✔ Suite "Mixer123SelectionTests" passed after 0.008 seconds.
◇ Test testSetPluginParamRefusesOnUnverifiedSelection() started.
✔ Test testSetPluginParamRefusesOnUnverifiedSelection() passed after 0.001 seconds.
◇ Test testSetPluginParamProceedsOnVerifiedSelection() started.
✔ Test testSetPluginParamProceedsOnVerifiedSelection() passed after 0.001 seconds.
◇ Test testSetPluginParamRejectsNonNumericValueWithoutSideEffect() started.
✔ Test testSetPluginParamRejectsNonNumericValueWithoutSideEffect() passed after 0.001 seconds.
◇ Test testSetPluginParamRejectsOutOfRangeValueWithoutSideEffect() started.
✔ Test testSetPluginParamRejectsOutOfRangeValueWithoutSideEffect() passed after 0.001 seconds.
◇ Test testSetPluginParamRejectsOutOfRangeParamWithoutSideEffect() started.
✔ Test testSetPluginParamRejectsOutOfRangeParamWithoutSideEffect() passed after 0.001 seconds.
◇ Suite MixerProvenanceTests started.
◇ Test testDataSourceAxPollWhenFresh() started.
✔ Test testDataSourceAxPollWhenFresh() passed after 0.001 seconds.
◇ Test testDataSourceAtThresholdIsAxPoll() started.
✔ Test testDataSourceAtThresholdIsAxPoll() passed after 0.001 seconds.
◇ Test testDataSourceCacheStaleWhenOld() started.
✔ Test testDataSourceCacheStaleWhenOld() passed after 0.001 seconds.
◇ Test testDataSourceNotVisibleWhenNeverPolled() started.
✔ Test testDataSourceNotVisibleWhenNeverPolled() passed after 0.001 seconds.
◇ Test testLastFeedbackAgeMsNilWhenNoFeedback() started.
✔ Test testLastFeedbackAgeMsNilWhenNoFeedback() passed after 0.001 seconds.
◇ Test testLastFeedbackAgeMsClampsAndMeasures() started.
✔ Test testLastFeedbackAgeMsClampsAndMeasures() passed after 0.001 seconds.
◇ Test testLastFeedbackAgeMsClampsFutureToZero() started.
✔ Test testLastFeedbackAgeMsClampsFutureToZero() passed after 0.001 seconds.
◇ Test testMixerEnvelopeHasProvenanceTripletAndAlias() started.
✔ Test testMixerEnvelopeHasProvenanceTripletAndAlias() passed after 0.001 seconds.
◇ Test testMixerEnvelopeNotVisibleWhenNeverPolled() started.
✔ Test testMixerEnvelopeNotVisibleWhenNeverPolled() passed after 0.001 seconds.
◇ Test testMixerStripEnvelopeHasProvenance() started.
✔ Test testMixerStripEnvelopeHasProvenance() passed after 0.001 seconds.
◇ Test testMixerStripMissingReturnsTypedOutOfRange() started.
✔ Test testMixerStripMissingReturnsTypedOutOfRange() passed after 0.001 seconds.
✔ Suite MixerProvenanceTests passed after 0.002 seconds.
◇ Test testClassifyMandatoryNewTrackViaDisabledCancel() started.
✔ Test testClassifyMandatoryNewTrackViaDisabledCancel() passed after 0.001 seconds.
◇ Test testClassifyMandatoryNewTrackViaDescription() started.
✔ Test testClassifyMandatoryNewTrackViaDescription() passed after 0.001 seconds.
◇ Test testClassifyDeleteConfirm() started.
✔ Test testClassifyDeleteConfirm() passed after 0.001 seconds.
◇ Test testClassifyStrayMenu() started.
✔ Test testClassifyStrayMenu() passed after 0.001 seconds.
◇ Test testClassifyUnknownSheet() started.
✔ Test testClassifyUnknownSheet() passed after 0.001 seconds.
◇ Test testClassifyNone() started.
✔ Test testClassifyNone() passed after 0.001 seconds.
◇ Test testClassifySheetWinsOverStrayMenu() started.
✔ Test testClassifySheetWinsOverStrayMenu() passed after 0.001 seconds.
◇ Test testDisabledCancelIsTheMandatoryDiscriminator() started.
✔ Test testDisabledCancelIsTheMandatoryDiscriminator() passed after 0.001 seconds.
◇ Test testDeleteConfirmWithDisabledCancelIsNotMisreadAsNewTrack() started.
✔ Test testDeleteConfirmWithDisabledCancelIsNotMisreadAsNewTrack() passed after 0.001 seconds.
◇ Test testDecideMandatoryNewTrackAlwaysClicksCreate() started.
✔ Test testDecideMandatoryNewTrackAlwaysClicksCreate() passed after 0.001 seconds.
◇ Test testDecideDeleteConfirmInDeleteContext() started.
✔ Test testDecideDeleteConfirmInDeleteContext() passed after 0.001 seconds.
◇ Test testDecideDeleteConfirmOutsideDeleteContextFailsClosed() started.
✔ Test testDecideDeleteConfirmOutsideDeleteContextFailsClosed() passed after 0.001 seconds.
◇ Test testDecideStrayMenuEscapes() started.
✔ Test testDecideStrayMenuEscapes() passed after 0.001 seconds.
◇ Test testDecideUnknownSheetFailsClosedAndIsNotDismissed() started.
✔ Test testDecideUnknownSheetFailsClosedAndIsNotDismissed() passed after 0.001 seconds.
◇ Test testDecideNoneIsNoAction() started.
✔ Test testDecideNoneIsNoAction() passed after 0.001 seconds.
◇ Test testPipelineNewTrackSheetAutoCreates() started.
✔ Test testPipelineNewTrackSheetAutoCreates() passed after 0.001 seconds.
◇ Test testPipelineDeleteConfirmConfirmsInDeleteContext() started.
✔ Test testPipelineDeleteConfirmConfirmsInDeleteContext() passed after 0.001 seconds.
◇ Test testSingleButtonTopLevelAlertIsAcknowledged() started.
✔ Test testSingleButtonTopLevelAlertIsAcknowledged() passed after 0.001 seconds.
◇ Test testTwoButtonTopLevelDialogIsNeverAcknowledged() started.
✔ Test testTwoButtonTopLevelDialogIsNeverAcknowledged() passed after 0.001 seconds.
◇ Test testZeroButtonTopLevelAlertFailsClosed() started.
✔ Test testZeroButtonTopLevelAlertFailsClosed() passed after 0.001 seconds.
◇ Test testMainWindowSheetOutranksTopLevelAlert() started.
✔ Test testMainWindowSheetOutranksTopLevelAlert() passed after 0.001 seconds.
◇ Test testTopLevelAlertOutranksStrayMenu() started.
✔ Test testTopLevelAlertOutranksStrayMenu() passed after 0.001 seconds.
◇ Test testDecideInformationalAlertAcknowledgesInAnyContext() started.
✔ Test testDecideInformationalAlertAcknowledgesInAnyContext() passed after 0.001 seconds.
◇ Test testPreflightCreateScopeDoesNotClickCreateForMandatoryNewTrack() started.
✔ Test testPreflightCreateScopeDoesNotClickCreateForMandatoryNewTrack() passed after 0.001 seconds.
◇ Test testPreflightDefaultScopeClearsMandatoryNewTrack() started.
✔ Test testPreflightDefaultScopeClearsMandatoryNewTrack() passed after 0.001 seconds.
◇ Test testPreflightCreateScopeStillAcknowledgesAlert() started.
✔ Test testPreflightCreateScopeStillAcknowledgesAlert() passed after 0.001 seconds.
◇ Test testPreflightCreateScopeStillEscapesStrayMenu() started.
✔ Test testPreflightCreateScopeStillEscapesStrayMenu() passed after 0.001 seconds.
◇ Test testPreflightNeverActsOnDeleteConfirmUnknownOrNone() started.
✔ Test testPreflightNeverActsOnDeleteConfirmUnknownOrNone() passed after 0.001 seconds.
◇ Test testClassifyKoreanMandatoryNewTrackViaDisabledCancel() started.
✔ Test testClassifyKoreanMandatoryNewTrackViaDisabledCancel() passed after 0.001 seconds.
◇ Test testClassifyKoreanNewTrackViaDescriptionOnly() started.
✔ Test testClassifyKoreanNewTrackViaDescriptionOnly() passed after 0.001 seconds.
◇ Test testClassifyKoreanCancelableSheetIsNotMandatory() started.
✔ Test testClassifyKoreanCancelableSheetIsNotMandatory() passed after 0.001 seconds.
◇ Test testClassifyEnglishNewTrackDescriptionStillMatches() started.
✔ Test testClassifyEnglishNewTrackDescriptionStillMatches() passed after 0.001 seconds.
◇ Test testCreateButtonLabelSetMatchesEnAndKo() started.
✔ Test testCreateButtonLabelSetMatchesEnAndKo() passed after 0.001 seconds.
◇ Test testNewTrackSheetDescriptionLabelSetMatchesEnAndKo() started.
✔ Test testNewTrackSheetDescriptionLabelSetMatchesEnAndKo() passed after 0.001 seconds.
◇ Test testDeleteTracksPrimaryButtonLabelSetEnglishOnly() started.
✔ Test testDeleteTracksPrimaryButtonLabelSetEnglishOnly() passed after 0.001 seconds.
◇ Suite "Mutation-gate completeness" started.
◇ Test "every accepted dispatcher command is gated, read-only-allowlisted, a stub, or an alias" started.
✔ Test "every accepted dispatcher command is gated, read-only-allowlisted, a stub, or an alias" passed after 0.018 seconds.
◇ Test "read-only allowlist and stub lists contain no phantom (non-existent) commands" started.
✔ Test "read-only allowlist and stub lists contain no phantom (non-existent) commands" passed after 0.013 seconds.
◇ Test "every dispatcher tool is mapped for the completeness audit" started.
✔ Test "every dispatcher tool is mapped for the completeness audit" passed after 0.001 seconds.
✔ Suite "Mutation-gate completeness" passed after 0.031 seconds.
◇ Suite "Mutation saga" started.
◇ Test testPreflightRejectsInvalidPlansBeforeRun() started.
✔ Test testPreflightRejectsInvalidPlansBeforeRun() passed after 0.001 seconds.
◇ Test testTwoStepPlanCompletesWithEvidence() started.
✔ Test testTwoStepPlanCompletesWithEvidence() passed after 0.001 seconds.
◇ Test testFailureCompensatesAppliedPrefixInReverse() started.
✔ Test testFailureCompensatesAppliedPrefixInReverse() passed after 0.001 seconds.
◇ Test testAmbiguousWriteReconcilesWithoutBlindInverse() started.
✔ Test testAmbiguousWriteReconcilesWithoutBlindInverse() passed after 0.001 seconds.
◇ Test testCompensationFailureIsNotTopLevelSuccess() started.
✔ Test testCompensationFailureIsNotTopLevelSuccess() passed after 0.001 seconds.
◇ Test testIdempotencyAndDefaultOff() started.
✔ Test testIdempotencyAndDefaultOff() passed after 0.001 seconds.
◇ Test testStateMachineAndAllowlistAreExact() started.
✔ Test testStateMachineAndAllowlistAreExact() passed after 0.001 seconds.
✔ Suite "Mutation saga" passed after 0.004 seconds.
◇ Suite "native event backend regression" started.
◇ Test "removed external click binary name stays out of critical source surfaces" started.
✔ Test "removed external click binary name stays out of critical source surfaces" passed after 0.002 seconds.
✔ Suite "native event backend regression" passed after 0.002 seconds.
◇ Test testParseEmptyStringReturnsSuccessEmpty() started.
✔ Test testParseEmptyStringReturnsSuccessEmpty() passed after 0.001 seconds.
◇ Test testParseValidSegmentChannel1Maps() started.
✔ Test testParseValidSegmentChannel1Maps() passed after 0.001 seconds.
◇ Test testParseValidSegmentChannel16Maps() started.
✔ Test testParseValidSegmentChannel16Maps() passed after 0.001 seconds.
◇ Test testParseChannel0RejectedWhole() started.
✔ Test testParseChannel0RejectedWhole() passed after 0.001 seconds.
◇ Test testParseChannel17RejectedWhole() started.
✔ Test testParseChannel17RejectedWhole() passed after 0.001 seconds.
◇ Test testParseChannelOmittedDefaultsCh1() started.
✔ Test testParseChannelOmittedDefaultsCh1() passed after 0.001 seconds.
◇ Test testParseInvalidPitchRejectedWhole() started.
✔ Test testParseInvalidPitchRejectedWhole() passed after 0.001 seconds.
◇ Test testParseInvalidTimingRejectedWhole() started.
✔ Test testParseInvalidTimingRejectedWhole() passed after 0.001 seconds.
◇ Test testParseMalformedRejectedWhole() started.
✔ Test testParseMalformedRejectedWhole() passed after 0.001 seconds.
◇ Test testParseMixedValidInvalidWholeFails() started.
✔ Test testParseMixedValidInvalidWholeFails() passed after 0.001 seconds.
◇ Test testParseMultipleValidSegments() started.
✔ Test testParseMultipleValidSegments() passed after 0.001 seconds.
◇ Test testRecordSequenceCallSiteHandlesParserFailure() started.
✔ Test testRecordSequenceCallSiteHandlesParserFailure() passed after 0.001 seconds.
◇ Test testPlaySequenceCallSiteHandlesParserFailure() started.
✔ Test testPlaySequenceCallSiteHandlesParserFailure() passed after 0.001 seconds.
◇ Suite "OperationCatalogTests" started.
◇ Test "trace commands use the registered strict MCP path" started.
✔ Test "trace commands use the registered strict MCP path" passed after 0.003 seconds.
◇ Test "strict: advertised selectors use dispatcher proof or explicit live qualification" started.
✔ Test "strict: advertised selectors use dispatcher proof or explicit live qualification" passed after 0.013 seconds.
◇ Test "strict: registered command rejects unknown params as typed State C" started.
✔ Test "strict: registered command rejects unknown params as typed State C" passed after 0.001 seconds.
◇ Test "strict: target_ref allowance exactly follows target policy" started.
✔ Test "strict: target_ref allowance exactly follows target policy" passed after 0.022 seconds.
◇ Test "strict: every registered operation rejects unknown keys and accepts its pinned keys" started.
✔ Test "strict: every registered operation rejects unknown keys and accepts its pinned keys" passed after 0.031 seconds.
◇ Test "compatibility: strict opt-out and legacy ignored lists are explicit" started.
✔ Test "compatibility: strict opt-out and legacy ignored lists are explicit" passed after 0.001 seconds.
◇ Test "compatibility: strict flag defaults on and flag-off preserves legacy pass-through" started.
✔ Test "compatibility: strict flag defaults on and flag-off preserves legacy pass-through" passed after 0.001 seconds.
◇ Test "catalog: exact URI reads the generated 107-operation catalog" started.
✔ Test "catalog: exact URI reads the generated 107-operation catalog" passed after 0.003 seconds.
◇ Test "catalog: exact URI is advertised only by resources/templates/list" started.
✔ Test "catalog: exact URI is advertised only by resources/templates/list" passed after 0.001 seconds.
◇ Test "unregistered commands stay rejected regardless of raw params" started.
✔ Test "unregistered commands stay rejected regardless of raw params" passed after 0.001 seconds.
✔ Suite "OperationCatalogTests" passed after 0.078 seconds.
◇ Suite "Operation handler bindings" started.
◇ Test "dispatchers and registry have bidirectional command parity" started.
✔ Test "dispatchers and registry have bidirectional command parity" passed after 0.001 seconds.
◇ Test "parity detector identifies phantom and missing commands" started.
✔ Test "parity detector identifies phantom and missing commands" passed after 0.001 seconds.
◇ Test "only deliberate not-exposed stubs have an unregistered MCP fallback" started.
✔ Test "only deliberate not-exposed stubs have an unregistered MCP fallback" passed after 0.001 seconds.
◇ Test "registry exactly binds every operation spec once" started.
✔ Test "registry exactly binds every operation spec once" passed after 0.001 seconds.
◇ Test "representative registry handlers are byte-identical to direct dispatch" started.
✔ Test "representative registry handlers are byte-identical to direct dispatch" passed after 0.001 seconds.
◇ Test "known not-exposed commands reach typed stubs while truly unknown commands stay rejected" started.
✔ Test "known not-exposed commands reach typed stubs while truly unknown commands stay rejected" passed after 0.002 seconds.
◇ Test "MCP protocol preserves registered results and typed unregistered rejection" started.
✔ Test "MCP protocol preserves registered results and typed unregistered rejection" passed after 0.043 seconds.
✔ Suite "Operation handler bindings" passed after 0.048 seconds.
◇ Suite "OperationRegistry coverage" started.
◇ Test "registry exactly covers every public command" started.
✔ Test "registry exactly covers every public command" passed after 0.001 seconds.
◇ Test "registry drives server mutability and deadlines for every public command" started.
✔ Test "registry drives server mutability and deadlines for every public command" passed after 0.002 seconds.
◇ Test "unregistered commands use the safe deadline and mutation fallthrough" started.
✔ Test "unregistered commands use the safe deadline and mutation fallthrough" passed after 0.001 seconds.
◇ Test "unclassified mutation targets = 0" started.
✔ Test "unclassified mutation targets = 0" passed after 0.001 seconds.
✔ Suite "OperationRegistry coverage" passed after 0.004 seconds.
◇ Suite "Operation registry" started.
◇ Test "transport registry is exact, unique, and valid" started.
✔ Test "transport registry is exact, unique, and valid" passed after 0.001 seconds.
◇ Test "raw validation rejects every malformed registry shape" started.
✔ Test "raw validation rejects every malformed registry shape" passed after 0.002 seconds.
◇ Test "all transport metadata matches current runtime truth" started.
✔ Test "all transport metadata matches current runtime truth" passed after 0.001 seconds.
◇ Test "derived mutating commands equal the transport command set" started.
✔ Test "derived mutating commands equal the transport command set" passed after 0.001 seconds.
◇ Test "mixer registry is exact, unique, and isolated" started.
✔ Test "mixer registry is exact, unique, and isolated" passed after 0.001 seconds.
◇ Test "all mixer metadata matches current runtime truth" started.
✔ Test "all mixer metadata matches current runtime truth" passed after 0.001 seconds.
◇ Test "derived mixer mutations and deadlines match server decisions" started.
✔ Test "derived mixer mutations and deadlines match server decisions" passed after 0.001 seconds.
◇ Test "validation rejects a mixer command assigned to transport" started.
✔ Test "validation rejects a mixer command assigned to transport" passed after 0.001 seconds.
◇ Test "mixer decisions are registry-backed" started.
✔ Test "mixer decisions are registry-backed" passed after 0.001 seconds.
◇ Test "mixer decisions stay cross-tool isolated" started.
✔ Test "mixer decisions stay cross-tool isolated" passed after 0.001 seconds.
◇ Test "registry short deadlines match server decisions" started.
✔ Test "registry short deadlines match server decisions" passed after 0.001 seconds.
◇ Test "transport decisions are registry-backed" started.
✔ Test "transport decisions are registry-backed" passed after 0.001 seconds.
◇ Test "transport decisions stay cross-tool isolated" started.
✔ Test "transport decisions stay cross-tool isolated" passed after 0.001 seconds.
◇ Test "navigate registry is exact, unique, and isolated" started.
✔ Test "navigate registry is exact, unique, and isolated" passed after 0.001 seconds.
◇ Test "all navigate metadata matches current runtime truth" started.
✔ Test "all navigate metadata matches current runtime truth" passed after 0.001 seconds.
◇ Test "derived navigate mutations and deadlines match server decisions" started.
✔ Test "derived navigate mutations and deadlines match server decisions" passed after 0.001 seconds.
◇ Test "navigate rename marker is honestly marked unsupported" started.
✔ Test "navigate rename marker is honestly marked unsupported" passed after 0.001 seconds.
◇ Test "navigate decisions are registry-backed" started.
✔ Test "navigate decisions are registry-backed" passed after 0.001 seconds.
◇ Test "navigate decisions stay cross-tool isolated" started.
✔ Test "navigate decisions stay cross-tool isolated" passed after 0.001 seconds.
◇ Test "small-tool registries are exact, unique, and isolated" started.
✔ Test "small-tool registries are exact, unique, and isolated" passed after 0.001 seconds.
◇ Test "all small-tool metadata matches current runtime truth" started.
✔ Test "all small-tool metadata matches current runtime truth" passed after 0.001 seconds.
◇ Test "derived small-tool mutations match server decisions" started.
✔ Test "derived small-tool mutations match server decisions" passed after 0.001 seconds.
◇ Test "read-only registry entries remain nonmutating" started.
✔ Test "read-only registry entries remain nonmutating" passed after 0.001 seconds.
◇ Test "plugin medium deadlines match server decisions" started.
✔ Test "plugin medium deadlines match server decisions" passed after 0.001 seconds.
◇ Test "small-tool decisions are registry-backed with safe unknown fallthroughs" started.
✔ Test "small-tool decisions are registry-backed with safe unknown fallthroughs" passed after 0.001 seconds.
◇ Test "edit registry is exact, unique, and isolated" started.
✔ Test "edit registry is exact, unique, and isolated" passed after 0.001 seconds.
◇ Test "all edit metadata and derived availability match runtime truth" started.
✔ Test "all edit metadata and derived availability match runtime truth" passed after 0.001 seconds.
◇ Test "derived edit mutations and deadlines match server decisions" started.
✔ Test "derived edit mutations and deadlines match server decisions" passed after 0.001 seconds.
◇ Test "edit decisions are registry-backed and cross-tool isolated" started.
✔ Test "edit decisions are registry-backed and cross-tool isolated" passed after 0.001 seconds.
◇ Test "project registry is exact and globally unique" started.
✔ Test "project registry is exact and globally unique" passed after 0.001 seconds.
◇ Test "all project metadata matches dispatcher and manifest truth" started.
✔ Test "all project metadata matches dispatcher and manifest truth" passed after 0.001 seconds.
◇ Test "project mutations exactly match registry behavior" started.
✔ Test "project mutations exactly match registry behavior" passed after 0.001 seconds.
◇ Test "project deadlines exactly match registry short medium and long tiers" started.
✔ Test "project deadlines exactly match registry short medium and long tiers" passed after 0.001 seconds.
◇ Test "project confirmation metadata cannot drift from DestructivePolicy" started.
✔ Test "project confirmation metadata cannot drift from DestructivePolicy" passed after 0.001 seconds.
◇ Test "project decisions are registry-backed" started.
✔ Test "project decisions are registry-backed" passed after 0.001 seconds.
◇ Test "project decisions stay cross-tool isolated with safe fallthroughs" started.
✔ Test "project decisions stay cross-tool isolated with safe fallthroughs" passed after 0.001 seconds.
◇ Test "MIDI registry is exact, globally unique, and cross-tool isolated" started.
✔ Test "MIDI registry is exact, globally unique, and cross-tool isolated" passed after 0.001 seconds.
◇ Test "all MIDI metadata matches dispatcher and routing truth" started.
✔ Test "all MIDI metadata matches dispatcher and routing truth" passed after 0.001 seconds.
◇ Test "MIDI mutations exactly match registry behavior" started.
✔ Test "MIDI mutations exactly match registry behavior" passed after 0.001 seconds.
◇ Test "MIDI deadlines preserve registry short medium and long tiers" started.
✔ Test "MIDI deadlines preserve registry short medium and long tiers" passed after 0.001 seconds.
◇ Test "MIDI decisions are registry-backed" started.
✔ Test "MIDI decisions are registry-backed" passed after 0.001 seconds.
◇ Test "MIDI decisions stay cross-tool isolated" started.
✔ Test "MIDI decisions stay cross-tool isolated" passed after 0.001 seconds.
◇ Test "tracks registry is exact, globally unique, and cross-tool isolated" started.
✔ Test "tracks registry is exact, globally unique, and cross-tool isolated" passed after 0.001 seconds.
◇ Test "all tracks metadata matches dispatcher and channel truth" started.
✔ Test "all tracks metadata matches dispatcher and channel truth" passed after 0.001 seconds.
◇ Test "tracks mutations exactly match registry behavior" started.
✔ Test "tracks mutations exactly match registry behavior" passed after 0.001 seconds.
◇ Test "tracks deadlines preserve short medium long and read-only long tiers" started.
✔ Test "tracks deadlines preserve short medium long and read-only long tiers" passed after 0.001 seconds.
◇ Test "tracks decisions are registry-backed" started.
✔ Test "tracks decisions are registry-backed" passed after 0.001 seconds.
◇ Test "tracks decisions stay cross-tool isolated" started.
✔ Test "tracks decisions stay cross-tool isolated" passed after 0.001 seconds.
◇ Test "registry covers the exact server catalog and server decisions" started.
✔ Test "registry covers the exact server catalog and server decisions" passed after 0.001 seconds.
✔ Suite "Operation registry" passed after 0.020 seconds.
◇ Suite OperationTraceTests started.
◇ Test OperationTraceCoverageAllRegistryMutations() started.
[2026-07-16T10:57:57.454Z] [INFO] [project] [AUDIT] project.new executed (ProjectDispatcher.swift:950)
[2026-07-16T10:57:57.454Z] [INFO] [project] [AUDIT] project.open executed (ProjectDispatcher.swift:950)
[2026-07-16T10:57:57.454Z] [INFO] [project] [AUDIT] project.save executed (ProjectDispatcher.swift:950)
[2026-07-16T10:57:57.454Z] [INFO] [project] [AUDIT] project.save_as executed (ProjectDispatcher.swift:950)
[2026-07-16T10:57:57.455Z] [INFO] [project] [AUDIT] project.close executed (ProjectDispatcher.swift:950)
[2026-07-16T10:57:57.455Z] [INFO] [project] [AUDIT] project.bounce confirmation_required (ProjectDispatcher.swift:950)
[2026-07-16T10:57:57.455Z] [INFO] [project] [AUDIT] project.launch executed (ProjectDispatcher.swift:950)
[2026-07-16T10:57:57.456Z] [INFO] [project] [AUDIT] project.quit executed (ProjectDispatcher.swift:950)
[2026-07-16T10:57:57.456Z] [INFO] [project] [AUDIT] project.export_run confirmation_required (ProjectDispatcher.swift:950)
[2026-07-16T10:57:57.458Z] [INFO] [project] [AUDIT] project.export_resume confirmation_required (ProjectDispatcher.swift:950)
[2026-07-16T10:57:57.459Z] [INFO] [project] [AUDIT] project.cleanup_apply rejected — unknown step (ProjectDispatcher.swift:948)
✔ Test OperationTraceCoverageAllRegistryMutations() passed after 0.026 seconds.
◇ Test OperationTraceCoverageReadOnlyCommandsRemainTraceFree() started.
✔ Test OperationTraceCoverageReadOnlyCommandsRemainTraceFree() passed after 0.001 seconds.
◇ Test OperationTraceCoverageProjectBlockingDialogsTraceWithoutBoundary() started.
[2026-07-16T10:57:57.468Z] [INFO] [project] [AUDIT] project.new rejected — blocking dialog (ProjectDispatcher.swift:948)
[2026-07-16T10:57:57.469Z] [INFO] [project] [AUDIT] project.save rejected — blocking dialog (ProjectDispatcher.swift:948)
[2026-07-16T10:57:57.470Z] [INFO] [project] [AUDIT] project.export_run rejected — blocking dialog (ProjectDispatcher.swift:948)
[2026-07-16T10:57:57.471Z] [INFO] [project] [AUDIT] project.export_resume rejected — blocking dialog (ProjectDispatcher.swift:948)
✔ Test OperationTraceCoverageProjectBlockingDialogsTraceWithoutBoundary() passed after 0.003 seconds.
◇ Test OperationTraceTransportFlagOff() started.
✔ Test OperationTraceTransportFlagOff() passed after 0.001 seconds.
◇ Test OperationTraceStoreFIFO() started.
✔ Test OperationTraceStoreFIFO() passed after 0.001 seconds.
◇ Test OperationTraceStorePrivacy() started.
✔ Test OperationTraceStorePrivacy() passed after 0.001 seconds.
◇ Test OperationTraceStoreByteBudget() started.
[2026-07-16T10:57:57.473Z] [WARN] [server] Operation trace evicted after exceeding the byte budget (OperationTrace.swift:130)
✔ Test OperationTraceStoreByteBudget() passed after 0.001 seconds.
◇ Test OperationTraceTransportEnabled() started.
✔ Test OperationTraceTransportEnabled() passed after 0.001 seconds.
◇ Test OperationTraceTransportNoWrite() started.
✔ Test OperationTraceTransportNoWrite() passed after 0.001 seconds.
◇ Test OperationTraceSystemLifecycle() started.
✔ Test OperationTraceSystemLifecycle() passed after 0.001 seconds.
◇ Test OperationTraceSystemErrors() started.
✔ Test OperationTraceSystemErrors() passed after 0.001 seconds.
◇ Test OperationTraceSystemFlagOffReturnsTypedDisabledResponses() started.
✔ Test OperationTraceSystemFlagOffReturnsTypedDisabledResponses() passed after 0.001 seconds.
◇ Test OperationTraceMixerFlagOff(command:) started.
◇ Passing 1 argument command → "set_volume" to OperationTraceMixerFlagOff(command:)
◇ Passing 1 argument command → "set_pan" to OperationTraceMixerFlagOff(command:)
✔ Test OperationTraceMixerFlagOff(command:) passed after 0.001 seconds.
◇ Test OperationTraceMixerEnabled(command:) started.
◇ Passing 1 argument command → "set_volume" to OperationTraceMixerEnabled(command:)
◇ Passing 1 argument command → "set_pan" to OperationTraceMixerEnabled(command:)
✔ Test OperationTraceMixerEnabled(command:) passed after 0.001 seconds.
◇ Test OperationTraceMixerInvalidParamsDoNotTrace(command:) started.
◇ Passing 1 argument command → "set_volume" to OperationTraceMixerInvalidParamsDoNotTrace(command:)
◇ Passing 1 argument command → "set_pan" to OperationTraceMixerInvalidParamsDoNotTrace(command:)
✔ Test OperationTraceMixerInvalidParamsDoNotTrace(command:) passed after 0.001 seconds.
◇ Test OperationTraceTracksFlagOff(command:) started.
◇ Passing 1 argument command → "rename" to OperationTraceTracksFlagOff(command:)
◇ Passing 1 argument command → "mute" to OperationTraceTracksFlagOff(command:)
✔ Test OperationTraceTracksFlagOff(command:) passed after 0.001 seconds.
◇ Test OperationTraceTracksEnabled(command:) started.
◇ Passing 1 argument command → "rename" to OperationTraceTracksEnabled(command:)
◇ Passing 1 argument command → "mute" to OperationTraceTracksEnabled(command:)
✔ Test OperationTraceTracksEnabled(command:) passed after 0.001 seconds.
✔ Suite OperationTraceTests passed after 0.038 seconds.
◇ Test testPermissionCheckerSystemEventsAutomationProbeReflectsGrant() started.
✔ Test testPermissionCheckerSystemEventsAutomationProbeReflectsGrant() passed after 0.001 seconds.
◇ Test testPermissionCheckerSystemEventsAutomationProbeRunsEvenWhenLogicProNotRunning() started.
✔ Test testPermissionCheckerSystemEventsAutomationProbeRunsEvenWhenLogicProNotRunning() passed after 0.001 seconds.
◇ Test testPermissionCheckerSystemEventsProbeCouldNotRunIsNotVerifiable() started.
✔ Test testPermissionCheckerSystemEventsProbeCouldNotRunIsNotVerifiable() passed after 0.001 seconds.
◇ Test testPermissionCheckerCheckAccessibilityUsesInjectedRuntimeAndPrompt() started.
✔ Test testPermissionCheckerCheckAccessibilityUsesInjectedRuntimeAndPrompt() passed after 0.001 seconds.
◇ Test testPermissionCheckerCheckAutomationSkipsProbeWhenLogicProIsNotRunning() started.
✔ Test testPermissionCheckerCheckAutomationSkipsProbeWhenLogicProIsNotRunning() passed after 0.001 seconds.
◇ Test testPermissionCheckerCheckAutomationUsesProbeResultWhenRunning() started.
✔ Test testPermissionCheckerCheckAutomationUsesProbeResultWhenRunning() passed after 0.001 seconds.
◇ Test testPermissionCheckerCheckAggregatesInjectedRuntime() started.
✔ Test testPermissionCheckerCheckAggregatesInjectedRuntime() passed after 0.001 seconds.
◇ Test testPermissionCheckerProductionWrapperFunctionsReturnStatuses() started.
✔ Test testPermissionCheckerProductionWrapperFunctionsReturnStatuses() passed after 0.154 seconds.
◇ Test testProbeStateTimedOutIsNotVerifiableNotDenial() started.
✔ Test testProbeStateTimedOutIsNotVerifiableNotDenial() passed after 0.001 seconds.
◇ Test testProbeStateSpawnFailedIsNotVerifiableNotDenial() started.
✔ Test testProbeStateSpawnFailedIsNotVerifiableNotDenial() passed after 0.001 seconds.
◇ Test testProbeStateExitZeroWithExpectedNameIsGranted() started.
✔ Test testProbeStateExitZeroWithExpectedNameIsGranted() passed after 0.001 seconds.
◇ Test testProbeStateNonZeroExitIsRealDenial() started.
✔ Test testProbeStateNonZeroExitIsRealDenial() passed after 0.001 seconds.
◇ Test testProbeStateExitZeroWithUnexpectedOutputIsNotVerifiable() started.
✔ Test testProbeStateExitZeroWithUnexpectedOutputIsNotVerifiable() passed after 0.001 seconds.
◇ Test testCheckAutomationStateReportsNotVerifiableForProbeFailure() started.
✔ Test testCheckAutomationStateReportsNotVerifiableForProbeFailure() passed after 0.001 seconds.
◇ Test testCheckAutomationStateGrantUnchanged() started.
✔ Test testCheckAutomationStateGrantUnchanged() passed after 0.001 seconds.
◇ Test testCheckAutomationStateDenyUnchanged() started.
✔ Test testCheckAutomationStateDenyUnchanged() passed after 0.001 seconds.
◇ Test testCheckAutomationStateNotVerifiableWhenLogicProNotRunning() started.
✔ Test testCheckAutomationStateNotVerifiableWhenLogicProNotRunning() passed after 0.001 seconds.
◇ Test testLegacyBoolProbeLiftsToGrantedWhenTrue() started.
✔ Test testLegacyBoolProbeLiftsToGrantedWhenTrue() passed after 0.001 seconds.
◇ Test testLegacyBoolProbeLiftsToNotGrantedWhenFalse() started.
✔ Test testLegacyBoolProbeLiftsToNotGrantedWhenFalse() passed after 0.001 seconds.
◇ Suite "ADR-015 Piano Roll Transform" started.
◇ Test transposeClampsPitch() started.
✔ Test transposeClampsPitch() passed after 0.001 seconds.
◇ Test setVelocityClampsToMidiRange() started.
✔ Test setVelocityClampsToMidiRange() passed after 0.001 seconds.
◇ Test scaleVelocityUsesPivotAndClamps() started.
✔ Test scaleVelocityUsesPivotAndClamps() passed after 0.001 seconds.
◇ Test quantizeAppliesGridStrengthAndSwing() started.
✔ Test quantizeAppliesGridStrengthAndSwing() passed after 0.001 seconds.
◇ Test humanizeIsSeedDeterministic() started.
✔ Test humanizeIsSeedDeterministic() passed after 0.001 seconds.
◇ Test incompleteBeforeSnapshotCannotProducePlan() started.
✔ Test incompleteBeforeSnapshotCannotProducePlan() passed after 0.001 seconds.
◇ Test planBindsGenerationAndRejectsStaleApply() started.
✔ Test planBindsGenerationAndRejectsStaleApply() passed after 0.001 seconds.
◇ Test applyValidationRejectsRegionMismatch() started.
✔ Test applyValidationRejectsRegionMismatch() passed after 0.001 seconds.
◇ Test exactCompleteNextGenerationMultisetIsStateA() started.
✔ Test exactCompleteNextGenerationMultisetIsStateA() passed after 0.001 seconds.
◇ Test incompleteObservedSnapshotIsNeverStateA() started.
✔ Test incompleteObservedSnapshotIsNeverStateA() passed after 0.001 seconds.
◇ Test unexpectedGenerationIsNeverStateA() started.
✔ Test unexpectedGenerationIsNeverStateA() passed after 0.001 seconds.
◇ Test observedRegionMismatchIsNeverStateA() started.
✔ Test observedRegionMismatchIsNeverStateA() passed after 0.001 seconds.
◇ Test multisetMismatchReportsUnexpectedEvents() started.
✔ Test multisetMismatchReportsUnexpectedEvents() passed after 0.001 seconds.
◇ Test compensationRestoresExactBeforeSnapshot() started.
✔ Test compensationRestoresExactBeforeSnapshot() passed after 0.001 seconds.
◇ Test adr015FeatureFlagDefaultsToFalse() started.
✔ Test adr015FeatureFlagDefaultsToFalse() passed after 0.001 seconds.
✔ Suite "ADR-015 Piano Roll Transform" passed after 0.001 seconds.
◇ Suite "ADR-009 plugin capabilities" started.
◇ Test candidatesStayExperimentalAndPublicSurfaceIsEmpty() started.
✔ Test candidatesStayExperimentalAndPublicSurfaceIsEmpty() passed after 0.001 seconds.
◇ Test publicStatusWithoutEvidenceIsNotExposable() started.
✔ Test publicStatusWithoutEvidenceIsNotExposable() passed after 0.001 seconds.
◇ Test toleranceProducesConfirmedOrExactMismatch() started.
✔ Test toleranceProducesConfirmedOrExactMismatch() passed after 0.001 seconds.
◇ Test outOfRangeWriteIsRejectedDuringPreflight() started.
✔ Test outOfRangeWriteIsRejectedDuringPreflight() passed after 0.001 seconds.
◇ Test lookupFindsRegisteredPairAndUnsupportedPreflightFailsClosed() started.
✔ Test lookupFindsRegisteredPairAndUnsupportedPreflightFailsClosed() passed after 0.001 seconds.
◇ Test partialBatchFailureIsNeverTopLevelSuccess() started.
✔ Test partialBatchFailureIsNeverTopLevelSuccess() passed after 0.001 seconds.
◇ Test snapshotDiffReportsOnlyChangedValues() started.
✔ Test snapshotDiffReportsOnlyChangedValues() passed after 0.001 seconds.
◇ Test parameterValueTypesRoundTrip() started.
✔ Test parameterValueTypesRoundTrip() passed after 0.001 seconds.
◇ Test adr009FeatureFlagDefaultsToFalse() started.
✔ Test adr009FeatureFlagDefaultsToFalse() passed after 0.001 seconds.
✔ Suite "ADR-009 plugin capabilities" passed after 0.001 seconds.
◇ Test testInventoryItemSchemaAlwaysCarriesAllKeys() started.
✔ Test testInventoryItemSchemaAlwaysCarriesAllKeys() passed after 0.001 seconds.
◇ Test testInventoryItemOccupiedReadableButNonCanonicalNameHasNullPluginID() started.
✔ Test testInventoryItemOccupiedReadableButNonCanonicalNameHasNullPluginID() passed after 0.001 seconds.
◇ Test testInventoryAllEmptyIsComplete() started.
✔ Test testInventoryAllEmptyIsComplete() passed after 0.001 seconds.
◇ Test testGetInventoryMixedSequencePreservesPhysicalIndex() started.
✔ Test testGetInventoryMixedSequencePreservesPhysicalIndex() passed after 0.001 seconds.
◇ Test testGetInventorySkipsNonWritableShortEmptySlotStub() started.
✔ Test testGetInventorySkipsNonWritableShortEmptySlotStub() passed after 0.001 seconds.
◇ Test testGetInventoryAllReadableIsComplete() started.
✔ Test testGetInventoryAllReadableIsComplete() passed after 0.001 seconds.
◇ Test testGetInventoryStateBWhenSubtreeUnreadable() started.
✔ Test testGetInventoryStateBWhenSubtreeUnreadable() passed after 0.001 seconds.
◇ Test testGetInventoryRejectsMissingTrack() started.
✔ Test testGetInventoryRejectsMissingTrack() passed after 0.001 seconds.
◇ Test testGetInventoryRevealsMixerWhenInitiallyHidden() started.
✔ Test testGetInventoryRevealsMixerWhenInitiallyHidden() passed after 0.001 seconds.
◇ Test testMixerRevealPollTimeoutIsLengthened() started.
✔ Test testMixerRevealPollTimeoutIsLengthened() passed after 0.001 seconds.
◇ Test testGetInventorySurfacesAXMenuRetryStrategyWhenRevealNeedsIt() started.
✔ Test testGetInventorySurfacesAXMenuRetryStrategyWhenRevealNeedsIt() passed after 0.001 seconds.
◇ Test testGetInventoryReportsMixerNotVisibleDirectlyWhenRevealFails() started.
✔ Test testGetInventoryReportsMixerNotVisibleDirectlyWhenRevealFails() passed after 0.001 seconds.
◇ Test testGetInventoryZeroSlotsIsStateBNotVerifiedEmpty() started.
✔ Test testGetInventoryZeroSlotsIsStateBNotVerifiedEmpty() passed after 0.001 seconds.
◇ Test testGetInventoryZeroSlotsCarriesRevealDiagnostics() started.
✔ Test testGetInventoryZeroSlotsCarriesRevealDiagnostics() passed after 0.001 seconds.
◇ Test testGetInventorySingleEmptySlotIsStateA() started.
✔ Test testGetInventorySingleEmptySlotIsStateA() passed after 0.001 seconds.
◇ Test testGetInventoryStateAImpliesNonEmptyPlugins(_:) started.
◇ Passing 1 argument slotCount → 1 to testGetInventoryStateAImpliesNonEmptyPlugins(_:)
◇ Passing 1 argument slotCount → 2 to testGetInventoryStateAImpliesNonEmptyPlugins(_:)
◇ Passing 1 argument slotCount → 3 to testGetInventoryStateAImpliesNonEmptyPlugins(_:)
✔ Test testGetInventoryStateAImpliesNonEmptyPlugins(_:) passed after 0.001 seconds.
◇ Test testGetInventoryOverFull123WindowFixture() started.
✔ Test testGetInventoryOverFull123WindowFixture() passed after 0.002 seconds.
◇ Test testGetInventoryToolbarSelectedFlowsToStateB() started.
✔ Test testGetInventoryToolbarSelectedFlowsToStateB() passed after 0.001 seconds.
◇ Suite "PluginInspector — T4 Identity" started.
◇ Test decodeAUVersionTypical() started.
✔ Test decodeAUVersionTypical() passed after 0.001 seconds.
◇ Test decodeAUVersionZeroReturnsNil() started.
✔ Test decodeAUVersionZeroReturnsNil() passed after 0.001 seconds.
◇ Test decodeAUVersionHighMajor() started.
✔ Test decodeAUVersionHighMajor() passed after 0.001 seconds.
◇ Test identifyPluginByBundleID() started.
✔ Test identifyPluginByBundleID() passed after 0.001 seconds.
◇ Test identifyPluginVersionNilTolerated() started.
✔ Test identifyPluginVersionNilTolerated() passed after 0.001 seconds.
◇ Test identifyPluginRegistryFailNilReturn() started.
✔ Test identifyPluginRegistryFailNilReturn() passed after 0.001 seconds.
◇ Test identifyPluginLocaleInvariantByBundleID() started.
✔ Test identifyPluginLocaleInvariantByBundleID() passed after 0.001 seconds.
◇ Test findPluginWindowFound() started.
✔ Test findPluginWindowFound() passed after 0.001 seconds.
◇ Test findPluginWindowNotFoundReturnsNil() started.
✔ Test findPluginWindowNotFoundReturnsNil() passed after 0.001 seconds.
✔ Suite "PluginInspector — T4 Identity" passed after 0.001 seconds.
◇ Test testInsertVerifiedStateAWhenReadbackConfirmsMount() started.
✔ Test testInsertVerifiedStateAWhenReadbackConfirmsMount() passed after 0.001 seconds.
◇ Test testSlotPopupAnchorMustBeNearTargetSlotBeforeCommit() started.
✔ Test testSlotPopupAnchorMustBeNearTargetSlotBeforeCommit() passed after 0.001 seconds.
◇ Test testPopupExactLeafDiscoveryDoesNotDependOnLocalizedCategoryNames() started.
✔ Test testPopupExactLeafDiscoveryDoesNotDependOnLocalizedCategoryNames() passed after 0.001 seconds.
◇ Test testPopupExactLeafDiscoveryPrefersDirectRootRecentItem() started.
✔ Test testPopupExactLeafDiscoveryPrefersDirectRootRecentItem() passed after 0.001 seconds.
◇ Test testInsertVerifiedReadbackUnavailableIsStateC() started.
✔ Test testInsertVerifiedReadbackUnavailableIsStateC() passed after 0.001 seconds.
◇ Test testInsertVerifiedTransientSetupFailureIsRetryable() started.
✔ Test testInsertVerifiedTransientSetupFailureIsRetryable() passed after 0.001 seconds.
◇ Test testInsertVerifiedPostCommitTimeoutIsStateC() started.
✔ Test testInsertVerifiedPostCommitTimeoutIsStateC() passed after 0.001 seconds.
◇ Test testInsertVerifiedRollbackFailedAbortsStateC() started.
✔ Test testInsertVerifiedRollbackFailedAbortsStateC() passed after 0.001 seconds.
◇ Test testInsertVerifiedMountMismatchIsHonestStateC() started.
✔ Test testInsertVerifiedMountMismatchIsHonestStateC() passed after 0.001 seconds.
◇ Test testInsertVerifiedMountMismatchReportsObservedName() started.
✔ Test testInsertVerifiedMountMismatchReportsObservedName() passed after 0.001 seconds.
◇ Test testInsertVerifiedDriverWrongPluginIsPluginMismatch() started.
✔ Test testInsertVerifiedDriverWrongPluginIsPluginMismatch() passed after 0.001 seconds.
◇ Test testInsertVerifiedLandedAtDifferentSlotFailsClosed() started.
✔ Test testInsertVerifiedLandedAtDifferentSlotFailsClosed() passed after 0.001 seconds.
◇ Test testInsertVerifiedLandedAtDifferentSlotReportsRollbackFailureHonestly() started.
✔ Test testInsertVerifiedLandedAtDifferentSlotReportsRollbackFailureHonestly() passed after 0.001 seconds.
◇ Test testInsertVerifiedNonFirstFreeRequestStillDrivesInsert() started.
✔ Test testInsertVerifiedNonFirstFreeRequestStillDrivesInsert() passed after 0.001 seconds.
◇ Test testInsertVerifiedFirstFreeSlotProceedsToDriver() started.
✔ Test testInsertVerifiedFirstFreeSlotProceedsToDriver() passed after 0.001 seconds.
◇ Test testInsertVerifiedRefusesOccupiedSlot() started.
✔ Test testInsertVerifiedRefusesOccupiedSlot() passed after 0.001 seconds.
◇ Test testInsertVerifiedRefusesOccupiedUnreadableSlot() started.
✔ Test testInsertVerifiedRefusesOccupiedUnreadableSlot() passed after 0.001 seconds.
◇ Test testInsertVerifiedRefusesIncompleteInventory() started.
✔ Test testInsertVerifiedRefusesIncompleteInventory() passed after 0.001 seconds.
◇ Test testVerifiedDiffSnapshotRefusesUnreadableSlots() started.
✔ Test testVerifiedDiffSnapshotRefusesUnreadableSlots() passed after 0.001 seconds.
◇ Test testInsertVerifiedConfirmedLiveBlocked() started.
✔ Test testInsertVerifiedConfirmedLiveBlocked() passed after 0.001 seconds.
◇ Test testInsertVerifiedMissingPathBlocked() started.
✔ Test testInsertVerifiedMissingPathBlocked() passed after 0.001 seconds.
◇ Test testInsertVerifiedPathMismatchBlocked() started.
✔ Test testInsertVerifiedPathMismatchBlocked() passed after 0.001 seconds.
◇ Test testInsertVerifiedNoiseGateNotInsertable() started.
✔ Test testInsertVerifiedNoiseGateNotInsertable() passed after 0.001 seconds.
◇ Test testInsertVerifiedUnknownIdentityBlocked() started.
✔ Test testInsertVerifiedUnknownIdentityBlocked() passed after 0.001 seconds.
◇ Test testInsertVerifiedCompressorReachesStateAViaDriver() started.
✔ Test testInsertVerifiedCompressorReachesStateAViaDriver() passed after 0.001 seconds.
◇ Test testVerifiedUndoUnverifiableStrayNeverReportsSuccess() started.
✔ Test testVerifiedUndoUnverifiableStrayNeverReportsSuccess() passed after 1.652 seconds.
◇ Test testVerifiedUndoKnownSlotStillOccupiedReportsFailure() started.
✔ Test testVerifiedUndoKnownSlotStillOccupiedReportsFailure() passed after 1.662 seconds.
◇ Test testVerifiedUndoKnownSlotNowEmptyReportsSuccess() started.
✔ Test testVerifiedUndoKnownSlotNowEmptyReportsSuccess() passed after 0.001 seconds.
◇ Test testVerifiedUndoKnownIdRemovedReportsSuccess() started.
✔ Test testVerifiedUndoKnownIdRemovedReportsSuccess() passed after 0.001 seconds.
◇ Test testVerifiedUndoNilIdStrayRemovedByNameReportsSuccess() started.
✔ Test testVerifiedUndoNilIdStrayRemovedByNameReportsSuccess() passed after 0.001 seconds.
◇ Test testVerifiedUndoUnverifiableDoesNotReUndo() started.
✔ Test testVerifiedUndoUnverifiableDoesNotReUndo() passed after 1.540 seconds.
◇ Test testInsertVerifiedZeroSlotsStateCDistinctDiagnostics() started.
✔ Test testInsertVerifiedZeroSlotsStateCDistinctDiagnostics() passed after 0.002 seconds.
◇ Test testLegacyInsertPluginZeroSlotsHint() started.
✔ Test testLegacyInsertPluginZeroSlotsHint() passed after 0.001 seconds.
◇ Suite "PluginInspector — T2 enumerateMenuTree" started.
◇ Test happyPath3LevelTree() started.
✔ Test happyPath3LevelTree() passed after 0.001 seconds.
◇ Test deepTreeMaxDepthEnforcement() started.
✔ Test deepTreeMaxDepthEnforcement() passed after 0.001 seconds.
◇ Test duplicateSiblingsDisambiguated() started.
✔ Test duplicateSiblingsDisambiguated() passed after 0.001 seconds.
◇ Test emptySubmenu() started.
✔ Test emptySubmenu() passed after 0.001 seconds.
◇ Test whitespaceNameSkipped() started.
✔ Test whitespaceNameSkipped() passed after 0.001 seconds.
◇ Test submenuProbeTimeout() started.
✔ Test submenuProbeTimeout() passed after 0.001 seconds.
◇ Test cycleDetected() started.
✔ Test cycleDetected() passed after 0.001 seconds.
◇ Test separatorPreserved() started.
✔ Test separatorPreserved() passed after 0.001 seconds.
◇ Test actionPreserved() started.
✔ Test actionPreserved() passed after 0.001 seconds.
◇ Test mutationMidScanAborts() started.
✔ Test mutationMidScanAborts() passed after 0.001 seconds.
◇ Test focusLossAborts() started.
✔ Test focusLossAborts() passed after 0.001 seconds.
✔ Suite "PluginInspector — T2 enumerateMenuTree" passed after 0.005 seconds.
◇ Suite "PluginInspector — T3 Path Parse/Resolve/Select" started.
◇ Test parsePathSimple() started.
✔ Test parsePathSimple() passed after 0.001 seconds.
◇ Test parsePathEscapedSlash() started.
✔ Test parsePathEscapedSlash() passed after 0.001 seconds.
◇ Test parsePathEscapedBackslash() started.
✔ Test parsePathEscapedBackslash() passed after 0.001 seconds.
◇ Test parsePathEmptySegmentThrows() started.
✔ Test parsePathEmptySegmentThrows() passed after 0.001 seconds.
◇ Test parsePathTrailingSlashStripped() started.
✔ Test parsePathTrailingSlashStripped() passed after 0.001 seconds.
◇ Test parsePathEmptyReturnsEmpty() started.
✔ Test parsePathEmptyReturnsEmpty() passed after 0.001 seconds.
◇ Test parsePathSingleSlashReturnsEmpty() started.
✔ Test parsePathSingleSlashReturnsEmpty() passed after 0.001 seconds.
◇ Test encodePathSimple() started.
✔ Test encodePathSimple() passed after 0.001 seconds.
◇ Test encodePathEscapesSlashInSegment() started.
✔ Test encodePathEscapesSlashInSegment() passed after 0.001 seconds.
◇ Test encodePathEscapesBackslash() started.
✔ Test encodePathEscapesBackslash() passed after 0.001 seconds.
◇ Test encodeDecodeRoundTrip() started.
✔ Test encodeDecodeRoundTrip() passed after 0.001 seconds.
◇ Test resolveLeafDepth1() started.
✔ Test resolveLeafDepth1() passed after 0.001 seconds.
◇ Test resolveLeafDepth2() started.
✔ Test resolveLeafDepth2() passed after 0.001 seconds.
◇ Test resolveMissingReturnsNil() started.
✔ Test resolveMissingReturnsNil() passed after 0.001 seconds.
◇ Test resolveDisambiguatedDuplicate() started.
✔ Test resolveDisambiguatedDuplicate() passed after 0.001 seconds.
◇ Test resolveEmptyReturnsNil() started.
✔ Test resolveEmptyReturnsNil() passed after 0.001 seconds.
◇ Test resolveNegativeDisambigIndexReturnsNil() started.
✔ Test resolveNegativeDisambigIndexReturnsNil() passed after 0.001 seconds.
◇ Test parsePathEscapedTrailingSlashPreserved() started.
✔ Test parsePathEscapedTrailingSlashPreserved() passed after 0.001 seconds.
◇ Test selectCallsPressInOrder() started.
✔ Test selectCallsPressInOrder() passed after 0.001 seconds.
◇ Test selectAbortsOnPressFailure() started.
✔ Test selectAbortsOnPressFailure() passed after 0.001 seconds.
◇ Test selectSettleDelayApplied() started.
✔ Test selectSettleDelayApplied() passed after 0.001 seconds.
✔ Suite "PluginInspector — T3 Path Parse/Resolve/Select" passed after 0.008 seconds.
◇ Suite "PluginInspector — T1 Types" started.
◇ Test pluginPresetNodeKindRoundTrip() started.
✔ Test pluginPresetNodeKindRoundTrip() passed after 0.001 seconds.
◇ Test pluginPresetNodeCodable() started.
✔ Test pluginPresetNodeCodable() passed after 0.001 seconds.
◇ Test pluginPresetCacheCodable() started.
✔ Test pluginPresetCacheCodable() passed after 0.001 seconds.
◇ Test pluginPresetInventoryCodable() started.
✔ Test pluginPresetInventoryCodable() passed after 0.001 seconds.
◇ Test schemaVersionFieldDefaults() started.
✔ Test schemaVersionFieldDefaults() passed after 0.001 seconds.
◇ Test axUIElementSendableWraps() started.
✔ Test axUIElementSendableWraps() passed after 0.001 seconds.
◇ Test scannerWindowRecordFields() started.
✔ Test scannerWindowRecordFields() passed after 0.001 seconds.
◇ Test pluginPresetProbeClosuresInvoked() started.
✔ Test pluginPresetProbeClosuresInvoked() passed after 0.001 seconds.
◇ Test pluginWindowRuntimeNowMsMonotonic() started.
✔ Test pluginWindowRuntimeNowMsMonotonic() passed after 0.001 seconds.
✔ Suite "PluginInspector — T1 Types" passed after 0.004 seconds.
◇ Test testCompressorThresholdVerifiedWriteReachesStateA() started.
✔ Test testCompressorThresholdVerifiedWriteReachesStateA() passed after 1.264 seconds.
◇ Test testWithinToleranceStillStateA() started.
✔ Test testWithinToleranceStillStateA() passed after 1.423 seconds.
◇ Test testExpectedTrackNameMismatchFailsClosedStaleAndDoesNotWrite() started.
✔ Test testExpectedTrackNameMismatchFailsClosedStaleAndDoesNotWrite() passed after 0.002 seconds.
◇ Test testExpectedTrackNameMatchStillReachesStateA() started.
✔ Test testExpectedTrackNameMatchStillReachesStateA() passed after 1.397 seconds.
◇ Test testDuplicateLiveTrackNameFailsClosedBeforeWrite() started.
✔ Test testDuplicateLiveTrackNameFailsClosedBeforeWrite() passed after 0.005 seconds.
◇ Test testAbsentExpectedTrackNameIsByteInvariant() started.
✔ Test testAbsentExpectedTrackNameIsByteInvariant() passed after 1.405 seconds.
◇ Test testChannelEQFixtureParamResolvesAndVerifiesStateAWithinTolerance() started.
✔ Test testChannelEQFixtureParamResolvesAndVerifiesStateAWithinTolerance() passed after 1.381 seconds.
◇ Test testChannelEQFixtureParamOutsideToleranceIsReadbackMismatch() started.
✔ Test testChannelEQFixtureParamOutsideToleranceIsReadbackMismatch() passed after 1.381 seconds.
◇ Test testChannelEQFixtureUnsupportedParamFailsClosedUnsupportedParamReadback() started.
✔ Test testChannelEQFixtureUnsupportedParamFailsClosedUnsupportedParamReadback() passed after 0.001 seconds.
◇ Test testOutsideToleranceIsReadbackMismatchAndRollsBack() started.
✔ Test testOutsideToleranceIsReadbackMismatchAndRollsBack() passed after 1.341 seconds.
◇ Test testRollbackSucceedsWhenWriteIsHonest() started.
✔ Test testRollbackSucceedsWhenWriteIsHonest() passed after 1.321 seconds.
◇ Test testNoOpenPluginWindowIsWindowOpenFailed() started.
✔ Test testNoOpenPluginWindowIsWindowOpenFailed() passed after 2.626 seconds.
◇ Test testProductionOpenerOpensClosedTargetSlotWindow() started.
✔ Test testProductionOpenerOpensClosedTargetSlotWindow() passed after 1.360 seconds.
◇ Test testManualPreopenFallsBackToRaisingArrangeWhenFocusedCannotBeClearedDirectly() started.
✔ Test testManualPreopenFallsBackToRaisingArrangeWhenFocusedCannotBeClearedDirectly() passed after 1.336 seconds.
◇ Test testProductionOpenerRejectsOpenedWindowWithoutRequestedSlider() started.
✔ Test testProductionOpenerRejectsOpenedWindowWithoutRequestedSlider() passed after 2.679 seconds.
◇ Test testWrongObservedPluginFailsClosedBeforeWindowAcquisition() started.
✔ Test testWrongObservedPluginFailsClosedBeforeWindowAcquisition() passed after 0.006 seconds.
◇ Test testAmbiguousSameTrackParameterWindowsFailClosed() started.
✔ Test testAmbiguousSameTrackParameterWindowsFailClosed() passed after 0.005 seconds.
◇ Test testWrongWindowIdentityFailsClosed() started.
✔ Test testWrongWindowIdentityFailsClosed() passed after 1.308 seconds.
◇ Test testAmbiguousWindowAppearingAfterSlotPressFailsClosed() started.
✔ Test testAmbiguousWindowAppearingAfterSlotPressFailsClosed() passed after 0.011 seconds.
◇ Test testAmbiguousRequestedSlidersFailClosed() started.
✔ Test testAmbiguousRequestedSlidersFailClosed() passed after 0.005 seconds.
◇ Test testOpenerFallbackProducesStateA() started.
✔ Test testOpenerFallbackProducesStateA() passed after 0.006 seconds.
◇ Test testWindowWithoutMatchingSliderIsParamControlNotFound() started.
✔ Test testWindowWithoutMatchingSliderIsParamControlNotFound() passed after 0.003 seconds.
◇ Test testTrackNotVerifiedSelectedIsTrackSelectionFailed() started.
✔ Test testTrackNotVerifiedSelectedIsTrackSelectionFailed() passed after 0.817 seconds.
◇ Test testEmptyTargetSlotIsIncompleteInventory() started.
✔ Test testEmptyTargetSlotIsIncompleteInventory() passed after 0.005 seconds.
◇ Test testSetParamVerifiedZeroSlotsStateCDistinctDiagnostics() started.
✔ Test testSetParamVerifiedZeroSlotsStateCDistinctDiagnostics() passed after 0.003 seconds.
◇ Test testGainStillUnsupportedNoWrite() started.
✔ Test testGainStillUnsupportedNoWrite() passed after 0.001 seconds.
◇ Test testThresholdWrongUnitIsInvalidParamsBeforeWrite() started.
✔ Test testThresholdWrongUnitIsInvalidParamsBeforeWrite() passed after 0.001 seconds.
◇ Test testThresholdOutOfRangeIsInvalidParamsBeforeWrite() started.
✔ Test testThresholdOutOfRangeIsInvalidParamsBeforeWrite() passed after 0.001 seconds.
◇ Test testThresholdConfirmedLiveBlockedBeforeWrite() started.
✔ Test testThresholdConfirmedLiveBlockedBeforeWrite() passed after 0.001 seconds.
◇ Test testSetParamGainReachesUnsupportedParamReadback() started.
✔ Test testSetParamGainReachesUnsupportedParamReadback() passed after 0.001 seconds.
◇ Test testSetParamDisplayNameAliasAlsoReachesPreflight() started.
✔ Test testSetParamDisplayNameAliasAlsoReachesPreflight() passed after 0.001 seconds.
◇ Test testSetParamConfirmedLiveBlocked() started.
✔ Test testSetParamConfirmedLiveBlocked() passed after 0.001 seconds.
◇ Test testSetParamMissingPathRejected() started.
✔ Test testSetParamMissingPathRejected() passed after 0.001 seconds.
◇ Test testSetParamPathMismatchRejected() started.
✔ Test testSetParamPathMismatchRejected() passed after 0.001 seconds.
◇ Test testSetParamUnknownIdentityRejected() started.
✔ Test testSetParamUnknownIdentityRejected() passed after 0.001 seconds.
◇ Test testSetParamPrecedencePathMismatchBeatsUnsupportedParam() started.
✔ Test testSetParamPrecedencePathMismatchBeatsUnsupportedParam() passed after 0.001 seconds.
◇ Test testSetParamPrecedenceModeBeatsPath() started.
✔ Test testSetParamPrecedenceModeBeatsPath() passed after 0.001 seconds.
◇ Test testSetParamSchemaBeatsEverything() started.
✔ Test testSetParamSchemaBeatsEverything() passed after 0.001 seconds.
◇ Test testSetParamWrongUnitIsInvalidParams() started.
✔ Test testSetParamWrongUnitIsInvalidParams() passed after 0.001 seconds.
◇ Test testSetParamOutOfRangeIsInvalidParams() started.
✔ Test testSetParamOutOfRangeIsInvalidParams() passed after 0.001 seconds.
◇ Test testSetParamBoundaryValuesPassSchemaReachPreflight() started.
✔ Test testSetParamBoundaryValuesPassSchemaReachPreflight() passed after 0.001 seconds.
◇ Suite "PluginInspector — T5 Window Lifecycle" started.
◇ Test openWindowSucceedsWithinTimeout() started.
✔ Test openWindowSucceedsWithinTimeout() passed after 0.001 seconds.
◇ Test openWindowTimeoutThrows() started.
✔ Test openWindowTimeoutThrows() passed after 0.001 seconds.
◇ Test openWindowFindTimeoutThrows() started.
✔ Test openWindowFindTimeoutThrows() passed after 0.001 seconds.
◇ Test closeWindowSuccess() started.
✔ Test closeWindowSuccess() passed after 0.001 seconds.
◇ Test closeWindowFailureReturnsFalse() started.
✔ Test closeWindowFailureReturnsFalse() passed after 0.001 seconds.
◇ Test openWindowTimeoutExactBoundaryThrows() started.
✔ Test openWindowTimeoutExactBoundaryThrows() passed after 0.001 seconds.
◇ Test openWindowMonotonicClockNoBackwardMath() started.
✔ Test openWindowMonotonicClockNoBackwardMath() passed after 0.001 seconds.
✔ Suite "PluginInspector — T5 Window Lifecycle" passed after 0.002 seconds.
◇ Test testPluginsOperationsAreRegisteredInRoutingTable() started.
✔ Test testPluginsOperationsAreRegisteredInRoutingTable() passed after 0.001 seconds.
◇ Test testPluginsVerifiedOpsRouteAXOnlyNoFallback() started.
✔ Test testPluginsVerifiedOpsRouteAXOnlyNoFallback() passed after 0.001 seconds.
◇ Test testPluginGetInventoryReachesChannelExecute() started.
✔ Test testPluginGetInventoryReachesChannelExecute() passed after 0.001 seconds.
◇ Test testPluginSetParamVerifiedReachesChannelExecute() started.
[2026-07-16T10:58:28.661Z] [WARN] [process] '/usr/bin/osascript' exceeded 5.0s timeout (pid 75327); sending SIGTERM (BoundedProcessRunner.swift:93)
[2026-07-16T10:58:28.666Z] [ERROR] [appleScript] AppleScript child process failed: timedOut (AppleScriptChannel.swift:492)
[2026-07-16T10:58:28.666Z] [ERROR] [appleScript] AppleScript error: AppleScript error: timedOut (AppleScriptChannel.swift:493)
✔ Test testPluginSetParamVerifiedReachesChannelExecute() passed after 5.007 seconds.
◇ Test testPluginInsertVerifiedReachesChannelExecute() started.
[2026-07-16T10:58:33.673Z] [WARN] [process] '/usr/bin/osascript' exceeded 5.0s timeout (pid 75525); sending SIGTERM (BoundedProcessRunner.swift:93)
[2026-07-16T10:58:33.678Z] [ERROR] [appleScript] AppleScript child process failed: timedOut (AppleScriptChannel.swift:492)
[2026-07-16T10:58:33.678Z] [ERROR] [appleScript] AppleScript error: AppleScript error: timedOut (AppleScriptChannel.swift:493)
✔ Test testPluginInsertVerifiedReachesChannelExecute() passed after 5.010 seconds.
◇ Test testPluginGetInventoryFullRouterToChannelPath() started.
✔ Test testPluginGetInventoryFullRouterToChannelPath() passed after 0.004 seconds.
◇ Test testProcessUtilsBundleURLResolvesWithoutAppKitRunloop() started.
✔ Test testProcessUtilsBundleURLResolvesWithoutAppKitRunloop() passed after 0.002 seconds.
◇ Test testProcessUtilsLogicProVersionResolvesOffMain() started.
✔ Test testProcessUtilsLogicProVersionResolvesOffMain() passed after 0.001 seconds.
◇ Test testProcessUtilsIsLogicProRunningWorksOffMain() started.
✔ Test testProcessUtilsIsLogicProRunningWorksOffMain() passed after 0.001 seconds.
◇ Test testProcessUtilsRunAppKitExecutesOnMainThreadOrReturnsNil() started.
✔ Test testProcessUtilsRunAppKitExecutesOnMainThreadOrReturnsNil() passed after 0.001 seconds.
◇ Test testProcessUtilsCurrentProcessMetricsAreNonNegative() started.
✔ Test testProcessUtilsCurrentProcessMetricsAreNonNegative() passed after 0.001 seconds.
◇ Test testProcessUtilsMarksZeroUptimeCPUAsWarmingUp() started.
✔ Test testProcessUtilsMarksZeroUptimeCPUAsWarmingUp() passed after 0.001 seconds.
◇ Test testProcessUtilsReportsSampledCPUWithExplicitUnits() started.
✔ Test testProcessUtilsReportsSampledCPUWithExplicitUnits() passed after 0.001 seconds.
◇ Test testProcessUtilsRuntimeControlsPIDAndRunningState() started.
✔ Test testProcessUtilsRuntimeControlsPIDAndRunningState() passed after 0.001 seconds.
◇ Test testProcessUtilsFallsBackToSecondaryPIDSource() started.
✔ Test testProcessUtilsFallsBackToSecondaryPIDSource() passed after 0.001 seconds.
◇ Test testProcessUtilsParsesLogicProPIDFromProcessListOutput() started.
✔ Test testProcessUtilsParsesLogicProPIDFromProcessListOutput() passed after 0.001 seconds.
◇ Test testProcessUtilsParsesLogicProPIDFromPgrepOutput() started.
✔ Test testProcessUtilsParsesLogicProPIDFromPgrepOutput() passed after 0.001 seconds.
◇ Test testProcessUtilsParsesLogicProPIDFromWindowList() started.
✔ Test testProcessUtilsParsesLogicProPIDFromWindowList() passed after 0.001 seconds.
◇ Test testProcessUtilsIgnoresUnrelatedProcessListRows() started.
✔ Test testProcessUtilsIgnoresUnrelatedProcessListRows() passed after 0.001 seconds.
◇ Test testProcessUtilsParsesLogicProPIDFromCommandNameAndSuffixVariants() started.
✔ Test testProcessUtilsParsesLogicProPIDFromCommandNameAndSuffixVariants() passed after 0.001 seconds.
◇ Test testProcessUtilsWindowListHandlesMissingBoundsAndRejectsZeroSizedWindows() started.
✔ Test testProcessUtilsWindowListHandlesMissingBoundsAndRejectsZeroSizedWindows() passed after 0.001 seconds.
◇ Test testProcessUtilsActivateLogicProUsesInjectedRuntime() started.
✔ Test testProcessUtilsActivateLogicProUsesInjectedRuntime() passed after 0.001 seconds.
◇ Test testProcessUtilsActivationFallsBackWhenAppKitActivationIsUnavailable() started.
✔ Test testProcessUtilsActivationFallsBackWhenAppKitActivationIsUnavailable() passed after 0.001 seconds.
◇ Test testProcessUtilsActivationUsesAppleScriptWhenAppKitActivationFails() started.
✔ Test testProcessUtilsActivationUsesAppleScriptWhenAppKitActivationFails() passed after 0.001 seconds.
◇ Test testProcessUtilsActivationReinforcesSuccessfulAppKitActivationWithAppleScript() started.
✔ Test testProcessUtilsActivationReinforcesSuccessfulAppKitActivationWithAppleScript() passed after 0.001 seconds.
◇ Test testProcessUtilsProductionActivateWrapperReturnsWithoutCrash() started.
[2026-07-16T10:58:34.702Z] [WARN] [process] '/usr/bin/osascript' exceeded 1.0s timeout (pid 75612); sending SIGTERM (BoundedProcessRunner.swift:93)
✔ Test testProcessUtilsProductionActivateWrapperReturnsWithoutCrash() passed after 1.009 seconds.
◇ Test testProcessUtilsLogicProVersionUsesInjectedBundleURL() started.
✔ Test testProcessUtilsLogicProVersionUsesInjectedBundleURL() passed after 0.007 seconds.
◇ Test testProcessUtilsLogicProVersionReturnsNilWithoutBundleURL() started.
✔ Test testProcessUtilsLogicProVersionReturnsNilWithoutBundleURL() passed after 0.001 seconds.
◇ Test testPermissionStatusAllGrantedSummaryOmitsRemediation() started.
✔ Test testPermissionStatusAllGrantedSummaryOmitsRemediation() passed after 0.001 seconds.
◇ Test testPermissionStatusSummaryOnlyMentionsMissingAutomationGuidance() started.
✔ Test testPermissionStatusSummaryOnlyMentionsMissingAutomationGuidance() passed after 0.001 seconds.
◇ Suite "Production hardening review regressions" started.
◇ Test "MIDI port must reject non-string values when present" started.
✔ Test "MIDI port must reject non-string values when present" passed after 0.001 seconds.
◇ Test "integer aliases reject invalid primary and conflicting values" started.
✔ Test "integer aliases reject invalid primary and conflicting values" passed after 0.001 seconds.
◇ Test "destructive confirmation requires literal bool true" started.
[2026-07-16T10:58:34.721Z] [INFO] [project] [AUDIT] project.bounce rejected — invalid confirmed (ProjectDispatcher.swift:948)
✔ Test "destructive confirmation requires literal bool true" passed after 0.002 seconds.
◇ Test "play_sequence rejects top-level channel" started.
✔ Test "play_sequence rejects top-level channel" passed after 0.001 seconds.
◇ Test "note sequence parser rejects extra and empty fields" started.
✔ Test "note sequence parser rejects extra and empty fields" passed after 0.001 seconds.
◇ Test "record_sequence allows SMF timing beyond realtime play_sequence cap" started.
✔ Test "record_sequence allows SMF timing beyond realtime play_sequence cap" passed after 0.878 seconds.
◇ Test "play_sequence keeps realtime timing caps before routing" started.
✔ Test "play_sequence keeps realtime timing caps before routing" passed after 0.001 seconds.
◇ Test "goto_marker malformed index returns invalid_params" started.
✔ Test "goto_marker malformed index returns invalid_params" passed after 0.001 seconds.
◇ Test "import_file validates path type and shape before routing" started.
✔ Test "import_file validates path type and shape before routing" passed after 0.003 seconds.
◇ Test "set_plugin_param accepts numeric string value" started.
✔ Test "set_plugin_param accepts numeric string value" passed after 0.001 seconds.
✔ Suite "Production hardening review regressions" passed after 0.894 seconds.
◇ Test testSaveAsViaAXRejectsNonLogicxPath() started.
✔ Test testSaveAsViaAXRejectsNonLogicxPath() passed after 0.001 seconds.
◇ Test testSaveAsViaAXRejectsRelativePath() started.
✔ Test testSaveAsViaAXRejectsRelativePath() passed after 0.001 seconds.
◇ Test testSaveAsViaAXRejectsPathWithControlCharacters() started.
✔ Test testSaveAsViaAXRejectsPathWithControlCharacters() passed after 0.001 seconds.
◇ Test testSaveAsViaAXRejectsDevPath() started.
✔ Test testSaveAsViaAXRejectsDevPath() passed after 0.001 seconds.
◇ Test testSaveAsViaAXRejectsMissingPath() started.
✔ Test testSaveAsViaAXRejectsMissingPath() passed after 0.001 seconds.
◇ Test testRenameTrackSucceedsWithLongName() started.
✔ Test testRenameTrackSucceedsWithLongName() passed after 0.001 seconds.
◇ Test testStepInputDurationCappedAt30SecondsInMessage() started.
✔ Test testStepInputDurationCappedAt30SecondsInMessage() passed after 0.172 seconds.
◇ Test testSendNoteDurationCapApplied() started.
✔ Test testSendNoteDurationCapApplied() passed after 0.114 seconds.
◇ Test testSendChordWithSmallDuration() started.
✔ Test testSendChordWithSmallDuration() passed after 0.124 seconds.
◇ Test testStepInputNormalDurationNotCapped() started.
✔ Test testStepInputNormalDurationNotCapped() passed after 0.319 seconds.
◇ Test testStepInputNotationDurationsStillWork() started.
✔ Test testStepInputNotationDurationsStillWork() passed after 0.322 seconds.
◇ Test testStepInputDurationCapValue() started.
✔ Test testStepInputDurationCapValue() passed after 0.001 seconds.
◇ Test testSendNoteDurationCapValue() started.
✔ Test testSendNoteDurationCapValue() passed after 0.001 seconds.
◇ Test testSendChordDurationCapValue() started.
✔ Test testSendChordDurationCapValue() passed after 0.001 seconds.
◇ Test testVirtualPortNameSanitizesNewlines() started.
✔ Test testVirtualPortNameSanitizesNewlines() passed after 0.001 seconds.
◇ Test testVirtualPortNameTruncatesAt63() started.
✔ Test testVirtualPortNameTruncatesAt63() passed after 0.001 seconds.
◇ Test testVirtualPortNameStripsNullBytes() started.
✔ Test testVirtualPortNameStripsNullBytes() passed after 0.001 seconds.
◇ Test testAppleScriptSafetyRejectsNewlinesInPaths() started.
✔ Test testAppleScriptSafetyRejectsNewlinesInPaths() passed after 0.001 seconds.
◇ Test testAppleScriptEscapeJSONHandlesSpecialCharacters() started.
✔ Test testAppleScriptEscapeJSONHandlesSpecialCharacters() passed after 0.001 seconds.
◇ Test testMIDIPacketWordCountCappedInConfig() started.
✔ Test testMIDIPacketWordCountCappedInConfig() passed after 0.001 seconds.
◇ Test testServerConfigHasPollingInterval() started.
✔ Test testServerConfigHasPollingInterval() passed after 0.001 seconds.
◇ Test testServerConfigHasAllRequiredFields() started.
✔ Test testServerConfigHasAllRequiredFields() passed after 0.001 seconds.
◇ Test testStatePollerStopAwaitsTaskCompletion() started.
[2026-07-16T10:58:36.673Z] [INFO] [poller] StatePoller started (StatePoller.swift:94)
[2026-07-16T10:58:36.678Z] [INFO] [poller] AX Supplementary Poller loop exited (StatePoller.swift:143)
[2026-07-16T10:58:36.678Z] [INFO] [poller] StatePoller stopped (StatePoller.swift:106)
✔ Test testStatePollerStopAwaitsTaskCompletion() passed after 0.005 seconds.
◇ Test testStatePollerDoubleStopIsSafe() started.
[2026-07-16T10:58:36.679Z] [INFO] [poller] StatePoller started (StatePoller.swift:94)
[2026-07-16T10:58:36.679Z] [INFO] [poller] AX Supplementary Poller loop exited (StatePoller.swift:143)
[2026-07-16T10:58:36.679Z] [INFO] [poller] StatePoller stopped (StatePoller.swift:106)
✔ Test testStatePollerDoubleStopIsSafe() passed after 0.001 seconds.
◇ Test testPermissionCheckerUsesDirectOsascript() started.
✔ Test testPermissionCheckerUsesDirectOsascript() passed after 0.001 seconds.
◇ Test testPermissionStatusSummaryFormatsCorrectly() started.
✔ Test testPermissionStatusSummaryFormatsCorrectly() passed after 0.001 seconds.
◇ Suite ProjectAuditPhaseTests started.
◇ Test testProjectOpenWithMissingPathLogsRejected() started.
✔ Test testProjectOpenWithMissingPathLogsRejected() passed after 0.001 seconds.
◇ Test testProjectOpenWithInvalidPathLogsRejected() started.
✔ Test testProjectOpenWithInvalidPathLogsRejected() passed after 0.001 seconds.
◇ Test testProjectOpenWithoutConfirmLogsConfirmationRequired() started.
✔ Test testProjectOpenWithoutConfirmLogsConfirmationRequired() passed after 0.006 seconds.
◇ Test testProjectSaveAlwaysLogsExecuted() started.
✔ Test testProjectSaveAlwaysLogsExecuted() passed after 0.001 seconds.
◇ Test testProjectIsRunningEmitsNoAuditLine() started.
✔ Test testProjectIsRunningEmitsNoAuditLine() passed after 0.001 seconds.
◇ Test testProjectQuitWithoutConfirmLogsConfirmationRequired() started.
✔ Test testProjectQuitWithoutConfirmLogsConfirmationRequired() passed after 0.001 seconds.
◇ Test testProjectExportRunWithoutConfirmLogsConfirmationRequired() started.
✔ Test testProjectExportRunWithoutConfirmLogsConfirmationRequired() passed after 0.004 seconds.
✔ Suite ProjectAuditPhaseTests passed after 0.018 seconds.
◇ Test testProjectNewClearsCacheOnSuccess() started.
[2026-07-16T10:58:36.698Z] [INFO] [project] [AUDIT] project.new executed (ProjectDispatcher.swift:950)
✔ Test testProjectNewClearsCacheOnSuccess() passed after 0.001 seconds.
◇ Test testProjectCloseClearsCacheOnSuccess() started.
[2026-07-16T10:58:36.699Z] [INFO] [project] [AUDIT] project.close executed (ProjectDispatcher.swift:950)
✔ Test testProjectCloseClearsCacheOnSuccess() passed after 0.001 seconds.
◇ Test testProjectNewLeavesCacheUntouchedOnFailure() started.
[2026-07-16T10:58:36.700Z] [INFO] [project] [AUDIT] project.new executed (ProjectDispatcher.swift:950)
✔ Test testProjectNewLeavesCacheUntouchedOnFailure() passed after 0.001 seconds.
◇ Suite "Project export bounce helper contract" started.
◇ Test "resolver honors LOGIC_PRO_MCP_SHARE_DIR for custom install layouts" started.
✔ Test "resolver honors LOGIC_PRO_MCP_SHARE_DIR for custom install layouts" passed after 0.001 seconds.
◇ Test "resolvePython3Path skips an executable-but-untrusted PATH candidate and falls back" started.
✔ Test "resolvePython3Path skips an executable-but-untrusted PATH candidate and falls back" passed after 0.001 seconds.
◇ Test "resolvePython3Path returns an executable AND ownership-trusted PATH candidate" started.
✔ Test "resolvePython3Path returns an executable AND ownership-trusted PATH candidate" passed after 0.001 seconds.
◇ Test "resolvePython3Path validates the symlink-resolved target, not the raw symlink (Homebrew python3)" started.
✔ Test "resolvePython3Path validates the symlink-resolved target, not the raw symlink (Homebrew python3)" passed after 0.001 seconds.
◇ Test "bare PATH arg0 is ignored when no real executable path is available" started.
✔ Test "bare PATH arg0 is ignored when no real executable path is available" passed after 0.001 seconds.
◇ Test "resolver uses the real executable path when arg0 is only a PATH name" started.
✔ Test "resolver uses the real executable path when arg0 is only a PATH name" passed after 0.001 seconds.
◇ Test "resolver finds flattened helper assets for custom non-bin installs" started.
✔ Test "resolver finds flattened helper assets for custom non-bin installs" passed after 0.001 seconds.
◇ Test "resolver finds repo, extracted, and flattened Homebrew helper locations" started.
✔ Test "resolver finds repo, extracted, and flattened Homebrew helper locations" passed after 0.001 seconds.
◇ Test "runBounceHelper surfaces a missing helper path" started.
✔ Test "runBounceHelper surfaces a missing helper path" passed after 0.001 seconds.
◇ Test "runBounceHelper launches the native bounce helper without an external click gate" started.
✔ Test "runBounceHelper launches the native bounce helper without an external click gate" passed after 0.001 seconds.
◇ Test "runBounceHelper surfaces timeout and stderr fallback" started.
✔ Test "runBounceHelper surfaces timeout and stderr fallback" passed after 0.001 seconds.
◇ Test "runBounceHelper rejects success-looking JSON on non-zero exit and surfaces helper JSON errors" started.
✔ Test "runBounceHelper rejects success-looking JSON on non-zero exit and surfaces helper JSON errors" passed after 0.001 seconds.
◇ Test "runBounceHelper honors explicit bounce_fired:false over a non-empty artifact" started.
✔ Test "runBounceHelper honors explicit bounce_fired:false over a non-empty artifact" passed after 0.001 seconds.
✔ Suite "Project export bounce helper contract" passed after 0.009 seconds.
◇ Suite "Project export dispatcher integration" started.
◇ Test "dispatcher export_run returns HC-truthful isError on a failed run" started.
[2026-07-16T10:58:36.711Z] [INFO] [project] [AUDIT] project.export_run executed (ProjectDispatcher.swift:950)
✔ Test "dispatcher export_run returns HC-truthful isError on a failed run" passed after 0.002 seconds.
◇ Test "dispatcher export_run rejects invalid params before any execution" started.
[2026-07-16T10:58:36.712Z] [INFO] [project] [AUDIT] project.export_run rejected — invalid export plan (ProjectDispatcher.swift:948)
✔ Test "dispatcher export_run rejects invalid params before any execution" passed after 0.001 seconds.
◇ Test "dispatcher export_run returns confirmation_required HC envelope when confirmed omitted" started.
[2026-07-16T10:58:36.713Z] [INFO] [project] [AUDIT] project.export_run confirmation_required (ProjectDispatcher.swift:950)
✔ Test "dispatcher export_run returns confirmation_required HC envelope when confirmed omitted" passed after 0.001 seconds.
✔ Suite "Project export dispatcher integration" passed after 0.004 seconds.
◇ Suite "Project export guardrails" started.
◇ Test "fail_if_exists never overwrites an existing artifact (fails closed)" started.
2026-07-16 19:58:36.714 swiftpm-testing-helper[65118:99137429] Audio files cannot be non-interleaved. Ignoring setting AVLinearPCMIsNonInterleaved YES.
✔ Test "fail_if_exists never overwrites an existing artifact (fails closed)" passed after 0.004 seconds.
◇ Test "confirmed:false fails closed with confirmation_required and no side effects" started.
✔ Test "confirmed:false fails closed with confirmation_required and no side effects" passed after 0.001 seconds.
◇ Test "open failure fails closed and never bounces" started.
✔ Test "open failure fails closed and never bounces" passed after 0.001 seconds.
◇ Test "helper-produced artifacts that escape via output-root symlink swap fail closed" started.
2026-07-16 19:58:36.723 swiftpm-testing-helper[65118:99137312] Audio files cannot be non-interleaved. Ignoring setting AVLinearPCMIsNonInterleaved YES.
✔ Test "helper-produced artifacts that escape via output-root symlink swap fail closed" passed after 0.004 seconds.
✔ Suite "Project export guardrails" passed after 0.011 seconds.
◇ Suite "Project export guarded execution" started.
◇ Test "full run opens, verifies identity, bounces, and records each artifact as State A" started.
2026-07-16 19:58:36.727 swiftpm-testing-helper[65118:99137312] Audio files cannot be non-interleaved. Ignoring setting AVLinearPCMIsNonInterleaved YES.
✔ Test "full run opens, verifies identity, bounces, and records each artifact as State A" passed after 0.008 seconds.
◇ Test "resume skips already-present+verified artifacts and produces only the rest" started.
2026-07-16 19:58:36.735 swiftpm-testing-helper[65118:99137312] Audio files cannot be non-interleaved. Ignoring setting AVLinearPCMIsNonInterleaved YES.
2026-07-16 19:58:36.741 swiftpm-testing-helper[65118:99137312] Audio files cannot be non-interleaved. Ignoring setting AVLinearPCMIsNonInterleaved YES.
✔ Test "resume skips already-present+verified artifacts and produces only the rest" passed after 0.011 seconds.
◇ Test "identity mismatch fails closed and never bounces the wrong project" started.
✔ Test "identity mismatch fails closed and never bounces the wrong project" passed after 0.001 seconds.
◇ Test "missing artifact after bounce gives State B (uncertain), not State A" started.
✔ Test "missing artifact after bounce gives State B (uncertain), not State A" passed after 0.001 seconds.
◇ Test "silent artifact after bounce gives State B (uncertain), not State A" started.
2026-07-16 19:58:36.749 swiftpm-testing-helper[65118:99137312] Audio files cannot be non-interleaved. Ignoring setting AVLinearPCMIsNonInterleaved YES.
✔ Test "silent artifact after bounce gives State B (uncertain), not State A" passed after 0.004 seconds.
✔ Suite "Project export guarded execution" passed after 0.027 seconds.
◇ Suite "Project export planner variant artifacts" started.
◇ Test "fail_if_exists treats a same-stem different-extension artifact as an existing overwrite risk" started.
✔ Test "fail_if_exists treats a same-stem different-extension artifact as an existing overwrite risk" passed after 0.001 seconds.
◇ Test "fail_if_exists ignores same-stem non-audio sidecars" started.
✔ Test "fail_if_exists ignores same-stem non-audio sidecars" passed after 0.001 seconds.
◇ Test "fail_if_exists treats case-only different same-stem artifacts as overwrite risks" started.
✔ Test "fail_if_exists treats case-only different same-stem artifacts as overwrite risks" passed after 0.001 seconds.
✔ Suite "Project export planner variant artifacts" passed after 0.003 seconds.
◇ Suite "Project export planner" started.
◇ Test "plans every project in a batch with distinct per-project indices and namespaced step ids" started.
✔ Test "plans every project in a batch with distinct per-project indices and namespaced step ids" passed after 0.001 seconds.
◇ Test "two projects with the same basename in different dirs collide and degrade the plan" started.
✔ Test "two projects with the same basename in different dirs collide and degrade the plan" passed after 0.001 seconds.
◇ Test "case-only-different basenames collide on the case-insensitive default volume" started.
✔ Test "case-only-different basenames collide on the case-insensitive default volume" passed after 0.001 seconds.
◇ Test "the same project listed twice collides with itself and degrades the plan" started.
✔ Test "the same project listed twice collides with itself and degrades the plan" passed after 0.001 seconds.
◇ Test "an existing artifact whose attributes are unreadable is flagged unreadable, not zero-byte" started.
✔ Test "an existing artifact whose attributes are unreadable is flagged unreadable, not zero-byte" passed after 0.001 seconds.
◇ Test "skip_existing suppresses overwrite flagging for a pre-existing artifact" started.
✔ Test "skip_existing suppresses overwrite flagging for a pre-existing artifact" passed after 0.001 seconds.
◇ Test "invalid collision_policy is rejected" started.
✔ Test "invalid collision_policy is rejected" passed after 0.001 seconds.
✔ Suite "Project export planner" passed after 0.007 seconds.
◇ Suite "Project export planner" started.
◇ Test "builds a dry-run export manifest without executing workflow steps" started.
✔ Test "builds a dry-run export manifest without executing workflow steps" passed after 0.001 seconds.
◇ Test "reports collision and zero-byte artifact risks without mutating files" started.
✔ Test "reports collision and zero-byte artifact risks without mutating files" passed after 0.001 seconds.
◇ Test "rejects invalid parameter shapes before producing a plan" started.
✔ Test "rejects invalid parameter shapes before producing a plan" passed after 0.001 seconds.
◇ Test "dispatcher returns manifest JSON and never routes channels" started.
✔ Test "dispatcher returns manifest JSON and never routes channels" passed after 0.002 seconds.
◇ Test "manifest advertises only the steps export_run actually executes" started.
✔ Test "manifest advertises only the steps export_run actually executes" passed after 0.001 seconds.
✔ Suite "Project export planner" passed after 0.005 seconds.
◇ Suite "Project export planner" started.
◇ Test "run_id is deterministic, prefixed, and input-sensitive" started.
✔ Test "run_id is deterministic, prefixed, and input-sensitive" passed after 0.002 seconds.
◇ Test "missing but well-formed project path degrades the plan without throwing" started.
✔ Test "missing but well-formed project path degrades the plan without throwing" passed after 0.001 seconds.
◇ Test "dispatcher fails closed on invalid export_plan params" started.
✔ Test "dispatcher fails closed on invalid export_plan params" passed after 0.001 seconds.
◇ Test "dispatcher fails closed on empty projects array" started.
✔ Test "dispatcher fails closed on empty projects array" passed after 0.001 seconds.
◇ Test "non-empty existing artifact flags overwrite but not zero-byte and reports true size" started.
✔ Test "non-empty existing artifact flags overwrite but not zero-byte and reports true size" passed after 0.001 seconds.
◇ Test "single project param is trimmed so it matches the array branch normalization" started.
✔ Test "single project param is trimmed so it matches the array branch normalization" passed after 0.001 seconds.
◇ Test "output_root resolving to a system location via traversal is rejected" started.
✔ Test "output_root resolving to a system location via traversal is rejected" passed after 0.001 seconds.
◇ Test "output_root resolving through a symlinked system location is rejected" started.
✔ Test "output_root resolving through a symlinked system location is rejected" passed after 0.001 seconds.
◇ Test "existing regular-file output_root is rejected" started.
✔ Test "existing regular-file output_root is rejected" passed after 0.001 seconds.
◇ Test "filesystem-root output_root is rejected" started.
✔ Test "filesystem-root output_root is rejected" passed after 0.001 seconds.
◇ Test "unsupported naming_policy is rejected instead of being silently ignored" started.
✔ Test "unsupported naming_policy is rejected instead of being silently ignored" passed after 0.001 seconds.
✔ Suite "Project export planner" passed after 0.006 seconds.
◇ Test testProjectAuditMarksPartialRegionInventoryWithoutEmptyTrackClaims() started.
✔ Test testProjectAuditMarksPartialRegionInventoryWithoutEmptyTrackClaims() passed after 0.001 seconds.
◇ Test testProjectSessionAuditFindingsAndCleanupPlanAreDeterministic() started.
✔ Test testProjectSessionAuditFindingsAndCleanupPlanAreDeterministic() passed after 0.001 seconds.
◇ Test testProjectAuditFailsClosedWhenNoDocumentOpen() started.
[2026-07-16T10:58:41.778Z] [WARN] [process] '/usr/bin/osascript' exceeded 5.0s timeout (pid 75764); sending SIGTERM (BoundedProcessRunner.swift:93)
[2026-07-16T10:58:41.782Z] [ERROR] [appleScript] AppleScript child process failed: timedOut (AppleScriptChannel.swift:492)
[2026-07-16T10:58:41.782Z] [ERROR] [appleScript] AppleScript error: AppleScript error: timedOut (AppleScriptChannel.swift:493)
✔ Test testProjectAuditFailsClosedWhenNoDocumentOpen() passed after 5.007 seconds.
◇ Test testProjectAuditSlugCollidingGroupsGetDistinctStableIds() started.
✔ Test testProjectAuditSlugCollidingGroupsGetDistinctStableIds() passed after 0.001 seconds.
◇ Test testProjectAuditEmojiOnlyDuplicateGroupsGetDistinctIds() started.
✔ Test testProjectAuditEmojiOnlyDuplicateGroupsGetDistinctIds() passed after 0.001 seconds.
◇ Test testProjectAuditReportsTrackReadbackGapWhenFileExceedsAX() started.
✔ Test testProjectAuditReportsTrackReadbackGapWhenFileExceedsAX() passed after 0.001 seconds.
◇ Test testProjectAuditEmptyAXAndNoFileCountEmitsInventoryEmpty() started.
✔ Test testProjectAuditEmptyAXAndNoFileCountEmitsInventoryEmpty() passed after 0.001 seconds.
◇ Test testProjectAuditBlocksExternalMIDIRegionsBeforeExportClaim() started.
✔ Test testProjectAuditBlocksExternalMIDIRegionsBeforeExportClaim() passed after 0.001 seconds.
◇ Test testProjectAuditBlocksSoftwareInstrumentRegionsWithoutPluginEvidenceBeforeExportClaim() started.
✔ Test testProjectAuditBlocksSoftwareInstrumentRegionsWithoutPluginEvidenceBeforeExportClaim() passed after 0.001 seconds.
◇ Test testProjectAuditAllowsSoftwareInstrumentRegionsWithPluginEvidence() started.
✔ Test testProjectAuditAllowsSoftwareInstrumentRegionsWithPluginEvidence() passed after 0.001 seconds.
◇ Test testProjectAuditAndCleanupPlanResourcesAndCommandsReturnJSON() started.
[2026-07-16T10:58:46.793Z] [WARN] [process] '/usr/bin/osascript' exceeded 5.0s timeout (pid 75885); sending SIGTERM (BoundedProcessRunner.swift:93)
[2026-07-16T10:58:46.797Z] [ERROR] [appleScript] AppleScript child process failed: timedOut (AppleScriptChannel.swift:492)
[2026-07-16T10:58:46.797Z] [ERROR] [appleScript] AppleScript error: AppleScript error: timedOut (AppleScriptChannel.swift:493)
[2026-07-16T10:58:51.808Z] [WARN] [process] '/usr/bin/osascript' exceeded 5.0s timeout (pid 76014); sending SIGTERM (BoundedProcessRunner.swift:93)
[2026-07-16T10:58:51.811Z] [ERROR] [appleScript] AppleScript child process failed: timedOut (AppleScriptChannel.swift:492)
[2026-07-16T10:58:51.811Z] [ERROR] [appleScript] AppleScript error: AppleScript error: timedOut (AppleScriptChannel.swift:493)
[2026-07-16T10:58:56.816Z] [WARN] [process] '/usr/bin/osascript' exceeded 5.0s timeout (pid 76162); sending SIGTERM (BoundedProcessRunner.swift:93)
[2026-07-16T10:58:56.820Z] [ERROR] [appleScript] AppleScript child process failed: timedOut (AppleScriptChannel.swift:492)
[2026-07-16T10:58:56.820Z] [ERROR] [appleScript] AppleScript error: AppleScript error: timedOut (AppleScriptChannel.swift:493)
[2026-07-16T10:59:01.838Z] [WARN] [process] '/usr/bin/osascript' exceeded 5.0s timeout (pid 76364); sending SIGTERM (BoundedProcessRunner.swift:93)
[2026-07-16T10:59:01.842Z] [ERROR] [appleScript] AppleScript child process failed: timedOut (AppleScriptChannel.swift:492)
[2026-07-16T10:59:01.842Z] [ERROR] [appleScript] AppleScript error: AppleScript error: timedOut (AppleScriptChannel.swift:493)
✔ Test testProjectAuditAndCleanupPlanResourcesAndCommandsReturnJSON() passed after 20.058 seconds.
◇ Test testProjectAuditSchemaV1KeySetsAreStable() started.
[2026-07-16T10:59:06.854Z] [WARN] [process] '/usr/bin/osascript' exceeded 5.0s timeout (pid 76449); sending SIGTERM (BoundedProcessRunner.swift:93)
[2026-07-16T10:59:06.858Z] [ERROR] [appleScript] AppleScript child process failed: timedOut (AppleScriptChannel.swift:492)
[2026-07-16T10:59:06.858Z] [ERROR] [appleScript] AppleScript error: AppleScript error: timedOut (AppleScriptChannel.swift:493)
✔ Test testProjectAuditSchemaV1KeySetsAreStable() passed after 5.011 seconds.
◇ Test testProjectAuditWorkflowCatalogEntryIsReadOnlyAndResolved() started.
✔ Test testProjectAuditWorkflowCatalogEntryIsReadOnlyAndResolved() passed after 0.003 seconds.
◇ Suite "Prompts" started.
◇ Test "prompts_list_and_get_roundtrip" started.
✔ Test "prompts_list_and_get_roundtrip" passed after 0.076 seconds.
◇ Test "capabilities_advertise_subscribe_and_prompts" started.
✔ Test "capabilities_advertise_subscribe_and_prompts" passed after 0.023 seconds.
✔ Suite "Prompts" passed after 0.101 seconds.
◇ Suite "Qualification M4 fault injection" started.
◇ Test injectionIsOffUnlessDocumentedModeIsExplicit() started.
✔ Test injectionIsOffUnlessDocumentedModeIsExplicit() passed after 0.001 seconds.
◇ Test injectedMutationFailsClosedBeforeWrite(mode:expectedError:) started.
◇ Passing 2 arguments mode → .timeout, expectedError → "qualification_timeout" to injectedMutationFailsClosedBeforeWrite(mode:expectedError:)
◇ Passing 2 arguments mode → .partialState, expectedError → "qualification_partial_state" to injectedMutationFailsClosedBeforeWrite(mode:expectedError:)
✔ Test injectedMutationFailsClosedBeforeWrite(mode:expectedError:) passed after 0.002 seconds.
✔ Suite "Qualification M4 fault injection" passed after 0.004 seconds.
◇ Suite "ADR-001 qualification gate" started.
◇ Test allRequiredCombinationsPassedPromotes() started.
✔ Test allRequiredCombinationsPassedPromotes() passed after 0.001 seconds.
◇ Test promotionGateDistinguishesGovernedAndUngovernedUnavailableAxes() started.
✔ Test promotionGateDistinguishesGovernedAndUngovernedUnavailableAxes() passed after 0.001 seconds.
◇ Test localeDifferentAxisWithoutWaiverRejectsPromotion() started.
✔ Test localeDifferentAxisWithoutWaiverRejectsPromotion() passed after 0.001 seconds.
◇ Test everyMissingAxisWithPerAxisWaiverPromotes() started.
✔ Test everyMissingAxisWithPerAxisWaiverPromotes() passed after 0.001 seconds.
◇ Test localeDifferentAxisWithLiveCasePromotes() started.
✔ Test localeDifferentAxisWithLiveCasePromotes() passed after 0.001 seconds.
◇ Test trulyUninstalledVariantStillRequiresExplicitWaiver() started.
✔ Test trulyUninstalledVariantStillRequiresExplicitWaiver() passed after 0.001 seconds.
◇ Test promotionDoesNotCountProtocolSmokeAsQualified() started.
✔ Test promotionDoesNotCountProtocolSmokeAsQualified() passed after 0.001 seconds.
◇ Test missingRequiredOperationCaseRejectsPromotion() started.
✔ Test missingRequiredOperationCaseRejectsPromotion() passed after 0.001 seconds.
◇ Test missingRequiredCombinationRejects() started.
✔ Test missingRequiredCombinationRejects() passed after 0.001 seconds.
◇ Test failedRequiredCaseRejects() started.
✔ Test failedRequiredCaseRejects() passed after 0.001 seconds.
◇ Test binarySHAMismatchRejects() started.
✔ Test binarySHAMismatchRejects() passed after 0.001 seconds.
◇ Test missingRequiredArtifactRejects() started.
✔ Test missingRequiredArtifactRejects() passed after 0.001 seconds.
◇ Test invalidEqualBinarySHAsReject() started.
✔ Test invalidEqualBinarySHAsReject() passed after 0.001 seconds.
◇ Test expiredWaiverAtReleaseVersionRejects() started.
✔ Test expiredWaiverAtReleaseVersionRejects() passed after 0.001 seconds.
◇ Test validNonRequiredWaiverDoesNotReject() started.
✔ Test validNonRequiredWaiverDoesNotReject() passed after 0.001 seconds.
◇ Test waiverForUnknownCaseRejectsPromotion() started.
✔ Test waiverForUnknownCaseRejectsPromotion() passed after 0.001 seconds.
◇ Test waiverForPassingCaseRejectsPromotion() started.
✔ Test waiverForPassingCaseRejectsPromotion() passed after 0.001 seconds.
◇ Test waiverForFailedCaseRejectsPromotion() started.
✔ Test waiverForFailedCaseRejectsPromotion() passed after 0.001 seconds.
◇ Test waiverForNotQualifiedCaseRejectsPromotion() started.
✔ Test waiverForNotQualifiedCaseRejectsPromotion() passed after 0.001 seconds.
◇ Test waivedCaseWithoutWaiverRejectsPromotion() started.
✔ Test waivedCaseWithoutWaiverRejectsPromotion() passed after 0.001 seconds.
◇ Test malformedAndDuplicateWaiversRejectPromotion() started.
✔ Test malformedAndDuplicateWaiversRejectPromotion() passed after 0.001 seconds.
◇ Test waivedRequiredCombinationDoesNotCountAsPassed() started.
✔ Test waivedRequiredCombinationDoesNotCountAsPassed() passed after 0.001 seconds.
◇ Test adr001aWaivedRequiredCombinationCountsAsQualified() started.
✔ Test adr001aWaivedRequiredCombinationCountsAsQualified() passed after 0.001 seconds.
◇ Test adr001aWaiversCannotReplaceEveryLiveAxis() started.
✔ Test adr001aWaiversCannotReplaceEveryLiveAxis() passed after 0.001 seconds.
◇ Test unverifiedPassedRequiredCombinationDoesNotCountAsPassed() started.
✔ Test unverifiedPassedRequiredCombinationDoesNotCountAsPassed() passed after 0.001 seconds.
◇ Test passedRequiredCombinationWithoutEvidenceDoesNotCountAsPassed() started.
✔ Test passedRequiredCombinationWithoutEvidenceDoesNotCountAsPassed() passed after 0.001 seconds.
◇ Test failedNonRequiredFixtureDoesNotReplaceRequiredAxis() started.
✔ Test failedNonRequiredFixtureDoesNotReplaceRequiredAxis() passed after 0.001 seconds.
◇ Test multipleNonRequiredFixtureFailuresDoNotAffectRequiredAxis() started.
✔ Test multipleNonRequiredFixtureFailuresDoNotAffectRequiredAxis() passed after 0.001 seconds.
◇ Test duplicatePassedCaseIDDoesNotQualify() started.
✔ Test duplicatePassedCaseIDDoesNotQualify() passed after 0.001 seconds.
◇ Test duplicateMixedCaseIDDoesNotQualify() started.
✔ Test duplicateMixedCaseIDDoesNotQualify() passed after 0.001 seconds.
◇ Test duplicateOptionalCaseIDRejectsPromotion() started.
✔ Test duplicateOptionalCaseIDRejectsPromotion() passed after 0.001 seconds.
◇ Test releaseVersionMismatchRejects() started.
✔ Test releaseVersionMismatchRejects() passed after 0.001 seconds.
◇ Test matchingPrereleaseVersionPromotes() started.
✔ Test matchingPrereleaseVersionPromotes() passed after 0.001 seconds.
◇ Test equalInvalidReleaseVersionsReject() started.
✔ Test equalInvalidReleaseVersionsReject() passed after 0.001 seconds.
◇ Test semanticVersionRejectsLeadingZerosAndUnicodeIdentifiers() started.
✔ Test semanticVersionRejectsLeadingZerosAndUnicodeIdentifiers() passed after 0.001 seconds.
◇ Test oversizedNumericPrereleaseKeepsNumericPrecedence() started.
✔ Test oversizedNumericPrereleaseKeepsNumericPrecedence() passed after 0.001 seconds.
◇ Test attestationCodableRoundTripPreservesDates() started.
✔ Test attestationCodableRoundTripPreservesDates() passed after 0.001 seconds.
◇ Test requiredCombinationKeysAreExact() started.
✔ Test requiredCombinationKeysAreExact() passed after 0.001 seconds.
✔ Suite "ADR-001 qualification gate" passed after 0.028 seconds.
◇ Suite "ADR-001 qualification runner" started.
◇ Test qualificationExecutesEachOperationAndBindsIndependentReadback() started.
✔ Test qualificationExecutesEachOperationAndBindsIndependentReadback() passed after 0.011 seconds.
◇ Test operationQualificationSeparatesSemanticReadSmokeAndTypedDeferrals() started.
✔ Test operationQualificationSeparatesSemanticReadSmokeAndTypedDeferrals() passed after 0.112 seconds.
◇ Test semanticMismatchCannotPassReadOperation() started.
✔ Test semanticMismatchCannotPassReadOperation() passed after 0.001 seconds.
◇ Test readOperationWithoutValidatorIsProtocolSmoke() started.
✔ Test readOperationWithoutValidatorIsProtocolSmoke() passed after 0.001 seconds.
◇ Test readErrorIsNotLabeledSemanticMismatch() started.
✔ Test readErrorIsNotLabeledSemanticMismatch() passed after 0.001 seconds.
◇ Test matchingHealthSemanticReadbackPasses() started.
✔ Test matchingHealthSemanticReadbackPasses() passed after 0.001 seconds.
◇ Test operationFailurePreventsLiveAxisPromotion() started.
✔ Test operationFailurePreventsLiveAxisPromotion() passed after 0.013 seconds.
◇ Test zeroOf107QualifiedOperationsRejectsPromotion() started.
✔ Test zeroOf107QualifiedOperationsRejectsPromotion() passed after 0.179 seconds.
◇ Test thirteenLegacyTransportSuccessesAndNinetyFourDeferralsRejectPromotion() started.
✔ Test thirteenLegacyTransportSuccessesAndNinetyFourDeferralsRejectPromotion() passed after 0.196 seconds.
◇ Test individualGovernedOperationWaiverSatisfiesRequiredOperation() started.
✔ Test individualGovernedOperationWaiverSatisfiesRequiredOperation() passed after 0.011 seconds.
◇ Test individualGovernedProtocolSmokeWaiverSatisfiesRequiredOperation() started.
✔ Test individualGovernedProtocolSmokeWaiverSatisfiesRequiredOperation() passed after 0.010 seconds.
◇ Test forgedCoherentBundleWithoutTrustedSignatureRejectsPromotion() started.
✔ Test forgedCoherentBundleWithoutTrustedSignatureRejectsPromotion() passed after 0.011 seconds.
◇ Test foreignSigningKeyCannotSatisfyPinnedVerifier() started.
✔ Test foreignSigningKeyCannotSatisfyPinnedVerifier() passed after 0.010 seconds.
◇ Test trustedSignedProvenancePromotes() started.
✔ Test trustedSignedProvenancePromotes() passed after 0.010 seconds.
◇ Test qualificationRequiresCommitIdentityForSignedProvenance() started.
✔ Test qualificationRequiresCommitIdentityForSignedProvenance() passed after 0.001 seconds.
◇ Test signingKeyIsNotForwardedToQualificationSubprocess() started.
✔ Test signingKeyIsNotForwardedToQualificationSubprocess() passed after 0.006 seconds.
◇ Test qualificationDrivesImmutableSnapshotOfHashedExecutable() started.
✔ Test qualificationDrivesImmutableSnapshotOfHashedExecutable() passed after 0.007 seconds.
◇ Test symlinkSwapAtEvidenceReadBoundaryRejectsBundle() started.
✔ Test symlinkSwapAtEvidenceReadBoundaryRejectsBundle() passed after 0.009 seconds.
◇ Test evidenceReplacedBetweenHashAndDecodeRejectsBundle() started.
✔ Test evidenceReplacedBetweenHashAndDecodeRejectsBundle() passed after 0.011 seconds.
◇ Test hardLinkedEvidenceFileRejectsBundle() started.
✔ Test hardLinkedEvidenceFileRejectsBundle() passed after 0.008 seconds.
◇ Test emptyTraceListFailsWithoutObservedEvents() started.
✔ Test emptyTraceListFailsWithoutObservedEvents() passed after 0.001 seconds.
◇ Test logicUILanguageMustMatchRequestedLocale() started.
✔ Test logicUILanguageMustMatchRequestedLocale() passed after 0.002 seconds.
◇ Test driveDerivesPassFromLiveProtocolNotRegistryBooleans() started.
✔ Test driveDerivesPassFromLiveProtocolNotRegistryBooleans() passed after 0.007 seconds.
◇ Test handshakeTimeoutStopsBeforeAttestation() started.
✔ Test handshakeTimeoutStopsBeforeAttestation() passed after 0.002 seconds.
◇ Test nonZeroExitStopsBeforeAttestation() started.
✔ Test nonZeroExitStopsBeforeAttestation() passed after 0.002 seconds.
◇ Test malformedFrameStopsBeforeAttestation() started.
✔ Test malformedFrameStopsBeforeAttestation() passed after 0.001 seconds.
◇ Test closedPipeStopsBeforeAttestation() started.
✔ Test closedPipeStopsBeforeAttestation() passed after 0.001 seconds.
◇ Test catalogCountMismatchFailsCase() started.
✔ Test catalogCountMismatchFailsCase() passed after 0.007 seconds.
◇ Test negativeFailclosedUsesCatalogAnchorDespiteHealthWarmup() started.
✔ Test negativeFailclosedUsesCatalogAnchorDespiteHealthWarmup() passed after 0.001 seconds.
◇ Test observedAxisReadbackStaysVerifiedWhenHealthWarms() started.
✔ Test observedAxisReadbackStaysVerifiedWhenHealthWarms() passed after 0.011 seconds.
◇ Test promotionAcceptsDigestBoundNonObjectOperationResponse() started.
✔ Test promotionAcceptsDigestBoundNonObjectOperationResponse() passed after 0.011 seconds.
◇ Test negativeMutatingCallOverTransportIsStateCZeroWrite() started.
✔ Test negativeMutatingCallOverTransportIsStateCZeroWrite() passed after 0.006 seconds.
◇ Test absentAxesRequireLocaleEvidenceOrWaiver() started.
✔ Test absentAxesRequireLocaleEvidenceOrWaiver() passed after 0.010 seconds.
◇ Test productionAxisVocabularyCanonicalizesCreatorAndKoreanLocale() started.
✔ Test productionAxisVocabularyCanonicalizesCreatorAndKoreanLocale() passed after 0.006 seconds.
◇ Test handshakeSucceedsWhenFirstFrameArrivesAfterPerCallButWithinStartupBudget() started.
✔ Test handshakeSucceedsWhenFirstFrameArrivesAfterPerCallButWithinStartupBudget() passed after 0.717 seconds.
✘ Test realReleaseBinaryExecutesEveryOperationWithIndependentReadback() skipped: "Requires `swift build -c release` before running the real-process qualification QA."
◇ Test handshakeStillFailsClosedBeyondStartupBudget() started.
✔ Test handshakeStillFailsClosedBeyondStartupBudget() passed after 0.458 seconds.
◇ Test subprocessAlwaysReapedNoOrphan() started.
✔ Test subprocessAlwaysReapedNoOrphan() passed after 4.623 seconds.
◇ Test fakeTransportQualificationToPromotionIntegration() started.
✔ Test fakeTransportQualificationToPromotionIntegration() passed after 0.012 seconds.
◇ Test runnerRecordsExactExecutableSHAAndCodableSchema() started.
✔ Test runnerRecordsExactExecutableSHAAndCodableSchema() passed after 0.011 seconds.
◇ Test inProcessCasesMatchRegistryHandlersAndTraces() started.
✔ Test inProcessCasesMatchRegistryHandlersAndTraces() passed after 0.122 seconds.
◇ Test externalCasesRequireExactManifestBinding() started.
✔ Test externalCasesRequireExactManifestBinding() passed after 0.008 seconds.
◇ Test tamperedExternalCaseBindingRejectsPromotion() started.
✔ Test tamperedExternalCaseBindingRejectsPromotion() passed after 0.005 seconds.
◇ Test passedExternalCaseWithoutResponseOrReadbackArtifactsRejects() started.
✔ Test passedExternalCaseWithoutResponseOrReadbackArtifactsRejects() passed after 0.005 seconds.
◇ Test waiverIngestionEmbedsValidatedSet() started.
✔ Test waiverIngestionEmbedsValidatedSet() passed after 0.006 seconds.
◇ Test malformedWaiverRejectsQualify() started.
✔ Test malformedWaiverRejectsQualify() passed after 0.006 seconds.
◇ Test duplicateWaiverRejectsQualify() started.
✔ Test duplicateWaiverRejectsQualify() passed after 0.001 seconds.
◇ Test sameSHAApprovesWithExitZero() started.
✔ Test sameSHAApprovesWithExitZero() passed after 0.010 seconds.
◇ Test differentPublishedSHARejects() started.
✔ Test differentPublishedSHARejects() passed after 0.196 seconds.
◇ Test releaseVersionMismatchRejectsThroughCLI() started.
✔ Test releaseVersionMismatchRejectsThroughCLI() passed after 0.197 seconds.
◇ Test missingRequiredArtifactRejectsThroughCLI() started.
✔ Test missingRequiredArtifactRejectsThroughCLI() passed after 0.197 seconds.
◇ Test expiredWaiverRejectsThroughCLI() started.
✔ Test expiredWaiverRejectsThroughCLI() passed after 0.122 seconds.
◇ Test verificationEmitsEveryApplicableRejection() started.
✔ Test verificationEmitsEveryApplicableRejection() passed after 0.121 seconds.
◇ Test verificationEmitsWaiverAndDuplicateRejectionsThroughCLI() started.
✔ Test verificationEmitsWaiverAndDuplicateRejectionsThroughCLI() passed after 0.122 seconds.
◇ Test verificationRejectsMalformedDuplicateAndImplicitWaivers() started.
✔ Test verificationRejectsMalformedDuplicateAndImplicitWaivers() passed after 0.158 seconds.
◇ Test rebuildAfterQualificationRejects() started.
✔ Test rebuildAfterQualificationRejects() passed after 0.198 seconds.
◇ Test releaseVersionDifferentFromBinaryRejectsQualification() started.
✔ Test releaseVersionDifferentFromBinaryRejectsQualification() passed after 0.002 seconds.
◇ Test vPrefixedReleaseTagMatchesBinaryVersion() started.
✔ Test vPrefixedReleaseTagMatchesBinaryVersion() passed after 0.012 seconds.
◇ Test tamperedEvidenceRejectsPromotion() started.
✔ Test tamperedEvidenceRejectsPromotion() passed after 0.136 seconds.
◇ Test tamperedOperationResponseArtifactRejectsPromotion() started.
✔ Test tamperedOperationResponseArtifactRejectsPromotion() passed after 0.129 seconds.
◇ Test tamperedManifestRejectsPromotion() started.
✔ Test tamperedManifestRejectsPromotion() passed after 0.118 seconds.
◇ Test tamperedCaseManifestRejectsPromotionWithTypedBindingReason() started.
✔ Test tamperedCaseManifestRejectsPromotionWithTypedBindingReason() passed after 0.122 seconds.
◇ Test reservedManifestOutputPathRejectsQualification() started.
✔ Test reservedManifestOutputPathRejectsQualification() passed after 0.001 seconds.
◇ Test mainEntrypointRoutesQualificationBeforeSideEffects() started.
✔ Test mainEntrypointRoutesQualificationBeforeSideEffects() passed after 0.001 seconds.
◇ Test helpListsQualificationSubcommands() started.
✔ Test helpListsQualificationSubcommands() passed after 0.001 seconds.
◇ Test releaseWorkflowRequiresTrustedIndependentQualificationBeforePublication() started.
✔ Test releaseWorkflowRequiresTrustedIndependentQualificationBeforePublication() passed after 0.004 seconds.
✔ Suite "ADR-001 qualification runner" passed after 8.525 seconds.
◇ Test regionDragSpikeBlocksEmptyAndWhitespaceArmedExportDir() started.
✔ Test regionDragSpikeBlocksEmptyAndWhitespaceArmedExportDir() passed after 0.902 seconds.
◇ Test regionDragSpikeBlocksRelativeArmedExportDir() started.
✔ Test regionDragSpikeBlocksRelativeArmedExportDir() passed after 0.313 seconds.
◇ Test regionDragSpikeBlocksTraversalEscapeOutsideScratchRoot() started.
✔ Test regionDragSpikeBlocksTraversalEscapeOutsideScratchRoot() passed after 0.297 seconds.
◇ Test regionDragSpikeBlocksLogicProMCPBasenameOutsideScratchRoot() started.
✔ Test regionDragSpikeBlocksLogicProMCPBasenameOutsideScratchRoot() passed after 0.305 seconds.
◇ Test regionDragSpikeBlocksHomeAndRootExportDirs() started.
✔ Test regionDragSpikeBlocksHomeAndRootExportDirs() passed after 0.911 seconds.
◇ Test regionDragSpikeBlocksCurrentWorkingDirectoryExportDir() started.
✔ Test regionDragSpikeBlocksCurrentWorkingDirectoryExportDir() passed after 0.318 seconds.
◇ Test regionDragSpikeBlocksTmpSymlinkEscapeOutsideScratchRoot() started.
✔ Test regionDragSpikeBlocksTmpSymlinkEscapeOutsideScratchRoot() passed after 0.313 seconds.
◇ Test regionDragSpikeAcceptsTmpSymlinkStayingInsideScratchRoot() started.
✔ Test regionDragSpikeAcceptsTmpSymlinkStayingInsideScratchRoot() passed after 0.314 seconds.
◇ Test regionDragSpikeAcceptsControlledTmpExportDirBeforeCoordinateGate() started.
✔ Test regionDragSpikeAcceptsControlledTmpExportDirBeforeCoordinateGate() passed after 0.317 seconds.
◇ Test testProjectGetRegionsRefreshesRegionCache() started.
✔ Test testProjectGetRegionsRefreshesRegionCache() passed after 0.001 seconds.
◇ Test testTrackRegionsResourceRefreshesLiveScanWhenCacheIsStale() started.
✔ Test testTrackRegionsResourceRefreshesLiveScanWhenCacheIsStale() passed after 0.001 seconds.
◇ Test release_script_contains_main_branch_and_test_gates() started.
✔ Test release_script_contains_main_branch_and_test_gates() passed after 0.001 seconds.
◇ Test release_workflow_runs_tests_before_packaging() started.
✔ Test release_workflow_runs_tests_before_packaging() passed after 0.001 seconds.
◇ Test ci_workflow_gates_package_resolved_drift() started.
✔ Test ci_workflow_gates_package_resolved_drift() passed after 0.001 seconds.
◇ Test testTracksResourceHasCacheEnvelope() started.
✔ Test testTracksResourceHasCacheEnvelope() passed after 0.001 seconds.
◇ Test testTracksResourceCacheAgeIsNullBeforeFirstWrite() started.
[2026-07-16T10:59:24.525Z] [WARN] [process] '/usr/bin/osascript' exceeded 5.0s timeout (pid 76984); sending SIGTERM (BoundedProcessRunner.swift:93)
[2026-07-16T10:59:24.528Z] [ERROR] [appleScript] AppleScript child process failed: timedOut (AppleScriptChannel.swift:492)
[2026-07-16T10:59:24.529Z] [ERROR] [appleScript] AppleScript error: AppleScript error: timedOut (AppleScriptChannel.swift:493)
✔ Test testTracksResourceCacheAgeIsNullBeforeFirstWrite() passed after 5.005 seconds.
◇ Test testMixerResourceHasCacheAge() started.
✔ Test testMixerResourceHasCacheAge() passed after 0.004 seconds.
◇ Test extrasNil_envelopeMatchesV317Shape() started.
✔ Test extrasNil_envelopeMatchesV317Shape() passed after 0.001 seconds.
◇ Test extrasEmpty_treatedAsNil() started.
✔ Test extrasEmpty_treatedAsNil() passed after 0.001 seconds.
◇ Test extrasWithSource_emitsKey() started.
✔ Test extrasWithSource_emitsKey() passed after 0.001 seconds.
◇ Test extrasMultipleKeys_sortedOrder() started.
✔ Test extrasMultipleKeys_sortedOrder() passed after 0.001 seconds.
◇ Test extrasNumericValue_noQuotes() started.
✔ Test extrasNumericValue_noQuotes() passed after 0.001 seconds.
◇ Test extrasBoolValue_noQuotes() started.
✔ Test extrasBoolValue_noQuotes() passed after 0.001 seconds.
◇ Test extrasNestedDict_emitted() started.
✔ Test extrasNestedDict_emitted() passed after 0.001 seconds.
◇ Test extrasUnsupportedType_skipped() started.
✔ Test extrasUnsupportedType_skipped() passed after 0.001 seconds.
◇ Test extrasEnvelopeStillContainsAxOccluded() started.
✔ Test extrasEnvelopeStillContainsAxOccluded() passed after 0.001 seconds.
◇ Test cacheLive_filePresent_cachePreferred_sourceAxLive() started.
✔ Test cacheLive_filePresent_cachePreferred_sourceAxLive() passed after 0.001 seconds.
◇ Test cacheProjectNameOnly_usesLiveTransportAndLiveTrackCacheForProjectTrackCount() started.
✔ Test cacheProjectNameOnly_usesLiveTransportAndLiveTrackCacheForProjectTrackCount() passed after 0.002 seconds.
◇ Test cacheProjectNameOnly_rejectsPlaceholderTrackCacheForProjectTrackCount() started.
✔ Test cacheProjectNameOnly_rejectsPlaceholderTrackCacheForProjectTrackCount() passed after 0.001 seconds.
◇ Test cacheProjectNameOnly_rejectsInspectorContaminatedTrackCacheForProjectTrackCount() started.
✔ Test cacheProjectNameOnly_rejectsInspectorContaminatedTrackCacheForProjectTrackCount() passed after 0.002 seconds.
◇ Test cacheStale_fileMetadata_useFile_sourceProjectFile() started.
✔ Test cacheStale_fileMetadata_useFile_sourceProjectFile() passed after 0.001 seconds.
◇ Test cacheStale_fileUnreadable_useDefaults_sourceDefault() started.
✔ Test cacheStale_fileUnreadable_useDefaults_sourceDefault() passed after 0.001 seconds.
◇ Test cacheLiveTempo95_fileTempo80_cacheWins_NEVERMixed() started.
✔ Test cacheLiveTempo95_fileTempo80_cacheWins_NEVERMixed() passed after 0.001 seconds.
◇ Test envelope_includesSourceAlways() started.
✔ Test envelope_includesSourceAlways() passed after 0.001 seconds.
◇ Test envelope_lastSavedAgeOnlyForProjectFileSource() started.
✔ Test envelope_lastSavedAgeOnlyForProjectFileSource() passed after 0.001 seconds.
◇ Test cacheUnpoisoned_afterFileRead() started.
✔ Test cacheUnpoisoned_afterFileRead() passed after 0.001 seconds.
◇ Suite "ResourceProvider" started.
◇ Test "all resource URIs are unique" started.
✔ Test "all resource URIs are unique" passed after 0.001 seconds.
◇ Test "all template URIs are unique" started.
✔ Test "all template URIs are unique" passed after 0.001 seconds.
◇ Test "new resources are registered: markers, mcu/state, library/inventory, catalogs, workflow skills" started.
✔ Test "new resources are registered: markers, mcu/state, library/inventory, catalogs, workflow skills" passed after 0.001 seconds.
◇ Test "new templates are registered: regions per track, mixer per strip, catalog/search detail" started.
✔ Test "new templates are registered: regions per track, mixer per strip, catalog/search detail" passed after 0.001 seconds.
◇ Test "every static resource URI maps to a handler" started.
[2026-07-16T10:59:29.681Z] [WARN] [process] '/usr/bin/osascript' exceeded 5.0s timeout (pid 77120); sending SIGTERM (BoundedProcessRunner.swift:93)
[2026-07-16T10:59:29.683Z] [ERROR] [appleScript] AppleScript child process failed: timedOut (AppleScriptChannel.swift:492)
[2026-07-16T10:59:29.683Z] [ERROR] [appleScript] AppleScript error: AppleScript error: timedOut (AppleScriptChannel.swift:493)
[2026-07-16T10:59:34.687Z] [WARN] [process] '/usr/bin/osascript' exceeded 5.0s timeout (pid 77222); sending SIGTERM (BoundedProcessRunner.swift:93)
[2026-07-16T10:59:34.691Z] [ERROR] [appleScript] AppleScript child process failed: timedOut (AppleScriptChannel.swift:492)
[2026-07-16T10:59:34.691Z] [ERROR] [appleScript] AppleScript error: AppleScript error: timedOut (AppleScriptChannel.swift:493)
[2026-07-16T10:59:39.696Z] [WARN] [process] '/usr/bin/osascript' exceeded 5.0s timeout (pid 77448); sending SIGTERM (BoundedProcessRunner.swift:93)
[2026-07-16T10:59:39.701Z] [ERROR] [appleScript] AppleScript child process failed: timedOut (AppleScriptChannel.swift:492)
[2026-07-16T10:59:39.701Z] [ERROR] [appleScript] AppleScript error: AppleScript error: timedOut (AppleScriptChannel.swift:493)
[2026-07-16T10:59:44.708Z] [WARN] [process] '/usr/bin/osascript' exceeded 5.0s timeout (pid 77564); sending SIGTERM (BoundedProcessRunner.swift:93)
[2026-07-16T10:59:44.712Z] [ERROR] [appleScript] AppleScript child process failed: timedOut (AppleScriptChannel.swift:492)
[2026-07-16T10:59:44.712Z] [ERROR] [appleScript] AppleScript error: AppleScript error: timedOut (AppleScriptChannel.swift:493)
[2026-07-16T10:59:44.718Z] [WARN] [library] library-inventory cache missing at candidate paths: Resources/library-inventory.json, /Users/isaac/Library/Application Support/LogicProMCP/library-inventory.json. Run logic_library scan, or set LOGIC_PRO_MCP_LIBRARY_INVENTORY to an absolute path under the allowlist (extend via LOGIC_PRO_MCP_INVENTORY_ALLOWLIST if needed). (ResourceHandlers+LibraryInventory.swift:185)
✔ Test "every static resource URI maps to a handler" passed after 20.171 seconds.
◇ Test "every template URI maps to a handler (happy path)" started.
✔ Test "every template URI maps to a handler (happy path)" passed after 0.007 seconds.
◇ Test "every resource declares a priority annotation in [0, 1]" started.
✔ Test "every resource declares a priority annotation in [0, 1]" passed after 0.001 seconds.
◇ Test "system/health has the highest priority (1.0)" started.
✔ Test "system/health has the highest priority (1.0)" passed after 0.001 seconds.
◇ Test "resource annotations use the current public-surface timestamp" started.
✔ Test "resource annotations use the current public-surface timestamp" passed after 0.001 seconds.
◇ Test "logic://mcu/state is always listed — matches the docs + readable surface" started.
✔ Test "logic://mcu/state is always listed — matches the docs + readable surface" passed after 0.001 seconds.
◇ Test "template URIs are parameterized except the exact ADR-003 operation catalog" started.
✔ Test "template URIs are parameterized except the exact ADR-003 operation catalog" passed after 0.001 seconds.
✔ Suite "ResourceProvider" passed after 20.181 seconds.
◇ Test testTracksResponseIncludesAutomation() started.
✔ Test testTracksResponseIncludesAutomation() passed after 0.001 seconds.
◇ Test testTracksResponseIncludesTrimAutomationMode() started.
✔ Test testTracksResponseIncludesTrimAutomationMode() passed after 0.001 seconds.
◇ Test testTransportStateResourceIncludesCachedFields() started.
✔ Test testTransportStateResourceIncludesCachedFields() passed after 0.001 seconds.
◇ Test testTransportStateResourceRefreshesLiveStateBeforeServingCache() started.
✔ Test testTransportStateResourceRefreshesLiveStateBeforeServingCache() passed after 0.001 seconds.
◇ Test testTransportStateResourceMarksCachedFallbackAsUnverifiedWhenLiveRefreshFails() started.
✔ Test testTransportStateResourceMarksCachedFallbackAsUnverifiedWhenLiveRefreshFails() passed after 0.001 seconds.
◇ Test testTransportStateResourceSignalsStaleAfterClose() started.
✔ Test testTransportStateResourceSignalsStaleAfterClose() passed after 0.001 seconds.
◇ Test testMixerResponseIncludesMCUStatus() started.
✔ Test testMixerResponseIncludesMCUStatus() passed after 0.001 seconds.
◇ Test testTrackResourceReturnsRequestedIndex() started.
✔ Test testTrackResourceReturnsRequestedIndex() passed after 0.001 seconds.
◇ Test testTrackResourceRejectsMissingIndex() started.
✔ Test testTrackResourceRejectsMissingIndex() passed after 0.001 seconds.
◇ Test testTracksAndProjectResourcesReturnEmptyDataWhenNoDocumentOpen() started.
[2026-07-16T10:59:49.744Z] [WARN] [process] '/usr/bin/osascript' exceeded 5.0s timeout (pid 77653); sending SIGTERM (BoundedProcessRunner.swift:93)
[2026-07-16T10:59:49.748Z] [ERROR] [appleScript] AppleScript child process failed: timedOut (AppleScriptChannel.swift:492)
[2026-07-16T10:59:49.748Z] [ERROR] [appleScript] AppleScript error: AppleScript error: timedOut (AppleScriptChannel.swift:493)
✔ Test testTracksAndProjectResourcesReturnEmptyDataWhenNoDocumentOpen() passed after 5.437 seconds.
◇ Test testHealthResponseMCUFields() started.
✔ Test testHealthResponseMCUFields() passed after 0.179 seconds.
◇ Test testHealthResponseProcessFields() started.
✔ Test testHealthResponseProcessFields() passed after 0.108 seconds.
◇ Test testHealthResponseOmitsRemovedExternalClickDependencySection() started.
✔ Test testHealthResponseOmitsRemovedExternalClickDependencySection() passed after 0.100 seconds.
◇ Test testMixerResponseIncludesPluginParams() started.
✔ Test testMixerResponseIncludesPluginParams() passed after 0.001 seconds.
◇ Test testProjectInfoResourceIncludesMetadata() started.
✔ Test testProjectInfoResourceIncludesMetadata() passed after 0.111 seconds.
◇ Test testMIDIPortsResourcePassesThroughRouterListing() started.
✔ Test testMIDIPortsResourcePassesThroughRouterListing() passed after 0.001 seconds.
◇ Test testHealthResponseMCUDisconnected() started.
✔ Test testHealthResponseMCUDisconnected() passed after 0.103 seconds.
◇ Test testMCUDisplayState() started.
✔ Test testMCUDisplayState() passed after 0.001 seconds.
◇ Test testHealthResponseFullSchema() started.
✔ Test testHealthResponseFullSchema() passed after 0.115 seconds.
◇ Test testHealthResponseExposesChannelVerificationStatus() started.
✔ Test testHealthResponseExposesChannelVerificationStatus() passed after 0.119 seconds.
◇ Test testSystemHealthToolMatchesResource() started.
✔ Test testSystemHealthToolMatchesResource() passed after 0.232 seconds.
◇ Test testResourceHandlersRejectUnknownURI() started.
✔ Test testResourceHandlersRejectUnknownURI() passed after 0.001 seconds.
◇ Suite "ResourceSubscription" started.
◇ Test "subscription_registry_add_remove_cleanup" started.
✔ Test "subscription_registry_add_remove_cleanup" passed after 0.001 seconds.
◇ Test "unchanged_poll_emits_no_notification" started.
✔ Test "unchanged_poll_emits_no_notification" passed after 0.001 seconds.
◇ Test "changed_payload_emits_single_coalesced_notification" started.
✔ Test "changed_payload_emits_single_coalesced_notification" passed after 0.001 seconds.
◇ Test "volatile_fields_excluded_from_change_hash" started.
✔ Test "volatile_fields_excluded_from_change_hash" passed after 0.001 seconds.
◇ Test "audit_fallback_volatile_fields_excluded_from_change_hash" started.
✔ Test "audit_fallback_volatile_fields_excluded_from_change_hash" passed after 0.001 seconds.
◇ Test "mixer_fallback_volatile_fields_excluded_from_change_hash" started.
✔ Test "mixer_fallback_volatile_fields_excluded_from_change_hash" passed after 0.001 seconds.
◇ Test "unsubscribe_during_read_suppresses_notify_and_hash_update" started.
✔ Test "unsubscribe_during_read_suppresses_notify_and_hash_update" passed after 0.001 seconds.
◇ Test "initialize_subscribe_change_emits_resource_updated_frame" started.
✔ Test "initialize_subscribe_change_emits_resource_updated_frame" passed after 0.045 seconds.
✔ Suite "ResourceSubscription" passed after 0.047 seconds.
◇ Test cacheLive31_realNames_sourceAxLive() started.
✔ Test cacheLive31_realNames_sourceAxLive() passed after 0.001 seconds.
◇ Test cacheEmpty_fileCount31_emits31Placeholders() started.
✔ Test cacheEmpty_fileCount31_emits31Placeholders() passed after 0.001 seconds.
◇ Test placeholderRowsDoNotEmitTargetRefs() started.
✔ Test placeholderRowsDoNotEmitTargetRefs() passed after 0.001 seconds.
◇ Test trackStateJSONDecodeFailsClosedAndTypedRowsKeepTargetRefs() started.
✔ Test trackStateJSONDecodeFailsClosedAndTypedRowsKeepTargetRefs() passed after 0.001 seconds.
◇ Test fallbackNamedRowsDoNotEmitTargetRefs_butExactLiveNameDoes() started.
✔ Test fallbackNamedRowsDoNotEmitTargetRefs_butExactLiveNameDoes() passed after 0.001 seconds.
◇ Test cacheEmpty_fileMissing_emitsEmptyDefault() started.
✔ Test cacheEmpty_fileMissing_emitsEmptyDefault() passed after 0.001 seconds.
◇ Test cacheUnpoisoned_afterPlaceholderEmission() started.
✔ Test cacheUnpoisoned_afterPlaceholderEmission() passed after 0.001 seconds.
◇ Test cacheInspectorContamination_dropAndFallback() started.
✔ Test cacheInspectorContamination_dropAndFallback() passed after 0.001 seconds.
◇ Test cacheInspectorContamination_strictAllColon_dropAndFallback() started.
✔ Test cacheInspectorContamination_strictAllColon_dropAndFallback() passed after 0.001 seconds.
◇ Test cacheLive12_fileSays40_useCache12() started.
✔ Test cacheLive12_fileSays40_useCache12() passed after 0.001 seconds.
◇ Test cachePollerRanButEmpty_filePresent_sourceAxLiveWithFileCount() started.
✔ Test cachePollerRanButEmpty_filePresent_sourceAxLiveWithFileCount() passed after 0.001 seconds.
◇ Suite "Routing audit — keycmd-only invariants" started.
◇ Test "Each declared keycmd-only op has NO CGEventChannel.keyMap shortcut" started.
✔ Test "Each declared keycmd-only op has NO CGEventChannel.keyMap shortcut" passed after 0.001 seconds.
◇ Test "Each declared keycmd-only op IS present in MIDIKeyCommandsChannel.mappingTable" started.
✔ Test "Each declared keycmd-only op IS present in MIDIKeyCommandsChannel.mappingTable" passed after 0.001 seconds.
◇ Test "Each declared keycmd-only op routes via .midiKeyCommands in routingTable" started.
✔ Test "Each declared keycmd-only op routes via .midiKeyCommands in routingTable" passed after 0.001 seconds.
◇ Test "MIDIKeyCommandsChannel health detail enumerates every keycmd-only op" started.
✔ Test "MIDIKeyCommandsChannel health detail enumerates every keycmd-only op" passed after 0.001 seconds.
◇ Test "Every mappingTable op has a routingTable entry" started.
✔ Test "Every mappingTable op has a routingTable entry" passed after 0.001 seconds.
◇ Test "Health detail stays under the 1 KB UTF-8 budget the code comment promises" started.
✔ Test "Health detail stays under the 1 KB UTF-8 budget the code comment promises" passed after 0.001 seconds.
◇ Test "transport.pause routes a working stop channel before MMC" started.
✔ Test "transport.pause routes a working stop channel before MMC" passed after 0.001 seconds.
◇ Test "transport stop and pause prefer CGEvent before AX while already running" started.
✔ Test "transport stop and pause prefer CGEvent before AX while already running" passed after 0.001 seconds.
◇ Test "transport.toggle_autopunch is AX-only and has no set_autopunch sibling" started.
✔ Test "transport.toggle_autopunch is AX-only and has no set_autopunch sibling" passed after 0.001 seconds.
✔ Suite "Routing audit — keycmd-only invariants" passed after 0.001 seconds.
◇ Suite "RoutingGraphTests" started.
◇ Test partialGraphNeverReportsCompleteAndConsistencyRejectsContradiction() started.
✔ Test partialGraphNeverReportsCompleteAndConsistencyRejectsContradiction() passed after 0.001 seconds.
◇ Test occupiedSlotWithoutReplacementRejectsWithoutWriteAttempt() started.
✔ Test occupiedSlotWithoutReplacementRejectsWithoutWriteAttempt() passed after 0.001 seconds.
◇ Test occupiedSlotWithReplacementIsAllowed() started.
✔ Test occupiedSlotWithReplacementIsAllowed() passed after 0.001 seconds.
◇ Test staleEpochRejectsWithoutWriteAttempt() started.
✔ Test staleEpochRejectsWithoutWriteAttempt() passed after 0.001 seconds.
◇ Test duplicateAuxNamesResolveByBusNumberAndNameOnlyRejects() started.
✔ Test duplicateAuxNamesResolveByBusNumberAndNameOnlyRejects() passed after 0.001 seconds.
◇ Test partialGraphRejectsWithoutWriteAttempt() started.
✔ Test partialGraphRejectsWithoutWriteAttempt() passed after 0.001 seconds.
◇ Test unknownDestinationBusRejectsWithoutWriteAttempt() started.
✔ Test unknownDestinationBusRejectsWithoutWriteAttempt() passed after 0.001 seconds.
◇ Test missingSourceAndOutOfRangeSlotRejectWithoutWriteAttempt() started.
✔ Test missingSourceAndOutOfRangeSlotRejectWithoutWriteAttempt() passed after 0.001 seconds.
◇ Test graphDiffDetectsAddedRemovedAndChangedSends() started.
✔ Test graphDiffDetectsAddedRemovedAndChangedSends() passed after 0.001 seconds.
◇ Test graphDiffDetectsInputAndOutputChanges() started.
✔ Test graphDiffDetectsInputAndOutputChanges() passed after 0.001 seconds.
◇ Test routingGraphCodableRoundTrip() started.
✔ Test routingGraphCodableRoundTrip() passed after 0.001 seconds.
◇ Test adr008FeatureFlagDefaultsToFalse() started.
✔ Test adr008FeatureFlagDefaultsToFalse() passed after 0.001 seconds.
✔ Suite "RoutingGraphTests" passed after 0.002 seconds.
◇ Suite "SIGPIPE regression (#P0 broken-pipe survival)" started.
◇ Test "broken-pipe write returns EPIPE(32) and the process survives" started.
✔ Test "broken-pipe write returns EPIPE(32) and the process survives" passed after 0.001 seconds.
✔ Suite "SIGPIPE regression (#P0 broken-pipe survival)" passed after 0.001 seconds.
◇ Test testSMFReaderParsesRunningStatus() started.
✔ Test testSMFReaderParsesRunningStatus() passed after 0.001 seconds.
◇ Test testSMFReaderTreatsVelocityZeroNoteOnAsNoteOff() started.
✔ Test testSMFReaderTreatsVelocityZeroNoteOnAsNoteOff() passed after 0.001 seconds.
◇ Test testSMFReaderKeepsSamePitchOverlapsSeparate() started.
✔ Test testSMFReaderKeepsSamePitchOverlapsSeparate() passed after 0.001 seconds.
◇ Test testSMFReaderRejectsSMPTEDivision() started.
✔ Test testSMFReaderRejectsSMPTEDivision() passed after 0.001 seconds.
◇ Test testSMFReaderRejectsVLQAndTrackLengthBounds() started.
✔ Test testSMFReaderRejectsVLQAndTrackLengthBounds() passed after 0.001 seconds.
◇ Test testSMFReaderRequiresEndOfTrackEvent() started.
✔ Test testSMFReaderRequiresEndOfTrackEvent() passed after 0.001 seconds.
◇ Test testSMFReaderRejectsEndOfTrackWithPayload() started.
✔ Test testSMFReaderRejectsEndOfTrackWithPayload() passed after 0.001 seconds.
◇ Test testSMFReaderRejectsEventBytesAfterEndOfTrack() started.
✔ Test testSMFReaderRejectsEventBytesAfterEndOfTrack() passed after 0.001 seconds.
◇ Test testSMFReaderRejectsEventPayloadTruncatedAtTrackEnd() started.
✔ Test testSMFReaderRejectsEventPayloadTruncatedAtTrackEnd() passed after 0.001 seconds.
◇ Test testSMFReaderUsesFractionalTicksPerBeat() started.
✔ Test testSMFReaderUsesFractionalTicksPerBeat() passed after 0.001 seconds.
◇ Test testSMFReaderIntegratesDurationAcrossTimeSignatureChanges() started.
✔ Test testSMFReaderIntegratesDurationAcrossTimeSignatureChanges() passed after 0.001 seconds.
◇ Test testSMFReaderMergesFormat1TempoAndTimeSignatureTrack() started.
✔ Test testSMFReaderMergesFormat1TempoAndTimeSignatureTrack() passed after 0.001 seconds.
◇ Test testSMFReaderOutputsOneBasedChannels() started.
✔ Test testSMFReaderOutputsOneBasedChannels() passed after 0.001 seconds.
◇ Test testSMFReaderFailsClosedOnMalformedFileWithoutPartialResults() started.
✔ Test testSMFReaderFailsClosedOnMalformedFileWithoutPartialResults() passed after 0.001 seconds.
◇ Test testSMFReaderRoundTripsSMFWriterOutput() started.
✔ Test testSMFReaderRoundTripsSMFWriterOutput() passed after 0.001 seconds.
◇ Test testSMFWriter68BarOffsetUsesDenominatorAwareBeat() started.
✔ Test testSMFWriter68BarOffsetUsesDenominatorAwareBeat() passed after 0.001 seconds.
◇ Test testSMFWriter44BarOffsetUnchangedByDenominatorFix() started.
✔ Test testSMFWriter44BarOffsetUnchangedByDenominatorFix() passed after 0.001 seconds.
◇ Test testSMFWriter34BarOffsetUsesQuarterBeat() started.
✔ Test testSMFWriter34BarOffsetUsesQuarterBeat() passed after 0.001 seconds.
◇ Test testSMFWriter716BarOffset() started.
✔ Test testSMFWriter716BarOffset() passed after 0.001 seconds.
◇ Test testSMFWriterZeroOrNaNBPMDoesNotTrapAndFallsBackTo120() started.
✔ Test testSMFWriterZeroOrNaNBPMDoesNotTrapAndFallsBackTo120() passed after 0.001 seconds.
◇ Test testSMFWriterOversizedNumeratorClampsWithoutTrapping() started.
✔ Test testSMFWriterOversizedNumeratorClampsWithoutTrapping() passed after 0.001 seconds.
◇ Test testSMFWriterZeroDenominatorDoesNotDivideByZeroAndFallsBackTo4() started.
✔ Test testSMFWriterZeroDenominatorDoesNotDivideByZeroAndFallsBackTo4() passed after 0.001 seconds.
◇ Test testSMFWriterGeneratesValidHeader() started.
✔ Test testSMFWriterGeneratesValidHeader() passed after 0.001 seconds.
◇ Test testSMFWriterTempoMetaEvent() started.
✔ Test testSMFWriterTempoMetaEvent() passed after 0.001 seconds.
◇ Test testSMFWriterTimeSignatureMetaEvent() started.
✔ Test testSMFWriterTimeSignatureMetaEvent() passed after 0.001 seconds.
◇ Test testSMFWriterNoteEventsAtCorrectTicks() started.
✔ Test testSMFWriterNoteEventsAtCorrectTicks() passed after 0.001 seconds.
◇ Test testSMFWriterEmitsPaddingCCWhenBarOffsetIsNonZero() started.
✔ Test testSMFWriterEmitsPaddingCCWhenBarOffsetIsNonZero() passed after 0.001 seconds.
◇ Test testSMFWriterNoPaddingWhenBarIsOne() started.
✔ Test testSMFWriterNoPaddingWhenBarIsOne() passed after 0.001 seconds.
◇ Test testSMFWriterBarOffset() started.
✔ Test testSMFWriterBarOffset() passed after 0.001 seconds.
◇ Test testSMFWriterMsToTicksRoundHalfUp() started.
✔ Test testSMFWriterMsToTicksRoundHalfUp() passed after 0.001 seconds.
◇ Test testSMFWriterRejectsEmptyEvents() started.
✔ Test testSMFWriterRejectsEmptyEvents() passed after 0.001 seconds.
◇ Test testSMFWriterRejectsInvalidPitch() started.
✔ Test testSMFWriterRejectsInvalidPitch() passed after 0.001 seconds.
◇ Test testSMFWriterAccepts1024Notes() started.
✔ Test testSMFWriterAccepts1024Notes() passed after 0.001 seconds.
◇ Test testSMFWriterEndOfTrack() started.
✔ Test testSMFWriterEndOfTrack() passed after 0.001 seconds.
◇ Test testSMFWriterChordEvents() started.
✔ Test testSMFWriterChordEvents() passed after 0.001 seconds.
◇ Test testSMFWriterCleanupDeletesOwnedDirectoriesWithoutTouchingUnrelatedMIDIFiles() started.
✔ Test testSMFWriterCleanupDeletesOwnedDirectoriesWithoutTouchingUnrelatedMIDIFiles() passed after 0.003 seconds.
◇ Test testSMFWriterCleanupDeletesLegacyManagedMIDIFilesOnlyWhenScopedToLegacyDirectory() started.
✔ Test testSMFWriterCleanupDeletesLegacyManagedMIDIFilesOnlyWhenScopedToLegacyDirectory() passed after 0.001 seconds.
◇ Test testSMFWriterCleanupHandlesMissingDir() started.
✔ Test testSMFWriterCleanupHandlesMissingDir() passed after 0.001 seconds.
◇ Test testSMFWriterTemporaryMIDIFileAvoidsLegacySymlinkDirectory() started.
✔ Test testSMFWriterTemporaryMIDIFileAvoidsLegacySymlinkDirectory() passed after 0.002 seconds.
◇ Suite "Production saga execution" started.
◇ Test allowlistedOperationRunsThroughDispatcherAndReadsCorrectField(_:) started.
◇ Passing 1 argument operationID → .tracksRename to allowlistedOperationRunsThroughDispatcherAndReadsCorrectField(_:)
◇ Passing 1 argument operationID → .mixerSetVolume to allowlistedOperationRunsThroughDispatcherAndReadsCorrectField(_:)
◇ Passing 1 argument operationID → .mixerSetPan to allowlistedOperationRunsThroughDispatcherAndReadsCorrectField(_:)
◇ Passing 1 argument operationID → .tracksMute to allowlistedOperationRunsThroughDispatcherAndReadsCorrectField(_:)
◇ Passing 1 argument operationID → .tracksSolo to allowlistedOperationRunsThroughDispatcherAndReadsCorrectField(_:)
◇ Passing 1 argument operationID → .tracksArm to allowlistedOperationRunsThroughDispatcherAndReadsCorrectField(_:)
✔ Test allowlistedOperationRunsThroughDispatcherAndReadsCorrectField(_:) passed after 0.003 seconds.
◇ Test "non-allowlisted operations fail closed without dispatch" started.
✔ Test "non-allowlisted operations fail closed without dispatch" passed after 0.001 seconds.
◇ Test "target references fail closed when ADR-002 resolution is disabled" started.
✔ Test "target references fail closed when ADR-002 resolution is disabled" passed after 0.001 seconds.
◇ Test "track dispatcher receives the injected dialog dependency" started.
✔ Test "track dispatcher receives the injected dialog dependency" passed after 0.001 seconds.
◇ Test "State C mapping table is explicit and conservative" started.
✔ Test "State C mapping table is explicit and conservative" passed after 0.001 seconds.
◇ Test "malformed HC envelopes are treated as ambiguous failures" started.
✔ Test "malformed HC envelopes are treated as ambiguous failures" passed after 0.001 seconds.
◇ Test "invalid params and stale target fail before dispatcher write" started.
✔ Test "invalid params and stale target fail before dispatcher write" passed after 0.001 seconds.
◇ Test "before-state capture is all-or-nothing" started.
✔ Test "before-state capture is all-or-nothing" passed after 0.001 seconds.
◇ Test "engine compensates every applied prefix in reverse" started.
✔ Test "engine compensates every applied prefix in reverse" passed after 0.004 seconds.
✔ Suite "Production saga execution" passed after 0.011 seconds.
◇ Suite "Saga public MCP surface" started.
◇ Test "saga wire rejects unknown keys, wrong types, and blank keys before writes" started.
✔ Test "saga wire rejects unknown keys, wrong types, and blank keys before writes" passed after 0.004 seconds.
◇ Test "preflight reports engine issues and guarantees zero writes" started.
✔ Test "preflight reports engine issues and guarantees zero writes" passed after 0.001 seconds.
◇ Test "saga_status registry keys match its in-process exact parser" started.
✔ Test "saga_status registry keys match its in-process exact parser" passed after 0.001 seconds.
◇ Test "status and cancel return typed missing-record failures" started.
✔ Test "status and cancel return typed missing-record failures" passed after 0.001 seconds.
◇ Test "logic_system documents the four saga commands and honest limits" started.
✔ Test "logic_system documents the four saga commands and honest limits" passed after 0.001 seconds.
◇ Test "preflight reports per-step before-state availability and an unavailable issue" started.
✔ Test "preflight reports per-step before-state availability and an unavailable issue" passed after 0.001 seconds.
◇ Test "two-step execute returns State A with per-step evidence" started.
✔ Test "two-step execute returns State A with per-step evidence" passed after 0.006 seconds.
◇ Test "surface refreshes observed state after a verified channel write" started.
✔ Test "surface refreshes observed state after a verified channel write" passed after 0.003 seconds.
◇ Test "second-step failure stays State C after reverse compensation" started.
✔ Test "second-step failure stays State C after reverse compensation" passed after 0.014 seconds.
◇ Test "an idempotency key cannot replay a different plan" started.
✔ Test "an idempotency key cannot replay a different plan" passed after 0.004 seconds.
◇ Test "execute classifies unavailable before-state separately from malformed input" started.
✔ Test "execute classifies unavailable before-state separately from malformed input" passed after 0.001 seconds.
◇ Test "execute preserves feature-disabled and stale-target failure classes" started.
✔ Test "execute preserves feature-disabled and stale-target failure classes" passed after 0.005 seconds.
◇ Test "failed compensation returns State B with reconciliation evidence" started.
✔ Test "failed compensation returns State B with reconciliation evidence" passed after 0.005 seconds.
◇ Test "completed idempotency key returns the stored outcome and status without re-execution" started.
✔ Test "completed idempotency key returns the stored outcome and status without re-execution" passed after 0.008 seconds.
◇ Test "bounded journal rejects new keys without evicting completed outcomes" started.
✔ Test "bounded journal rejects new keys without evicting completed outcomes" passed after 0.025 seconds.
◇ Test "session clear invalidates late journal completion" started.
✔ Test "session clear invalidates late journal completion" passed after 0.001 seconds.
◇ Test "an in-progress idempotency key remains bound to its original plan" started.
✔ Test "an in-progress idempotency key remains bound to its original plan" passed after 0.001 seconds.
◇ Test "task cancellation prevents the next surface step dispatch" started.
✔ Test "task cancellation prevents the next surface step dispatch" passed after 0.001 seconds.
◇ Test "saga mutation gate is never stale-reclaimed before explicit release" started.
✔ Test "saga mutation gate is never stale-reclaimed before explicit release" passed after 0.001 seconds.
◇ Test "saga deadline responses preserve session journal disclosure" started.
✔ Test "saga deadline responses preserve session journal disclosure" passed after 0.003 seconds.
◇ Test "in-progress execute is typed and cancel is honestly unsupported" started.
✔ Test "in-progress execute is typed and cancel is honestly unsupported" passed after 0.001 seconds.
◇ Test "execute trace crosses the surface boundary before first step dispatch" started.
✔ Test "execute trace crosses the surface boundary before first step dispatch" passed after 0.002 seconds.
◇ Test "execute trace stays before the boundary when downstream validation refuses dispatch" started.
✔ Test "execute trace stays before the boundary when downstream validation refuses dispatch" passed after 0.002 seconds.
◇ Test "MCP protocol routes saga commands through logic_system" started.
✔ Test "MCP protocol routes saga commands through logic_system" passed after 0.080 seconds.
✔ Suite "Saga public MCP surface" passed after 0.177 seconds.
◇ Test testResolvePathMissingCacheReturnsReason() started.
✔ Test testResolvePathMissingCacheReturnsReason() passed after 0.001 seconds.
◇ Test testResolvePathReturnsPanelSourceAndLoadableTrueForMatch() started.
✔ Test testResolvePathReturnsPanelSourceAndLoadableTrueForMatch() passed after 0.001 seconds.
◇ Test testResolvePathReturnsPanelFolderAsNonLoadable() started.
✔ Test testResolvePathReturnsPanelFolderAsNonLoadable() passed after 0.001 seconds.
◇ Test testResolvePathReturnsDiskLeafAsLoadableCandidateWithoutPanelCache() started.
✔ Test testResolvePathReturnsDiskLeafAsLoadableCandidateWithoutPanelCache() passed after 0.001 seconds.
◇ Test testResolvePathUsesDiskTreeToDisambiguateShallowPanelFolderRows() started.
✔ Test testResolvePathUsesDiskTreeToDisambiguateShallowPanelFolderRows() passed after 0.001 seconds.
◇ Test testResolvePathAfterBothScanReturnsPanelLoadableForPanelPaths() started.
✔ Test testResolvePathAfterBothScanReturnsPanelLoadableForPanelPaths() passed after 0.001 seconds.
◇ Test testResolvePathReturnsDiskOnlyWithLoadableFalse() started.
✔ Test testResolvePathReturnsDiskOnlyWithLoadableFalse() passed after 0.001 seconds.
◇ Suite "v3.0.6 library.scan_all mode routing" started.
◇ Test "default (nil) → disk" started.
✔ Test "default (nil) → disk" passed after 0.001 seconds.
◇ Test "empty string → disk" started.
✔ Test "empty string → disk" passed after 0.001 seconds.
◇ Test "explicit ax → ax" started.
✔ Test "explicit ax → ax" passed after 0.001 seconds.
◇ Test "explicit disk → disk" started.
✔ Test "explicit disk → disk" passed after 0.001 seconds.
◇ Test "explicit both → both" started.
✔ Test "explicit both → both" passed after 0.001 seconds.
◇ Test "mixed case (AX, Disk, Both) — normalized to lowercase variant" started.
✔ Test "mixed case (AX, Disk, Both) — normalized to lowercase variant" passed after 0.001 seconds.
◇ Test "unknown mode falls back to disk" started.
✔ Test "unknown mode falls back to disk" passed after 0.001 seconds.
◇ Test "regression: unattended default does not click through live AX panel" started.
✔ Test "regression: unattended default does not click through live AX panel" passed after 0.001 seconds.
✔ Suite "v3.0.6 library.scan_all mode routing" passed after 0.001 seconds.
◇ Test testScripterParamToCC() started.
✔ Test testScripterParamToCC() passed after 0.001 seconds.
◇ Test testScripterParamRange() started.
✔ Test testScripterParamRange() passed after 0.001 seconds.
◇ Test testScripterValueNormalize() started.
✔ Test testScripterValueNormalize() passed after 0.001 seconds.
◇ Test testScripterOutOfRange() started.
✔ Test testScripterOutOfRange() passed after 0.001 seconds.
◇ Test testScripterChannel16() started.
✔ Test testScripterChannel16() passed after 0.001 seconds.
◇ Test testScripterHealthReflectsTransportReadiness() started.
[2026-07-16T10:59:51.520Z] [INFO] [scripter] Scripter channel started (CC 102-119 on CH 16) — Mock Scripter transport ready (ScripterChannel.swift:33)
✔ Test testScripterHealthReflectsTransportReadiness() passed after 0.001 seconds.
◇ Test testScripterHealthBecomesRuntimeReadyAfterApproval() started.
[2026-07-16T10:59:51.520Z] [INFO] [scripter] Scripter channel started (CC 102-119 on CH 16) — Mock Scripter transport ready (ScripterChannel.swift:33)
✔ Test testScripterHealthBecomesRuntimeReadyAfterApproval() passed after 0.001 seconds.
◇ Test testScripterRejectsUnsupportedOperation() started.
✔ Test testScripterRejectsUnsupportedOperation() passed after 0.001 seconds.
◇ Test testScripterExecuteSurfacesTransportSendFailure() started.
✔ Test testScripterExecuteSurfacesTransportSendFailure() passed after 0.001 seconds.
◇ Test testScripterRejectsUnsupportedInsertAndOutOfRangeParam() started.
✔ Test testScripterRejectsUnsupportedInsertAndOutOfRangeParam() passed after 0.001 seconds.
◇ Test testScripterRejectsOutOfRangeValueWithoutClamping() started.
✔ Test testScripterRejectsOutOfRangeValueWithoutClamping() passed after 0.001 seconds.
◇ Suite "SelectorAtlasTests" started.
◇ Test uniqueMatchIsMutationSafe() started.
✔ Test uniqueMatchIsMutationSafe() passed after 0.001 seconds.
◇ Test duplicateMatchesFailClosedWithoutChoosingFirst() started.
✔ Test duplicateMatchesFailClosedWithoutChoosingFirst() passed after 0.001 seconds.
◇ Test noMatchFailsClosed() started.
✔ Test noMatchFailsClosed() passed after 0.001 seconds.
◇ Test unsupportedSignatureFailsClosed() started.
✔ Test unsupportedSignatureFailsClosed() passed after 0.001 seconds.
◇ Test identifierEvidenceOutranksGeometry() started.
✔ Test identifierEvidenceOutranksGeometry() passed after 0.001 seconds.
◇ Test geometryAloneCannotReachHighConfidence() started.
✔ Test geometryAloneCannotReachHighConfidence() passed after 0.001 seconds.
◇ Test confidenceDropAndMissingSelectorsReportAffectedOperations() started.
✔ Test confidenceDropAndMissingSelectorsReportAffectedOperations() passed after 0.001 seconds.
◇ Test qualificationReusePolicyFailsClosedOnUnsafeDrift() started.
✔ Test qualificationReusePolicyFailsClosedOnUnsafeDrift() passed after 0.001 seconds.
◇ Test fingerprintRoundTripsWithoutNameFields() started.
✔ Test fingerprintRoundTripsWithoutNameFields() passed after 0.001 seconds.
◇ Test selectorIDsAreCompleteAndFeatureFlagDefaultsOff() started.
✔ Test selectorIDsAreCompleteAndFeatureFlagDefaultsOff() passed after 0.001 seconds.
✔ Suite "SelectorAtlasTests" passed after 0.001 seconds.
◇ Suite "SerializedStdioTransport" started.
◇ Test "concurrent large sends never interleave frames on the wire" started.
✔ Test "concurrent large sends never interleave frames on the wire" passed after 0.012 seconds.
◇ Test "receive() frames newline-delimited input and finishes on EOF" started.
✔ Test "receive() frames newline-delimited input and finishes on EOF" passed after 0.001 seconds.
◇ Test "notifications_do_not_corrupt_concurrent_frames" started.
✔ Test "notifications_do_not_corrupt_concurrent_frames" passed after 0.022 seconds.
✔ Suite "SerializedStdioTransport" passed after 0.035 seconds.
◇ Suite "Session plan generator — parsing" started.
◇ Test "extracts tempo, key, scale, genre, and bar count from funk prompt" started.
✔ Test "extracts tempo, key, scale, genre, and bar count from funk prompt" passed after 0.001 seconds.
◇ Test "extracts flat major keys and lo-fi defaults" started.
✔ Test "extracts flat major keys and lo-fi defaults" passed after 0.001 seconds.
◇ Test "uses genre defaults when prompt omits tempo" started.
✔ Test "uses genre defaults when prompt omits tempo" passed after 0.001 seconds.
◇ Test "tempo extraction is case-insensitive and honors mixed-case BPM" started.
✔ Test "tempo extraction is case-insensitive and honors mixed-case BPM" passed after 0.001 seconds.
◇ Test "out-of-range tempo falls back to the genre default, never false prompt confidence" started.
✔ Test "out-of-range tempo falls back to the genre default, never false prompt confidence" passed after 0.001 seconds.
◇ Test "adjectives ending in a note letter never produce a phantom key" started.
✔ Test "adjectives ending in a note letter never produce a phantom key" passed after 0.001 seconds.
◇ Test "bar regex anchors so substrings and word prefixes do not match" started.
✔ Test "bar regex anchors so substrings and word prefixes do not match" passed after 0.001 seconds.
◇ Test "invalid time signatures fall back to 4/4 with default confidence" started.
✔ Test "invalid time signatures fall back to 4/4 with default confidence" passed after 0.001 seconds.
◇ Test "mood detection matches whole words only" started.
✔ Test "mood detection matches whole words only" passed after 0.001 seconds.
✔ Suite "Session plan generator — parsing" passed after 0.005 seconds.
◇ Suite "Session plan generator — arrangement" started.
◇ Test "generates sections for 16-bar and 32-bar prompts" started.
✔ Test "generates sections for 16-bar and 32-bar prompts" passed after 0.001 seconds.
◇ Test "generates deterministic minor and major chord plans" started.
✔ Test "generates deterministic minor and major chord plans" passed after 0.001 seconds.
◇ Test "track plan uses the issue 31 catalog when those resources are registered" started.
✔ Test "track plan uses the issue 31 catalog when those resources are registered" passed after 0.001 seconds.
◇ Test "every catalog resource the planner emits resolves to a real issue-31 catalog entry" started.
✔ Test "every catalog resource the planner emits resolves to a real issue-31 catalog entry" passed after 0.001 seconds.
✔ Suite "Session plan generator — arrangement" passed after 0.001 seconds.
◇ Suite "Session plan generator — safety" started.
◇ Test "workflow steps validate against the public command surface" started.
✔ Test "workflow steps validate against the public command surface" passed after 0.001 seconds.
◇ Test "planning-only resource never marks proposed tool steps as executed" started.
✔ Test "planning-only resource never marks proposed tool steps as executed" passed after 0.001 seconds.
◇ Test "third-party plugin requests are reported as unsupported" started.
✔ Test "third-party plugin requests are reported as unsupported" passed after 0.001 seconds.
◇ Test "empty and whitespace prompts return the unsupported planning-only contract" started.
✔ Test "empty and whitespace prompts return the unsupported planning-only contract" passed after 0.001 seconds.
◇ Test "validateWorkflowSteps rejects an unknown public command" started.
✔ Test "validateWorkflowSteps rejects an unknown public command" passed after 0.001 seconds.
◇ Test "validateWorkflowSteps rejects a mutating step lacking confirmation metadata" started.
✔ Test "validateWorkflowSteps rejects a mutating step lacking confirmation metadata" passed after 0.001 seconds.
◇ Test "validateWorkflowSteps rejects a step marked executed — the last line of defense" started.
✔ Test "validateWorkflowSteps rejects a step marked executed — the last line of defense" passed after 0.001 seconds.
✔ Suite "Session plan generator — safety" passed after 0.002 seconds.
◇ Suite "Session plan generator — adversarial intent parsing" started.
◇ Test "empty and whitespace prompts are deterministic, unsupported, and non-mutating" started.
✔ Test "empty and whitespace prompts are deterministic, unsupported, and non-mutating" passed after 0.001 seconds.
◇ Test "a multi-kilobyte prompt parses into a bounded, well-formed plan" started.
✔ Test "a multi-kilobyte prompt parses into a bounded, well-formed plan" passed after 0.008 seconds.
◇ Test "emoji and CJK content parses without trapping and uses documented fallbacks" started.
✔ Test "emoji and CJK content parses without trapping and uses documented fallbacks" passed after 0.001 seconds.
◇ Test "conflicting genres lock the first-match priority contract" started.
✔ Test "conflicting genres lock the first-match priority contract" passed after 0.001 seconds.
◇ Test "conflicting keys lock the first-regex-match contract" started.
✔ Test "conflicting keys lock the first-regex-match contract" passed after 0.001 seconds.
◇ Test "injection-like tokens are treated as data, never as workflow commands" started.
✔ Test "injection-like tokens are treated as data, never as workflow commands" passed after 0.001 seconds.
✔ Suite "Session plan generator — adversarial intent parsing" passed after 0.010 seconds.
◇ Suite "Session plan generator — resources" started.
◇ Test "workflow plan resource returns schema-first dry-run JSON" started.
✔ Test "workflow plan resource returns schema-first dry-run JSON" passed after 0.001 seconds.
◇ Test "workflow plan resource serializes status, params, required_confirmations, and provenance" started.
✔ Test "workflow plan resource serializes status, params, required_confirmations, and provenance" passed after 0.001 seconds.
◇ Test "workflow plan URI routing fails closed on malformed inputs" started.
✔ Test "workflow plan URI routing fails closed on malformed inputs" passed after 0.001 seconds.
◇ Test "prompt query is percent-decoded exactly once" started.
✔ Test "prompt query is percent-decoded exactly once" passed after 0.001 seconds.
✔ Suite "Session plan generator — resources" passed after 0.002 seconds.
◇ Test test_t1_schema_is_v4() started.
✔ Test test_t1_schema_is_v4() passed after 0.001 seconds.
◇ Test test_t1_each_check_has_category_severity_duration() started.
✔ Test test_t1_each_check_has_category_severity_duration() passed after 0.001 seconds.
◇ Test test_t1_severity_mapping_total() started.
✔ Test test_t1_severity_mapping_total() passed after 0.001 seconds.
◇ Test test_t1_category_mapping_complete() started.
✔ Test test_t1_category_mapping_complete() passed after 0.001 seconds.
◇ Test test_t1_summary_counts_invariant() started.
✔ Test test_t1_summary_counts_invariant() passed after 0.001 seconds.
◇ Test test_t1_summary_status_formula_degraded() started.
✔ Test test_t1_summary_status_formula_degraded() passed after 0.001 seconds.
◇ Test test_t1_summary_status_formula_ok() started.
✔ Test test_t1_summary_status_formula_ok() passed after 0.001 seconds.
◇ Test test_t1_optional_skip_does_not_degrade_aggregate() started.
✔ Test test_t1_optional_skip_does_not_degrade_aggregate() passed after 0.001 seconds.
◇ Test test_t1_claude_desktop_absent_is_optional_skip() started.
✔ Test test_t1_claude_desktop_absent_is_optional_skip() passed after 0.001 seconds.
◇ Test test_t1_summary_duration_is_sum_of_per_check() started.
✔ Test test_t1_summary_duration_is_sum_of_per_check() passed after 0.001 seconds.
◇ Test test_t1_monotonicity_chokepoint_accessibility() started.
✔ Test test_t1_monotonicity_chokepoint_accessibility() passed after 0.001 seconds.
◇ Test test_t1_monotonicity_chokepoint_automation_logic_pro() started.
✔ Test test_t1_monotonicity_chokepoint_automation_logic_pro() passed after 0.001 seconds.
◇ Test test_t1_monotonicity_chokepoint_system_events() started.
✔ Test test_t1_monotonicity_chokepoint_system_events() passed after 0.001 seconds.
◇ Test test_t1_headline_names_highest_severity() started.
✔ Test test_t1_headline_names_highest_severity() passed after 0.001 seconds.
◇ Test test_t1_headline_healthy_when_all_pass() started.
✔ Test test_t1_headline_healthy_when_all_pass() passed after 0.001 seconds.
◇ Test test_t1_e10a_v2_json_contains_literal_v1_keys() started.
✔ Test test_t1_e10a_v2_json_contains_literal_v1_keys() passed after 0.001 seconds.
◇ Test test_t1_e10b_v2_decodes_with_frozen_v1_struct() started.
✔ Test test_t1_e10b_v2_decodes_with_frozen_v1_struct() passed after 0.001 seconds.
◇ Test test_t2_system_events_pass() started.
✔ Test test_t2_system_events_pass() passed after 0.001 seconds.
◇ Test test_t2_system_events_fail_and_remediation() started.
✔ Test test_t2_system_events_fail_and_remediation() passed after 0.001 seconds.
◇ Test test_t2_system_events_manual_on_not_verifiable() started.
✔ Test test_t2_system_events_manual_on_not_verifiable() passed after 0.001 seconds.
◇ Test test_t2_system_events_independent_of_logic_pro_automation() started.
✔ Test test_t2_system_events_independent_of_logic_pro_automation() passed after 0.001 seconds.
◇ Test test_t2_system_events_fail_independent_of_logic_automation() started.
✔ Test test_t2_system_events_fail_independent_of_logic_automation() passed after 0.001 seconds.
◇ Test test_t2_macos_pass_ge_14() started.
✔ Test test_t2_macos_pass_ge_14() passed after 0.001 seconds.
◇ Test test_t2_macos_pass_future() started.
✔ Test test_t2_macos_pass_future() passed after 0.001 seconds.
◇ Test test_t2_macos_fail_lt_14() started.
✔ Test test_t2_macos_fail_lt_14() passed after 0.001 seconds.
◇ Test test_t2_macos_skipped_unreadable() started.
✔ Test test_t2_macos_skipped_unreadable() passed after 0.001 seconds.
◇ Test test_t2_system_events_denial_makes_report_failed() started.
✔ Test test_t2_system_events_denial_makes_report_failed() passed after 0.001 seconds.
◇ Test test_t3_default_render_shape() started.
✔ Test test_t3_default_render_shape() passed after 0.001 seconds.
◇ Test test_t3_verbose_render_adds_evidence_and_duration() started.
✔ Test test_t3_verbose_render_adds_evidence_and_duration() passed after 0.001 seconds.
◇ Test test_t3_quiet_render_only_nonpass() started.
✔ Test test_t3_quiet_render_only_nonpass() passed after 0.001 seconds.
◇ Test test_t3_color_on_tty() started.
✔ Test test_t3_color_on_tty() passed after 0.001 seconds.
◇ Test test_t3_plain_when_not_tty() started.
✔ Test test_t3_plain_when_not_tty() passed after 0.001 seconds.
◇ Test test_t3_headline_render_nonpass() started.
✔ Test test_t3_headline_render_nonpass() passed after 0.001 seconds.
◇ Test test_t3_entrypoint_json_beats_verbose() started.
✔ Test test_t3_entrypoint_json_beats_verbose() passed after 0.007 seconds.
◇ Test test_t3_entrypoint_verbose_beats_quiet() started.
✔ Test test_t3_entrypoint_verbose_beats_quiet() passed after 0.003 seconds.
◇ Test test_t3_entrypoint_plain_when_no_color_env_even_on_tty() started.
✔ Test test_t3_entrypoint_plain_when_no_color_env_even_on_tty() passed after 0.002 seconds.
◇ Test test_t3_entrypoint_color_on_tty_without_no_color() started.
✔ Test test_t3_entrypoint_color_on_tty_without_no_color() passed after 0.002 seconds.
◇ Test test_t3_entrypoint_exit_code_verbosity_independent() started.
✔ Test test_t3_entrypoint_exit_code_verbosity_independent() passed after 0.007 seconds.
◇ Test test_t2_entrypoint_system_events_denied_exits_1() started.
✔ Test test_t2_entrypoint_system_events_denied_exits_1() passed after 0.002 seconds.
◇ Test test_t4_entrypoint_default_run_has_no_update_check() started.
✔ Test test_t4_entrypoint_default_run_has_no_update_check() passed after 0.002 seconds.
◇ Test test_t4_no_update_check_without_lookup() started.
✔ Test test_t4_no_update_check_without_lookup() passed after 0.001 seconds.
◇ Test test_t4_update_pass_when_current() started.
✔ Test test_t4_update_pass_when_current() passed after 0.001 seconds.
◇ Test test_t4_update_warn_when_behind() started.
✔ Test test_t4_update_warn_when_behind() passed after 0.001 seconds.
◇ Test test_t4_update_skipped_outcomes() started.
✔ Test test_t4_update_skipped_outcomes() passed after 0.004 seconds.
◇ Test test_t4_update_evidence_redaction_keyset() started.
✔ Test test_t4_update_evidence_redaction_keyset() passed after 0.004 seconds.
◇ Test test_t4_update_skipped_degrades_aggregate() started.
✔ Test test_t4_update_skipped_degrades_aggregate() passed after 0.001 seconds.
◇ Test test_t4_compare_versions_numeric_not_lexicographic() started.
✔ Test test_t4_compare_versions_numeric_not_lexicographic() passed after 0.001 seconds.
◇ Test test_t4_normalize_version_strips_v() started.
✔ Test test_t4_normalize_version_strips_v() passed after 0.001 seconds.
◇ Test test_t4_normalize_version_strips_prerelease_suffix() started.
✔ Test test_t4_normalize_version_strips_prerelease_suffix() passed after 0.001 seconds.
◇ Test test_t4_parse_latest_tag() started.
✔ Test test_t4_parse_latest_tag() passed after 0.001 seconds.
◇ Test test_t4_update_warn_strips_prerelease_and_compares_numeric() started.
✔ Test test_t4_update_warn_strips_prerelease_and_compares_numeric() passed after 0.001 seconds.
◇ Test test_t1_clamp_status_for_permissions_owns_invariant() started.
✔ Test test_t1_clamp_status_for_permissions_owns_invariant() passed after 0.001 seconds.
◇ Test test_t3_headline_not_healthy_when_degraded_skipped_only() started.
✔ Test test_t3_headline_not_healthy_when_degraded_skipped_only() passed after 0.001 seconds.
◇ Test test_t4_update_unparseable_tag_is_skipped_not_false_pass() started.
✔ Test test_t4_update_unparseable_tag_is_skipped_not_false_pass() passed after 0.003 seconds.
◇ Test test_t1_summary_counts_invariant_with_update_check_14() started.
✔ Test test_t1_summary_counts_invariant_with_update_check_14() passed after 0.001 seconds.
◇ Test test_t4_entrypoint_check_updates_flag_surfaces_update_check() started.
✔ Test test_t4_entrypoint_check_updates_flag_surfaces_update_check() passed after 0.003 seconds.
◇ Test test_t1_duration_ms_is_whole_milliseconds() started.
✔ Test test_t1_duration_ms_is_whole_milliseconds() passed after 0.001 seconds.
◇ Test test_t1v3_schema_is_v4() started.
✔ Test test_t1v3_schema_is_v4() passed after 0.001 seconds.
◇ Test test_t1v3_blocked_by_omitted_when_nil() started.
✔ Test test_t1v3_blocked_by_omitted_when_nil() passed after 0.001 seconds.
◇ Test test_t1v3_blocked_by_present_when_set() started.
✔ Test test_t1v3_blocked_by_present_when_set() passed after 0.001 seconds.
◇ Test test_t1v3_fix_plan_membership_excludes_pass_and_skipped() started.
✔ Test test_t1v3_fix_plan_membership_excludes_pass_and_skipped() passed after 0.001 seconds.
◇ Test test_t1v3_fix_plan_includes_fail_warn_manual() started.
✔ Test test_t1v3_fix_plan_includes_fail_warn_manual() passed after 0.001 seconds.
◇ Test test_t1v3_fix_plan_order_two_tier_and_headline_agree() started.
✔ Test test_t1v3_fix_plan_order_two_tier_and_headline_agree() passed after 0.001 seconds.
◇ Test test_t1v3_headline_id_equals_fix_plan_first() started.
✔ Test test_t1v3_headline_id_equals_fix_plan_first() passed after 0.001 seconds.
◇ Test test_t1v3_headline_healthy_when_fix_plan_empty() started.
✔ Test test_t1v3_headline_healthy_when_fix_plan_empty() passed after 0.001 seconds.
◇ Test test_t1v3_check_factory_threads_blocked_by() started.
✔ Test test_t1v3_check_factory_threads_blocked_by() passed after 0.001 seconds.
◇ Test test_t1v3_dependency_table_and_status_resolver() started.
✔ Test test_t1v3_dependency_table_and_status_resolver() passed after 0.001 seconds.
◇ Test test_t1v3_frozen_v1_still_decodes_from_v4() started.
✔ Test test_t1v3_frozen_v1_still_decodes_from_v4() passed after 0.001 seconds.
◇ Test test_t1v3_frozen_v2_decodes_from_v4() started.
✔ Test test_t1v3_frozen_v2_decodes_from_v4() passed after 0.001 seconds.
◇ Test testSetupDoctorJSONContractStableCheckIDsAndOKAggregation() started.
✔ Test testSetupDoctorJSONContractStableCheckIDsAndOKAggregation() passed after 0.001 seconds.
◇ Test testSetupDoctorReportsActionableRemediationForNonPassStates() started.
✔ Test testSetupDoctorReportsActionableRemediationForNonPassStates() passed after 0.001 seconds.
◇ Test testMainEntrypointDoctorJSONDoesNotStartServerAndWritesStdout() started.
✔ Test testMainEntrypointDoctorJSONDoesNotStartServerAndWritesStdout() passed after 0.003 seconds.
◇ Test testMainEntrypointDoctorHumanOutputIncludesStableIDs() started.
✔ Test testMainEntrypointDoctorHumanOutputIncludesStableIDs() passed after 0.001 seconds.
◇ Test testSetupDocsContainEveryDoctorRemediationAnchor() started.
✔ Test testSetupDocsContainEveryDoctorRemediationAnchor() passed after 0.006 seconds.
◇ Test testDoctorUpdateAndShareDirRemediationUsesInstallSource() started.
✔ Test testDoctorUpdateAndShareDirRemediationUsesInstallSource() passed after 0.005 seconds.
◇ Test testSetupDoctorClassifiesSourceBuildEvenWhenBrewProbeSucceeds() started.
✔ Test testSetupDoctorClassifiesSourceBuildEvenWhenBrewProbeSucceeds() passed after 0.001 seconds.
◇ Test testDoctorSourceBuildDoesNotSuggestBrewUpgrade() started.
✔ Test testDoctorSourceBuildDoesNotSuggestBrewUpgrade() passed after 0.001 seconds.
◇ Test testSetupDoctorClassifiesReleaseBinaryWhenBrewProbeFails() started.
✔ Test testSetupDoctorClassifiesReleaseBinaryWhenBrewProbeFails() passed after 0.001 seconds.
◇ Test testSetupDoctorClassifiesUnknownWhenNoSignalMatches() started.
✔ Test testSetupDoctorClassifiesUnknownWhenNoSignalMatches() passed after 0.001 seconds.
◇ Test testSetupDoctorDoesNotMisclassifyDotBuildSuffixDirectoryAsSourceBuild() started.
✔ Test testSetupDoctorDoesNotMisclassifyDotBuildSuffixDirectoryAsSourceBuild() passed after 0.001 seconds.
◇ Test testSetupDoctorDetectsHomebrewViaCanonicalBrewPathWithStrippedEnvPath() started.
✔ Test testSetupDoctorDetectsHomebrewViaCanonicalBrewPathWithStrippedEnvPath() passed after 0.001 seconds.
◇ Test testReleaseQuarantineReportsPassOnlyWhenAttributeAbsent() started.
✔ Test testReleaseQuarantineReportsPassOnlyWhenAttributeAbsent() passed after 0.001 seconds.
◇ Test testReleaseQuarantineReportsWarnWhenAttributePresent() started.
✔ Test testReleaseQuarantineReportsWarnWhenAttributePresent() passed after 0.001 seconds.
◇ Test testDoctorRemediationShellQuotesPaths() started.
✔ Test testDoctorRemediationShellQuotesPaths() passed after 0.001 seconds.
◇ Test testDoctorXattrEvidenceKeepsStdoutStderrSummary() started.
✔ Test testDoctorXattrEvidenceKeepsStdoutStderrSummary() passed after 0.001 seconds.
◇ Test testDoctorCodesignEvidenceKeepsStdoutStderrSummary() started.
✔ Test testDoctorCodesignEvidenceKeepsStdoutStderrSummary() passed after 0.001 seconds.
◇ Test testReleaseQuarantineReportsWarnWhenStateUndeterminable() started.
✔ Test testReleaseQuarantineReportsWarnWhenStateUndeterminable() passed after 0.001 seconds.
◇ Test testDoctorUnknownLaunchContextIsExplainedButAggregateNeutral() started.
✔ Test testDoctorUnknownLaunchContextIsExplainedButAggregateNeutral() passed after 0.001 seconds.
◇ Test testClaudeRegistrationPassWhenConfigHasMatchingEntry() started.
✔ Test testClaudeRegistrationPassWhenConfigHasMatchingEntry() passed after 0.001 seconds.
◇ Test testClaudeRegistrationWarnWhenConfigHasNoMatchingEntry() started.
✔ Test testClaudeRegistrationWarnWhenConfigHasNoMatchingEntry() passed after 0.001 seconds.
◇ Test testClaudeRegistrationManualWithConfigReasonWhenUnreadable() started.
✔ Test testClaudeRegistrationManualWithConfigReasonWhenUnreadable() passed after 0.001 seconds.
◇ Test testProductionClaudeRegistrationParsesTopLevelEntry() started.
✔ Test testProductionClaudeRegistrationParsesTopLevelEntry() passed after 0.001 seconds.
◇ Test testProductionClaudeRegistrationParsesProjectScopedEntry() started.
✔ Test testProductionClaudeRegistrationParsesProjectScopedEntry() passed after 0.001 seconds.
◇ Test testProductionClaudeRegistrationReportsNameOnlyWhenCommandDoesNotMatch() started.
✔ Test testProductionClaudeRegistrationReportsNameOnlyWhenCommandDoesNotMatch() passed after 0.001 seconds.
◇ Test testProductionClaudeRegistrationConfigUnavailableOnGarbage() started.
✔ Test testProductionClaudeRegistrationConfigUnavailableOnGarbage() passed after 0.001 seconds.
◇ Test testProductionCommandReturnsFullStdoutBeyondPipeBuffer() started.
✔ Test testProductionCommandReturnsFullStdoutBeyondPipeBuffer() passed after 0.013 seconds.
◇ Test testProductionCommandReportsSpawnFailureForMissingExecutable() started.
✔ Test testProductionCommandReportsSpawnFailureForMissingExecutable() passed after 0.001 seconds.
◇ Test testProductionCommandReportsTimeoutForSlowChild() started.
[2026-07-16T10:59:52.029Z] [WARN] [process] '/bin/sh' exceeded 0.3s timeout (pid 77866); sending SIGTERM (BoundedProcessRunner.swift:93)
✔ Test testProductionCommandReportsTimeoutForSlowChild() passed after 0.302 seconds.
◇ Test testMainEntrypointDoctorExitsOneAndReportsFailedStatus() started.
✔ Test testMainEntrypointDoctorExitsOneAndReportsFailedStatus() passed after 0.007 seconds.
◇ Test testMainEntrypointDoctorExitsZeroOnManualActionRequired() started.
✔ Test testMainEntrypointDoctorExitsZeroOnManualActionRequired() passed after 0.007 seconds.
◇ Test testMainEntrypointDoctorExitsZeroOnDegraded() started.
✔ Test testMainEntrypointDoctorExitsZeroOnDegraded() passed after 0.009 seconds.
◇ Test testAggregateStatusManualOutranksWarn() started.
✔ Test testAggregateStatusManualOutranksWarn() passed after 0.003 seconds.
◇ Test testAggregateStatusWarnWithoutFailOrManualIsDegraded() started.
✔ Test testAggregateStatusWarnWithoutFailOrManualIsDegraded() passed after 0.002 seconds.
◇ Test testInstallPlanWhenNothingInstalledIsAllCreateOrRegister() started.
✔ Test testInstallPlanWhenNothingInstalledIsAllCreateOrRegister() passed after 0.001 seconds.
◇ Test testInstallPlanSkipsBinaryWhenAlreadyPresent() started.
✔ Test testInstallPlanSkipsBinaryWhenAlreadyPresent() passed after 0.001 seconds.
◇ Test testInstallPlanRequiresSudoOnlyWhenInstallDirNotWritable() started.
✔ Test testInstallPlanRequiresSudoOnlyWhenInstallDirNotWritable() passed after 0.001 seconds.
◇ Test testUninstallPlanWhenFullyInstalledIsAllDeleteOrUnregister() started.
✔ Test testUninstallPlanWhenFullyInstalledIsAllDeleteOrUnregister() passed after 0.001 seconds.
◇ Test testUninstallPlanSkipsAbsentArtifacts() started.
✔ Test testUninstallPlanSkipsAbsentArtifacts() passed after 0.001 seconds.
◇ Test testUninstallPlanDeletesApprovalsWhenOnlyLockSidecarExists() started.
✔ Test testUninstallPlanDeletesApprovalsWhenOnlyLockSidecarExists() passed after 0.001 seconds.
◇ Test testUninstallUnregisterIsManualWhenClaudeCLIMissing() started.
✔ Test testUninstallUnregisterIsManualWhenClaudeCLIMissing() passed after 0.001 seconds.
◇ Test testUpdatePlanWithVersionDeltaIsUpdate() started.
✔ Test testUpdatePlanWithVersionDeltaIsUpdate() passed after 0.001 seconds.
◇ Test testUpdatePlanSkipsWhenAlreadyAtTargetVersion() started.
✔ Test testUpdatePlanSkipsWhenAlreadyAtTargetVersion() passed after 0.001 seconds.
◇ Test testUpdatePlanFallsBackToCreateWhenNothingInstalled() started.
✔ Test testUpdatePlanFallsBackToCreateWhenNothingInstalled() passed after 0.001 seconds.
◇ Test testLifecyclePlanJSONValidatesAgainstSchema() started.
✔ Test testLifecyclePlanJSONValidatesAgainstSchema() passed after 0.001 seconds.
◇ Test testLifecyclePlanActionVocabularyIsClosed() started.
✔ Test testLifecyclePlanActionVocabularyIsClosed() passed after 0.001 seconds.
◇ Test testDryRunPlanPerformsZeroMutations() started.
✔ Test testDryRunPlanPerformsZeroMutations() passed after 0.001 seconds.
◇ Test testDryRunDoesNotTouchRealFilesystemArtifacts() started.
✔ Test testDryRunDoesNotTouchRealFilesystemArtifacts() passed after 0.001 seconds.
◇ Test testMainEntrypointInstallDryRunJSONExitsZeroWithoutStartingServer() started.
✔ Test testMainEntrypointInstallDryRunJSONExitsZeroWithoutStartingServer() passed after 0.001 seconds.
◇ Test testMainEntrypointUninstallDryRunHumanOutputIncludesStableIDs() started.
✔ Test testMainEntrypointUninstallDryRunHumanOutputIncludesStableIDs() passed after 0.001 seconds.
◇ Test testMainEntrypointLifecycleWithoutDryRunRefusesAndExitsNonZero() started.
✔ Test testMainEntrypointLifecycleWithoutDryRunRefusesAndExitsNonZero() passed after 0.001 seconds.
◇ Test testMainEntrypointUninstallWithoutDryRunPointsAtUninstallScript() started.
✔ Test testMainEntrypointUninstallWithoutDryRunPointsAtUninstallScript() passed after 0.001 seconds.
◇ Test testMainEntrypointLifecycleSubcommandJSONExitsZeroWithoutStartingServer() started.
✔ Test testMainEntrypointLifecycleSubcommandJSONExitsZeroWithoutStartingServer() passed after 0.001 seconds.
◇ Test testMainEntrypointLifecycleSubcommandHumanOutputMatchesDryRunForm() started.
✔ Test testMainEntrypointLifecycleSubcommandHumanOutputMatchesDryRunForm() passed after 0.001 seconds.
◇ Test testMainEntrypointLifecycleSubcommandMissingActionShowsUsage() started.
✔ Test testMainEntrypointLifecycleSubcommandMissingActionShowsUsage() passed after 0.001 seconds.
◇ Test testMainEntrypointLifecycleSubcommandUnknownActionShowsUsage() started.
✔ Test testMainEntrypointLifecycleSubcommandUnknownActionShowsUsage() passed after 0.001 seconds.
◇ Test testMainEntrypointUnknownFirstArgStillStartsServer() started.
✔ Test testMainEntrypointUnknownFirstArgStillStartsServer() passed after 0.001 seconds.
◇ Test testSetupDocsContainEveryLifecycleRemediationAnchor() started.
✔ Test testSetupDocsContainEveryLifecycleRemediationAnchor() passed after 0.005 seconds.
◇ Test testEmptyPollDoesNotImmediatelyClearTracks() started.
✔ Test testEmptyPollDoesNotImmediatelyClearTracks() passed after 0.001 seconds.
◇ Test testEmptyPollClearsAfterThreshold() started.
✔ Test testEmptyPollClearsAfterThreshold() passed after 0.001 seconds.
◇ Test testNonEmptyPollResetsCounter() started.
✔ Test testNonEmptyPollResetsCounter() passed after 0.001 seconds.
◇ Test testEmptyPollGuardSkippedWhenNoDocumentOpen() started.
✔ Test testEmptyPollGuardSkippedWhenNoDocumentOpen() passed after 0.001 seconds.
◇ Test testEmptyPollGuardSkippedWhenCacheAlreadyEmpty() started.
✔ Test testEmptyPollGuardSkippedWhenCacheAlreadyEmpty() passed after 0.001 seconds.
◇ Test testStateCacheTrackAndChannelStripAccessorsCoverSelectionAndExpansion() started.
✔ Test testStateCacheTrackAndChannelStripAccessorsCoverSelectionAndExpansion() passed after 0.001 seconds.
◇ Test testStateCacheProjectRegionMarkerAndSnapshotModes() started.
✔ Test testStateCacheProjectRegionMarkerAndSnapshotModes() passed after 0.001 seconds.
◇ Test testStateCacheDisplayUpdatesCoverLowerRowAndBulkReplacement() started.
✔ Test testStateCacheDisplayUpdatesCoverLowerRowAndBulkReplacement() passed after 0.001 seconds.
◇ Test testStateCacheNegativeIndicesDoNotMutateState() started.
✔ Test testStateCacheNegativeIndicesDoNotMutateState() passed after 0.001 seconds.
◇ Test testStateCacheClearResetsTransport() started.
✔ Test testStateCacheClearResetsTransport() passed after 0.001 seconds.
◇ Test testStateCacheSelectOnlyEnforcesSingleSelection() started.
✔ Test testStateCacheSelectOnlyEnforcesSingleSelection() passed after 0.001 seconds.
◇ Suite "StateModels Codable round-trip" started.
◇ Test transportStateRoundTrips() started.
✔ Test transportStateRoundTrips() passed after 0.001 seconds.
◇ Test trackStateRoundTrips() started.
✔ Test trackStateRoundTrips() passed after 0.001 seconds.
◇ Test channelStripStateUsesSnakeCaseCodingKeys() started.
✔ Test channelStripStateUsesSnakeCaseCodingKeys() passed after 0.001 seconds.
◇ Test sendAndPluginSlotRoundTrip() started.
✔ Test sendAndPluginSlotRoundTrip() passed after 0.001 seconds.
◇ Test regionStateRoundTrips() started.
✔ Test regionStateRoundTrips() passed after 0.001 seconds.
◇ Test regionInfoRoundTrips() started.
✔ Test regionInfoRoundTrips() passed after 0.001 seconds.
◇ Test projectInfoRoundTrips() started.
✔ Test projectInfoRoundTrips() passed after 0.001 seconds.
◇ Test mcuConnectionStateRoundTrips() started.
✔ Test mcuConnectionStateRoundTrips() passed after 0.001 seconds.
◇ Test mcuDisplayStateRoundTrips() started.
✔ Test mcuDisplayStateRoundTrips() passed after 0.001 seconds.
◇ Test enumRawValuesAreStableOnTheWire() started.
✔ Test enumRawValuesAreStableOnTheWire() passed after 0.001 seconds.
◇ Test markerStateOmittedPositionSourceDecodesAsUnknown() started.
✔ Test markerStateOmittedPositionSourceDecodesAsUnknown() passed after 0.001 seconds.
◇ Test trackStateOmittedPlaceholderDecodesAsNil() started.
✔ Test trackStateOmittedPlaceholderDecodesAsNil() passed after 0.001 seconds.
✔ Suite "StateModels Codable round-trip" passed after 0.002 seconds.
◇ Test testPollerSurvivesPluginWindowOcclusion() started.
✔ Test testPollerSurvivesPluginWindowOcclusion() passed after 0.001 seconds.
◇ Test testPollerCacheIsTaggedStaleWhenAXOccluded() started.
✔ Test testPollerCacheIsTaggedStaleWhenAXOccluded() passed after 0.001 seconds.
◇ Test testPollerClearsOccludedFlagWhenAXRecovers() started.
✔ Test testPollerClearsOccludedFlagWhenAXRecovers() passed after 0.001 seconds.
◇ Test testStatePollerCacheLifecycleWithEditorOpen() started.
✔ Test testStatePollerCacheLifecycleWithEditorOpen() passed after 0.001 seconds.
◇ Test testPollerStillClearsCacheWhenDocumentTrulyClosesWithoutOcclusion() started.
✔ Test testPollerStillClearsCacheWhenDocumentTrulyClosesWithoutOcclusion() passed after 0.001 seconds.
◇ Test testStatePollerPreservesAXTrackIdentityProvenance() started.
✔ Test testStatePollerPreservesAXTrackIdentityProvenance() passed after 0.001 seconds.
◇ Test testStatePollerUpdatesProjectInfoOnInitialPoll() started.
[2026-07-16T10:59:52.083Z] [INFO] [poller] StatePoller started (StatePoller.swift:94)
[2026-07-16T10:59:52.139Z] [INFO] [poller] AX Supplementary Poller loop exited (StatePoller.swift:143)
[2026-07-16T10:59:52.139Z] [INFO] [poller] StatePoller stopped (StatePoller.swift:106)
✔ Test testStatePollerUpdatesProjectInfoOnInitialPoll() passed after 0.056 seconds.
◇ Test testStatePollerIgnoresInvalidProjectPayloadsAndChannelErrors() started.
[2026-07-16T10:59:52.140Z] [INFO] [poller] StatePoller started (StatePoller.swift:94)
[2026-07-16T10:59:52.264Z] [INFO] [poller] AX Supplementary Poller loop exited (StatePoller.swift:143)
[2026-07-16T10:59:52.264Z] [INFO] [poller] StatePoller stopped (StatePoller.swift:106)
[2026-07-16T10:59:52.264Z] [WARN] [poller] StatePoller already running (StatePoller.swift:90)
[2026-07-16T10:59:52.264Z] [INFO] [poller] StatePoller started (StatePoller.swift:94)
[2026-07-16T10:59:52.380Z] [INFO] [poller] AX Supplementary Poller loop exited (StatePoller.swift:143)
[2026-07-16T10:59:52.380Z] [INFO] [poller] StatePoller stopped (StatePoller.swift:106)
✔ Test testStatePollerIgnoresInvalidProjectPayloadsAndChannelErrors() passed after 0.240 seconds.
◇ Test testStatePollerRefreshNowPopulatesTransportTracksAndMixerFallbackState() started.
✔ Test testStatePollerRefreshNowPopulatesTransportTracksAndMixerFallbackState() passed after 0.001 seconds.
◇ Test testStatePollerClearsDocumentStateWhenNoVisibleWindow() started.
✔ Test testStatePollerClearsDocumentStateWhenNoVisibleWindow() passed after 0.001 seconds.
◇ Test testStatePollerPopulatesMarkerCache() started.
✔ Test testStatePollerPopulatesMarkerCache() passed after 0.001 seconds.
◇ Test testStatePollerClearsMarkersWhenDocumentCloses() started.
✔ Test testStatePollerClearsMarkersWhenDocumentCloses() passed after 0.001 seconds.
◇ Test testStatePollerIgnoresInvalidMarkerPayload() started.
✔ Test testStatePollerIgnoresInvalidMarkerPayload() passed after 0.001 seconds.
◇ Test testStatePollerImmediateStopDoesNotAwaitBlockedPollCycle() started.
[2026-07-16T10:59:52.387Z] [INFO] [poller] StatePoller started (StatePoller.swift:94)
[2026-07-16T10:59:52.406Z] [INFO] [poller] StatePoller stop requested without awaiting current AX poll (StatePoller.swift:113)
✔ Test testStatePollerImmediateStopDoesNotAwaitBlockedPollCycle() passed after 0.038 seconds.
[2026-07-16T10:59:52.425Z] [INFO] [poller] AX Supplementary Poller loop exited (StatePoller.swift:143)
◇ Suite "Stock instrument intelligence — validator" started.
◇ Test "validator rejects duplicate stable IDs" started.
✔ Test "validator rejects duplicate stable IDs" passed after 0.001 seconds.
◇ Test "validator rejects malformed stable IDs" started.
✔ Test "validator rejects malformed stable IDs" passed after 0.001 seconds.
◇ Test "entries require explicit provenance" started.
✔ Test "entries require explicit provenance" passed after 0.001 seconds.
◇ Test "documented provenance requires evidence" started.
✔ Test "documented provenance requires evidence" passed after 0.001 seconds.
◇ Test "supported and unsupported action vocabularies are strict" started.
✔ Test "supported and unsupported action vocabularies are strict" passed after 0.001 seconds.
◇ Test "related stock plugin references cannot dangle" started.
✔ Test "related stock plugin references cannot dangle" passed after 0.001 seconds.
◇ Test "verified_live provenance must be high confidence" started.
✔ Test "verified_live provenance must be high confidence" passed after 0.001 seconds.
◇ Test "stock instruments must use the software_instrument track type" started.
✔ Test "stock instruments must use the software_instrument track type" passed after 0.001 seconds.
◇ Test "session players must not be shaped as stock software instruments" started.
✔ Test "session players must not be shaped as stock software instruments" passed after 0.001 seconds.
◇ Test "validator rejects an unexpected schema string" started.
✔ Test "validator rejects an unexpected schema string" passed after 0.001 seconds.
◇ Test "validator rejects a missing id" started.
✔ Test "validator rejects a missing id" passed after 0.001 seconds.
◇ Test "validator rejects a missing display name" started.
✔ Test "validator rejects a missing display name" passed after 0.001 seconds.
◇ Test "validator rejects an entry with no musical roles" started.
✔ Test "validator rejects an entry with no musical roles" passed after 0.001 seconds.
◇ Test "support-contract schema string id is pinned to its stable literal" started.
✔ Test "support-contract schema string id is pinned to its stable literal" passed after 0.001 seconds.
✔ Suite "Stock instrument intelligence — validator" passed after 0.011 seconds.
◇ Suite "Stock instrument intelligence — catalog snapshots" started.
◇ Test "stock instrument snapshot is valid and covers core Logic instruments" started.
✔ Test "stock instrument snapshot is valid and covers core Logic instruments" passed after 0.001 seconds.
◇ Test "session player snapshot is valid and marks unsupported direct control" started.
✔ Test "session player snapshot is valid and marks unsupported direct control" passed after 0.001 seconds.
◇ Test "all related stock plugin IDs resolve against the stock plugin catalog" started.
✔ Test "all related stock plugin IDs resolve against the stock plugin catalog" passed after 0.003 seconds.
◇ Test "search covers name, kind, role, genre, and empty query" started.
✔ Test "search covers name, kind, role, genre, and empty query" passed after 0.002 seconds.
✔ Suite "Stock instrument intelligence — catalog snapshots" passed after 0.008 seconds.
◇ Suite "Stock instrument intelligence — resources" started.
◇ Test "MCP resources expose stock instrument list, detail, search, and Session Player detail" started.
✔ Test "MCP resources expose stock instrument list, detail, search, and Session Player detail" passed after 0.005 seconds.
◇ Test "stock instrument URI routing fails closed on malformed inputs" started.
✔ Test "stock instrument URI routing fails closed on malformed inputs" passed after 0.001 seconds.
◇ Test "session player URI routing fails closed on malformed inputs" started.
✔ Test "session player URI routing fails closed on malformed inputs" passed after 0.001 seconds.
◇ Test "stock instrument search query is percent-decoded exactly once" started.
✔ Test "stock instrument search query is percent-decoded exactly once" passed after 0.001 seconds.
◇ Test "stock instrument search with empty or missing query returns the full catalog" started.
✔ Test "stock instrument search with empty or missing query returns the full catalog" passed after 0.004 seconds.
✔ Suite "Stock instrument intelligence — resources" passed after 0.013 seconds.
◇ Suite "Stock plugin intelligence — validator" started.
◇ Test "validator rejects duplicate stable IDs" started.
✔ Test "validator rejects duplicate stable IDs" passed after 0.001 seconds.
◇ Test "validator rejects malformed stable IDs" started.
✔ Test "validator rejects malformed stable IDs" passed after 0.001 seconds.
◇ Test "verified entries require source, method, timestamp, and evidence" started.
✔ Test "verified entries require source, method, timestamp, and evidence" passed after 0.001 seconds.
◇ Test "readback_mismatch entries require evidence" started.
✔ Test "readback_mismatch entries require evidence" passed after 0.001 seconds.
◇ Test "non-empty known presets require preset-name evidence" started.
✔ Test "non-empty known presets require preset-name evidence" passed after 0.001 seconds.
◇ Test "manifested entries require a probed source path" started.
✔ Test "manifested entries require a probed source path" passed after 0.001 seconds.
◇ Test "unavailable entries require absence evidence" started.
✔ Test "unavailable entries require absence evidence" passed after 0.001 seconds.
◇ Test "verified parameters require explicit readback evidence" started.
✔ Test "verified parameters require explicit readback evidence" passed after 0.001 seconds.
◇ Test "parameter value ranges and duplicate parameter IDs are validated" started.
✔ Test "parameter value ranges and duplicate parameter IDs are validated" passed after 0.001 seconds.
✔ Suite "Stock plugin intelligence — validator" passed after 0.001 seconds.
◇ Suite "Stock plugin intelligence — catalog and census" started.
◇ Test "deterministic census yields a fully inferred, valid catalog" started.
✔ Test "deterministic census yields a fully inferred, valid catalog" passed after 0.001 seconds.
◇ Test "census overlay produces every injectable truth state with provenance" started.
✔ Test "census overlay produces every injectable truth state with provenance" passed after 0.001 seconds.
◇ Test "verified overlay keeps factory presets with merged provenance" started.
✔ Test "verified overlay keeps factory presets with merged provenance" passed after 0.001 seconds.
◇ Test "factory preset probing keeps bounded sorted names without full-directory storage" started.
✔ Test "factory preset probing keeps bounded sorted names without full-directory storage" passed after 0.002 seconds.
◇ Test "contradictory census evidence fails loudly and never yields verified" started.
✔ Test "contradictory census evidence fails loudly and never yields verified" passed after 0.001 seconds.
◇ Test "production snapshot never claims more than manifested" started.
✔ Test "production snapshot never claims more than manifested" passed after 0.001 seconds.
◇ Test "insertable write capabilities match the live insert allowlist" started.
✔ Test "insertable write capabilities match the live insert allowlist" passed after 0.001 seconds.
◇ Test "search matches id, name, category, and type case-insensitively" started.
✔ Test "search matches id, name, category, and type case-insensitively" passed after 0.002 seconds.
✔ Suite "Stock plugin intelligence — catalog and census" passed after 0.012 seconds.
◇ Suite "Stock plugin intelligence — resources" started.
◇ Test "MCP resources expose stock plugin list, detail, search, census, and capabilities" started.
✔ Test "MCP resources expose stock plugin list, detail, search, census, and capabilities" passed after 0.005 seconds.
◇ Test "stock plugin URI routing fails closed on malformed inputs" started.
✔ Test "stock plugin URI routing fails closed on malformed inputs" passed after 0.001 seconds.
◇ Test "search query is percent-decoded exactly once" started.
✔ Test "search query is percent-decoded exactly once" passed after 0.001 seconds.
◇ Test "search with empty or missing query returns the full catalog" started.
✔ Test "search with empty or missing query returns the full catalog" passed after 0.017 seconds.
✔ Suite "Stock plugin intelligence — resources" passed after 0.024 seconds.
◇ Suite StructuredContentTests started.
◇ Test "tools_call_includes_structured_content_all_tools" started.
[2026-07-16T10:59:52.500Z] [INFO] [project] [AUDIT] project.open rejected — missing path (ProjectDispatcher.swift:948)
✔ Test "tools_call_includes_structured_content_all_tools" passed after 0.114 seconds.
◇ Test "tools_call_probe_includes_structured_content" started.
✔ Test "tools_call_probe_includes_structured_content" passed after 0.125 seconds.
◇ Test "channel_result_path_dispatcher_response_includes_structured_content" started.
✔ Test "channel_result_path_dispatcher_response_includes_structured_content" passed after 0.001 seconds.
✔ Suite StructuredContentTests passed after 0.240 seconds.
◇ Suite "ADR-005 support bundle" started.
◇ Test "bundle is complete, readback-verifiable, and privacy safe" started.
✔ Test "bundle is complete, readback-verifiable, and privacy safe" passed after 0.008 seconds.
◇ Test "existing output directories are refused without changing caller files" started.
✔ Test "existing output directories are refused without changing caller files" passed after 0.001 seconds.
◇ Test "concurrent publishers cannot replace an already published bundle" started.
✔ Test "concurrent publishers cannot replace an already published bundle" passed after 0.004 seconds.
◇ Test "system command returns typed State A/C and records the write boundary" started.
✔ Test "system command returns typed State A/C and records the write boundary" passed after 0.001 seconds.
◇ Test "public MCP handler exports locally without starting Logic" started.
✔ Test "public MCP handler exports locally without starting Logic" passed after 0.004 seconds.
✔ Suite "ADR-005 support bundle" passed after 0.020 seconds.
◇ Test testSystemEventsAutomationDeniedClassifierMatchesKnownSignals() started.
✔ Test testSystemEventsAutomationDeniedClassifierMatchesKnownSignals() passed after 0.001 seconds.
◇ Test testSystemEventsAutomationDeniedClassifierRejectsUnrelatedErrors() started.
✔ Test testSystemEventsAutomationDeniedClassifierRejectsUnrelatedErrors() passed after 0.001 seconds.
◇ Test testAppleScriptExecutionMapsSystemEventsAutomationDeniedToStateC() started.
✔ Test testAppleScriptExecutionMapsSystemEventsAutomationDeniedToStateC() passed after 0.001 seconds.
◇ Test testAppleScriptExecutionLeavesOtherOsascriptFailuresGeneric() started.
✔ Test testAppleScriptExecutionLeavesOtherOsascriptFailuresGeneric() passed after 0.001 seconds.
◇ Test testAppleScriptExecutionDoesNotClassifyStdoutFilenameAsSystemEventsDenial() started.
✔ Test testAppleScriptExecutionDoesNotClassifyStdoutFilenameAsSystemEventsDenial() passed after 0.001 seconds.
◇ Test testAppleScriptExecutionDoesNotClassifyLogicProAutomationDenialAsSystemEventsDenial() started.
✔ Test testAppleScriptExecutionDoesNotClassifyLogicProAutomationDenialAsSystemEventsDenial() passed after 0.001 seconds.
◇ Test testSystemEventsAutomationDeniedIsTerminalStateC() started.
✔ Test testSystemEventsAutomationDeniedIsTerminalStateC() passed after 0.001 seconds.
◇ Suite TargetRefResolutionTests started.
◇ Test testResolverFlagOnValidReferenceResolvesIndexAndEchoesReference() started.
✔ Test testResolverFlagOnValidReferenceResolvesIndexAndEchoesReference() passed after 0.001 seconds.
◇ Test testResolverFlagOnNoTargetRefUsesExplicitIndex() started.
✔ Test testResolverFlagOnNoTargetRefUsesExplicitIndex() passed after 0.001 seconds.
◇ Test testResolverMatchingCrossCheckSucceeds() started.
✔ Test testResolverMatchingCrossCheckSucceeds() passed after 0.001 seconds.
◇ Test testResolverFlagOffTargetRefFailsClosedBeforeIndexFallback() started.
✔ Test testResolverFlagOffTargetRefFailsClosedBeforeIndexFallback() passed after 0.001 seconds.
◇ Test testResolverFlagOffTargetRefWithoutIndexFailsUnavailable() started.
✔ Test testResolverFlagOffTargetRefWithoutIndexFailsUnavailable() passed after 0.001 seconds.
◇ Test testResolverStaleReferenceFailsClosed() started.
✔ Test testResolverStaleReferenceFailsClosed() passed after 0.001 seconds.
◇ Test testResolverEmptyAndUnknownReferenceFailClosed() started.
✔ Test testResolverEmptyAndUnknownReferenceFailClosed() passed after 0.001 seconds.
◇ Test testResolverWrongKindBindingFailsClosed() started.
✔ Test testResolverWrongKindBindingFailsClosed() passed after 0.001 seconds.
◇ Test testResolverMismatchedIndexCrossCheckFailsClosed() started.
✔ Test testResolverMismatchedIndexCrossCheckFailsClosed() passed after 0.001 seconds.
◇ Test testResolverNegativeCrossCheckIndexFailsClosed() started.
✔ Test testResolverNegativeCrossCheckIndexFailsClosed() passed after 0.001 seconds.
◇ Test testResolverDriftedFingerprintFailsClosed() started.
✔ Test testResolverDriftedFingerprintFailsClosed() passed after 0.001 seconds.
◇ Test testMutationAfterEpochBumpFailsClosedBeforeWrite() started.
✔ Test testMutationAfterEpochBumpFailsClosedBeforeWrite() passed after 0.001 seconds.
◇ Test testResolverRejectsEpochBumpAfterCacheReadBeforeSuccess() started.
✔ Test testResolverRejectsEpochBumpAfterCacheReadBeforeSuccess() passed after 0.001 seconds.
◇ Test testResolverFlagOffNegativeIndexFailsInvalidParams() started.
✔ Test testResolverFlagOffNegativeIndexFailsInvalidParams() passed after 0.001 seconds.
◇ Test testTrackSelectFlagOnResolvesTargetRef() started.
✔ Test testTrackSelectFlagOnResolvesTargetRef() passed after 0.001 seconds.
◇ Test testTrackSelectFlagOffTargetRefFailsClosed() started.
✔ Test testTrackSelectFlagOffTargetRefFailsClosed() passed after 0.001 seconds.
◇ Test testTrackSelectFlagOnStaleReferenceFailsClosedNoWrite() started.
✔ Test testTrackSelectFlagOnStaleReferenceFailsClosedNoWrite() passed after 0.001 seconds.
◇ Test testTrackDeleteFlagOnStaleReferenceFailsClosedBeforeSelectSideEffect() started.
✔ Test testTrackDeleteFlagOnStaleReferenceFailsClosedBeforeSelectSideEffect() passed after 0.001 seconds.
◇ Test testTrackDeleteFlagOnResolvesTargetRefToSelectIndex() started.
✔ Test testTrackDeleteFlagOnResolvesTargetRefToSelectIndex() passed after 0.001 seconds.
◇ Test testTrackDuplicateFlagOnResolvesTargetRef() started.
✔ Test testTrackDuplicateFlagOnResolvesTargetRef() passed after 0.001 seconds.
◇ Test testTrackMuteFlagOnResolvesTargetRef() started.
✔ Test testTrackMuteFlagOnResolvesTargetRef() passed after 0.001 seconds.
◇ Test testTrackMuteFlagOffRejectsTargetRefBeforeIndexValidation() started.
✔ Test testTrackMuteFlagOffRejectsTargetRefBeforeIndexValidation() passed after 0.001 seconds.
◇ Test testTrackArmOnlyFlagOnResolvesTargetRef() started.
✔ Test testTrackArmOnlyFlagOnResolvesTargetRef() passed after 0.001 seconds.
◇ Test testTrackSetAutomationFlagOnResolvesTargetRef() started.
✔ Test testTrackSetAutomationFlagOnResolvesTargetRef() passed after 0.001 seconds.
◇ Test testTrackSetInstrumentFlagOnResolvesTargetRef() started.
✔ Test testTrackSetInstrumentFlagOnResolvesTargetRef() passed after 0.001 seconds.
◇ Test testTrackRenameFlagOnResolvesTargetRefAndEchoesTargetRef() started.
✔ Test testTrackRenameFlagOnResolvesTargetRefAndEchoesTargetRef() passed after 0.001 seconds.
◇ Test testMixerSetVolumeFlagOnResolvesTargetRef() started.
✔ Test testMixerSetVolumeFlagOnResolvesTargetRef() passed after 0.001 seconds.
◇ Test testMixerSetVolumeFlagOffTargetRefFailsClosedWithoutWrongTargetWrite() started.
✔ Test testMixerSetVolumeFlagOffTargetRefFailsClosedWithoutWrongTargetWrite() passed after 0.001 seconds.
◇ Test testMixerSetPanFlagOnResolvesTargetRef() started.
✔ Test testMixerSetPanFlagOnResolvesTargetRef() passed after 0.001 seconds.
◇ Test testMixerSetVolumeFlagOnStaleReferenceFailsClosedNoWrite() started.
✔ Test testMixerSetVolumeFlagOnStaleReferenceFailsClosedNoWrite() passed after 0.001 seconds.
◇ Test testPluginSetParamVerifiedFlagOnResolvesTargetRef() started.
✔ Test testPluginSetParamVerifiedFlagOnResolvesTargetRef() passed after 0.001 seconds.
◇ Test testPluginSetParamVerifiedFlagOffTargetRefFailsClosed() started.
✔ Test testPluginSetParamVerifiedFlagOffTargetRefFailsClosed() passed after 0.001 seconds.
◇ Test testPluginSetParamVerifiedFlagOnStaleReferenceFailsClosedNoWrite() started.
✔ Test testPluginSetParamVerifiedFlagOnStaleReferenceFailsClosedNoWrite() passed after 0.001 seconds.
◇ Test testRenameViaRefThenSecondOpViaSameRefResolves() started.
✔ Test testRenameViaRefThenSecondOpViaSameRefResolves() passed after 0.001 seconds.
◇ Test testRenameViaIndexDoesNotUpdateCache() started.
✔ Test testRenameViaIndexDoesNotUpdateCache() passed after 0.001 seconds.
◇ Test testExternalRenameWithoutServerOpStillFailsClosed() started.
✔ Test testExternalRenameWithoutServerOpStillFailsClosed() passed after 0.001 seconds.
◇ Test testRenameStateBUnverifiedDoesNotRebind() started.
✔ Test testRenameStateBUnverifiedDoesNotRebind() passed after 0.001 seconds.
◇ Test testTrackTargetRefLiveNameMismatchFailsClosedStaleAndDoesNotWrite() started.
✔ Test testTrackTargetRefLiveNameMismatchFailsClosedStaleAndDoesNotWrite() passed after 0.001 seconds.
◇ Test testTrackTargetRefDuplicateNameReorderFailsClosedAndDoesNotWrite() started.
✔ Test testTrackTargetRefDuplicateNameReorderFailsClosedAndDoesNotWrite() passed after 0.001 seconds.
◇ Test testMixerTargetRefLiveNameMismatchFailsClosedStaleAndDoesNotWrite() started.
✔ Test testMixerTargetRefLiveNameMismatchFailsClosedStaleAndDoesNotWrite() passed after 0.001 seconds.
◇ Test testTrackTargetRefUnreadableLiveNameFailsClosedAndDoesNotWrite() started.
✔ Test testTrackTargetRefUnreadableLiveNameFailsClosedAndDoesNotWrite() passed after 0.001 seconds.
◇ Test testTrackTargetRefLiveNameMatchStillResolvesAndWrites() started.
✔ Test testTrackTargetRefLiveNameMatchStillResolvesAndWrites() passed after 0.001 seconds.
◇ Test testMixerTargetRefLiveNameMatchStillResolvesAndWrites() started.
✔ Test testMixerTargetRefLiveNameMatchStillResolvesAndWrites() passed after 0.001 seconds.
◇ Test testExplicitIndexPathIsByteInvariantEvenWithMismatchingLiveProbe() started.
✔ Test testExplicitIndexPathIsByteInvariantEvenWithMismatchingLiveProbe() passed after 0.001 seconds.
◇ Test testFlagOffTargetRefIsByteInvariantAndNeverReachesLiveGuard() started.
✔ Test testFlagOffTargetRefIsByteInvariantAndNeverReachesLiveGuard() passed after 0.001 seconds.
◇ Test testRebindUnknownReferenceIsNoOp() started.
✔ Test testRebindUnknownReferenceIsNoOp() passed after 0.001 seconds.
◇ Test testRebindStaleReferenceIsNoOp() started.
✔ Test testRebindStaleReferenceIsNoOp() passed after 0.001 seconds.
◇ Test testRebindPreservesIdentityFieldsAndUpdatesDescriptor() started.
✔ Test testRebindPreservesIdentityFieldsAndUpdatesDescriptor() passed after 0.001 seconds.
✔ Suite TargetRefResolutionTests passed after 0.018 seconds.
◇ Suite TargetRegistryTests started.
◇ Test testBindingIsStableAndOpaque() started.
✔ Test testBindingIsStableAndOpaque() passed after 0.001 seconds.
◇ Test testTopologyGenerationInvalidatesBinding() started.
✔ Test testTopologyGenerationInvalidatesBinding() passed after 0.001 seconds.
◇ Test testSnapshotBindingRejectsGenerationBumpBetweenSnapshotAndBind() started.
✔ Test testSnapshotBindingRejectsGenerationBumpBetweenSnapshotAndBind() passed after 0.001 seconds.
◇ Test testSnapshotBindingRejectsEpochBumpBetweenSnapshotAndBind() started.
✔ Test testSnapshotBindingRejectsEpochBumpBetweenSnapshotAndBind() passed after 0.001 seconds.
◇ Test testProjectEpochInvalidatesBinding() started.
✔ Test testProjectEpochInvalidatesBinding() passed after 0.001 seconds.
◇ Test testDifferentServerSessionCannotResolveBinding() started.
✔ Test testDifferentServerSessionCannotResolveBinding() passed after 0.001 seconds.
◇ Test testRenameRejectsStaleReferenceAfterTopologyGenerationBump() started.
✔ Test testRenameRejectsStaleReferenceAfterTopologyGenerationBump() passed after 0.001 seconds.
◇ Test testRenameRejectsStaleReferenceAfterProjectEpochBump() started.
✔ Test testRenameRejectsStaleReferenceAfterProjectEpochBump() passed after 0.001 seconds.
◇ Test testRenameRejectsMismatchedTargetReferenceWithoutWrite() started.
✔ Test testRenameRejectsMismatchedTargetReferenceWithoutWrite() passed after 0.001 seconds.
◇ Test testRenameAcceptsResolvedTargetReference() started.
✔ Test testRenameAcceptsResolvedTargetReference() passed after 0.001 seconds.
◇ Test testTrackResourceEmitsOpaqueReferenceOnlyWhenEnabled() started.
✔ Test testTrackResourceEmitsOpaqueReferenceOnlyWhenEnabled() passed after 0.001 seconds.
◇ Test testSuccessfulMutationsBumpRegistryGenerations() started.
[2026-07-16T10:59:52.781Z] [INFO] [project] [AUDIT] project.new executed (ProjectDispatcher.swift:950)
✔ Test testSuccessfulMutationsBumpRegistryGenerations() passed after 0.001 seconds.
◇ Test testFailedOrFlagOffMutationDoesNotBumpGeneration() started.
✔ Test testFailedOrFlagOffMutationDoesNotBumpGeneration() passed after 0.001 seconds.
◇ Test testRenameTargetReferenceFailsClosedWhenFeatureDisabled() started.
✔ Test testRenameTargetReferenceFailsClosedWhenFeatureDisabled() passed after 0.001 seconds.
✔ Suite TargetRegistryTests passed after 0.004 seconds.
◇ Suite "ADR-016 Tempo Map" started.
◇ Test constantTempoConvertsOneBarToTwoSeconds() started.
✔ Test constantTempoConvertsOneBarToTwoSeconds() passed after 0.001 seconds.
◇ Test variableTempoUsesPiecewiseIntegration() started.
✔ Test variableTempoUsesPiecewiseIntegration() passed after 0.001 seconds.
◇ Test beatTimeRoundTripsAreStable() started.
✔ Test beatTimeRoundTripsAreStable() passed after 0.001 seconds.
◇ Test invalidMapsAndQueriesFailClosed() started.
✔ Test invalidMapsAndQueriesFailClosed() passed after 0.001 seconds.
◇ Test sagaRequiresCompleteValidCheckpointAndVerifiedRestore() started.
✔ Test sagaRequiresCompleteValidCheckpointAndVerifiedRestore() passed after 0.001 seconds.
◇ Test incompleteInvalidCheckpointAccumulatesHonestRejections() started.
✔ Test incompleteInvalidCheckpointAccumulatesHonestRejections() passed after 0.001 seconds.
◇ Test tempoMapDiffReportsChangesAndRemovalsByTick() started.
✔ Test tempoMapDiffReportsChangesAndRemovalsByTick() passed after 0.001 seconds.
◇ Test completeSnapshotAlwaysClearsPartialReason() started.
✔ Test completeSnapshotAlwaysClearsPartialReason() passed after 0.001 seconds.
◇ Test projectModeAndReadOnlyStateRoundTrip() started.
✔ Test projectModeAndReadOnlyStateRoundTrip() passed after 0.001 seconds.
◇ Test adr016FeatureFlagDefaultsToFalse() started.
✔ Test adr016FeatureFlagDefaultsToFalse() passed after 0.001 seconds.
✔ Suite "ADR-016 Tempo Map" passed after 0.001 seconds.
◇ Test testDeleteRefusesOnUnverifiedSelection() started.
✔ Test testDeleteRefusesOnUnverifiedSelection() passed after 0.001 seconds.
◇ Test testDeleteProceedsOnVerifiedSelection() started.
✔ Test testDeleteProceedsOnVerifiedSelection() passed after 0.001 seconds.
◇ Test testDuplicateRefusesOnUnverifiedSelection() started.
✔ Test testDuplicateRefusesOnUnverifiedSelection() passed after 0.001 seconds.
◇ Test testDuplicateProceedsOnVerifiedSelection() started.
✔ Test testDuplicateProceedsOnVerifiedSelection() passed after 0.001 seconds.
◇ Test testDeleteRefusalIncludesSelectResponseDetail() started.
✔ Test testDeleteRefusalIncludesSelectResponseDetail() passed after 0.001 seconds.
◇ Suite "TrackDispatcher tool description contract" started.
◇ Test "description includes 1-based channel breadcrumb for record_sequence" started.
✔ Test "description includes 1-based channel breadcrumb for record_sequence" passed after 0.001 seconds.
✔ Suite "TrackDispatcher tool description contract" passed after 0.001 seconds.
◇ Test testRecordSequenceUsesLiveAXNotCache() started.
✔ Test testRecordSequenceUsesLiveAXNotCache() passed after 0.874 seconds.
◇ Test testRecordSequenceRejectsImportFailureWithImportHandlerWording() started.
✔ Test testRecordSequenceRejectsImportFailureWithImportHandlerWording() passed after 0.005 seconds.
◇ Test testRecordSequenceSurfacesImportDialogSeenFlags() started.
✔ Test testRecordSequenceSurfacesImportDialogSeenFlags() passed after 0.004 seconds.
◇ Test testRecordSequenceSurfacesSystemEventsAutomationDeniedImportError() started.
✔ Test testRecordSequenceSurfacesSystemEventsAutomationDeniedImportError() passed after 0.004 seconds.
◇ Test testRecordSequenceFailsClosedOnGMDeviceImportDowngrade() started.
✔ Test testRecordSequenceFailsClosedOnGMDeviceImportDowngrade() passed after 0.005 seconds.
◇ Test testRecordSequenceReturnsVerifiedRegionReadbackPayload() started.
✔ Test testRecordSequenceReturnsVerifiedRegionReadbackPayload() passed after 0.003 seconds.
◇ Test testRecordSequenceDistinguishesWrongTrackImport() started.
✔ Test testRecordSequenceDistinguishesWrongTrackImport() passed after 0.003 seconds.
◇ Test testRecordSequenceDistinguishesTimingMismatch() started.
✔ Test testRecordSequenceDistinguishesTimingMismatch() passed after 0.002 seconds.
◇ Test testRecordSequenceDistinguishesUnreadableReadback() started.
✔ Test testRecordSequenceDistinguishesUnreadableReadback() passed after 0.002 seconds.
◇ Test testEncodeJSONReturnsFallbackWhenEncodingFails() started.
✔ Test testEncodeJSONReturnsFallbackWhenEncodingFails() passed after 0.001 seconds.
◇ Test testDispatcherSupportStrictHelpersReturnNilForMissingOrInvalidValues() started.
✔ Test testDispatcherSupportStrictHelpersReturnNilForMissingOrInvalidValues() passed after 0.001 seconds.
◇ Test testDispatcherSupportHelpersRespectProvidedValues() started.
✔ Test testDispatcherSupportHelpersRespectProvidedValues() passed after 0.001 seconds.
◇ Test testVerifiedOpGateSerializesAcquisition() started.
✔ Test testVerifiedOpGateSerializesAcquisition() passed after 0.001 seconds.
◇ Suite VerifiedOpGateSharedTests started.
◇ Test testPluginsDispatcherRefusesConcurrentVerifiedOp() started.
✔ Test testPluginsDispatcherRefusesConcurrentVerifiedOp() passed after 0.001 seconds.
◇ Test testPluginsDispatcherReleasesVerifiedGateAfterCompletion() started.
✔ Test testPluginsDispatcherReleasesVerifiedGateAfterCompletion() passed after 0.001 seconds.
◇ Test testGetInventoryNotGatedByVerifiedOpLock() started.
✔ Test testGetInventoryNotGatedByVerifiedOpLock() passed after 0.001 seconds.
◇ Test testPluginsToolReachesRouterNotUnknownTool() started.
✔ Test testPluginsToolReachesRouterNotUnknownTool() passed after 0.001 seconds.
✔ Suite VerifiedOpGateSharedTests passed after 0.003 seconds.
◇ Test testCanonicalPluginIDResolvesDisplayNameAndSuffix() started.
✔ Test testCanonicalPluginIDResolvesDisplayNameAndSuffix() passed after 0.001 seconds.
◇ Test testCanonicalPluginIDRejectsUnbackedIdentity() started.
✔ Test testCanonicalPluginIDRejectsUnbackedIdentity() passed after 0.001 seconds.
◇ Test testCanonicalParamKeyMapsGainAlias() started.
✔ Test testCanonicalParamKeyMapsGainAlias() passed after 0.001 seconds.
◇ Test testObservedNameMapsToCanonicalID() started.
✔ Test testObservedNameMapsToCanonicalID() passed after 0.001 seconds.
◇ Test testGainParamCapabilityIsUnsupportedUntilEvidence() started.
✔ Test testGainParamCapabilityIsUnsupportedUntilEvidence() passed after 0.001 seconds.
◇ Test testUnknownParamCapabilityIsUnknownParameter() started.
✔ Test testUnknownParamCapabilityIsUnknownParameter() passed after 0.001 seconds.
◇ Test testCompressorThresholdCapabilityIsWriteReadback() started.
✔ Test testCompressorThresholdCapabilityIsWriteReadback() passed after 0.001 seconds.
◇ Test testCompressorThresholdUnitRangeToleranceAndAXDescription() started.
✔ Test testCompressorThresholdUnitRangeToleranceAndAXDescription() passed after 0.001 seconds.
◇ Test testChannelEQParamsAreUnregisteredUntilCensus() started.
✔ Test testChannelEQParamsAreUnregisteredUntilCensus() passed after 0.001 seconds.
◇ Test testGainParamUnitAndRange() started.
✔ Test testGainParamUnitAndRange() passed after 0.001 seconds.
◇ Test testServerVersionMatchesPackagingArtefacts() started.
✔ Test testServerVersionMatchesPackagingArtefacts() passed after 0.001 seconds.
◇ Test versionReleaseTimestamp_matches_latest_changelog_release_date() started.
✔ Test versionReleaseTimestamp_matches_latest_changelog_release_date() passed after 0.005 seconds.
◇ Test readme_version_references_match_server_version() started.
✔ Test readme_version_references_match_server_version() passed after 0.002 seconds.
◇ Test testManifestResourceSurfaceMatchesPublishedStableRelease() started.
✔ Test testManifestResourceSurfaceMatchesPublishedStableRelease() passed after 0.001 seconds.
◇ Test testReadmeAndAPIDocsMatchPublicSurfaceAndRouting() started.
✔ Test testReadmeAndAPIDocsMatchPublicSurfaceAndRouting() passed after 0.002 seconds.
◇ Test testFormulaInstallPathsMatchRepoAndReleaseStaging() started.
✔ Test testFormulaInstallPathsMatchRepoAndReleaseStaging() passed after 0.001 seconds.
◇ Test testScripterSetParamDocumentedAsLegacyStateB() started.
✔ Test testScripterSetParamDocumentedAsLegacyStateB() passed after 0.001 seconds.
◇ Test testInsertPluginDeprecationDocumented() started.
✔ Test testInsertPluginDeprecationDocumented() passed after 0.009 seconds.
◇ Test testVerifiedApplyBackContractDocumented() started.
✔ Test testVerifiedApplyBackContractDocumented() passed after 0.001 seconds.
◇ Suite "VersionedCacheEnvelope" started.
◇ Test flagOffEnvelopeIsByteIdentical() started.
✔ Test flagOffEnvelopeIsByteIdentical() passed after 0.001 seconds.
◇ Test flagOnAddsVersionFieldsToStateResources() started.
✔ Test flagOnAddsVersionFieldsToStateResources() passed after 0.001 seconds.
◇ Test flagOffStateResourceEnvelopeIsByteIdentical() started.
✔ Test flagOffStateResourceEnvelopeIsByteIdentical() passed after 0.001 seconds.
◇ Test etagIsStableAndBodySensitive() started.
✔ Test etagIsStableAndBodySensitive() passed after 0.001 seconds.
◇ Test versionedCacheExtrasArePure() started.
✔ Test versionedCacheExtrasArePure() passed after 0.001 seconds.
◇ Test sectionRevisionsAdvanceIndependentlyOnAcceptedUpdates() started.
✔ Test sectionRevisionsAdvanceIndependentlyOnAcceptedUpdates() passed after 0.001 seconds.
✔ Suite "VersionedCacheEnvelope" passed after 0.002 seconds.
◇ Suite "ADR-006 versioned snapshot" started.
◇ Test snapshotPreservesFields() started.
✔ Test snapshotPreservesFields() passed after 0.001 seconds.
◇ Test etagIsStableForFingerprint() started.
✔ Test etagIsStableForFingerprint() passed after 0.001 seconds.
◇ Test cacheAgeMillisUsesObservedAt() started.
✔ Test cacheAgeMillisUsesObservedAt() passed after 0.001 seconds.
◇ Test sourceAndCompletenessRoundTrip() started.
✔ Test sourceAndCompletenessRoundTrip() passed after 0.001 seconds.
◇ Test cacheSectionsAreComplete() started.
✔ Test cacheSectionsAreComplete() passed after 0.001 seconds.
◇ Test versionedCacheFlagDefaultsToFalse() started.
✔ Test versionedCacheFlagDefaultsToFalse() passed after 0.001 seconds.
✔ Suite "ADR-006 versioned snapshot" passed after 0.001 seconds.
◇ Suite "Workflow skills pack — linter" started.
◇ Test "linter rejects stale tool and resource references" started.
✔ Test "linter rejects stale tool and resource references" passed after 0.001 seconds.
◇ Test "linter rejects unknown commands in steps and confirmations" started.
✔ Test "linter rejects unknown commands in steps and confirmations" passed after 0.001 seconds.
◇ Test "mutating tool steps must name their command" started.
✔ Test "mutating tool steps must name their command" passed after 0.001 seconds.
◇ Test "mutating workflows require confirmation metadata and failure modes" started.
✔ Test "mutating workflows require confirmation metadata and failure modes" passed after 0.001 seconds.
◇ Test "mutation_kind must agree with step mutability in both directions" started.
✔ Test "mutation_kind must agree with step mutability in both directions" passed after 0.001 seconds.
◇ Test "confirmation levels are restricted to L1 and L2" started.
✔ Test "confirmation levels are restricted to L1 and L2" passed after 0.001 seconds.
◇ Test "mutating steps must be covered by a declared confirmation" started.
✔ Test "mutating steps must be covered by a declared confirmation" passed after 0.001 seconds.
◇ Test "confirmation coverage is an exact (level, command) pair" started.
✔ Test "confirmation coverage is an exact (level, command) pair" passed after 0.001 seconds.
◇ Test "dependency roots must be well-formed logic:// URIs" started.
✔ Test "dependency roots must be well-formed logic:// URIs" passed after 0.001 seconds.
◇ Test "production-ready mutating workflows must be live verified" started.
✔ Test "production-ready mutating workflows must be live verified" passed after 0.001 seconds.
◇ Test "live_verified workflows must reference an evidence file" started.
✔ Test "live_verified workflows must reference an evidence file" passed after 0.001 seconds.
◇ Test "undeclared external resources fail the lint; declared ones pass" started.
✔ Test "undeclared external resources fail the lint; declared ones pass" passed after 0.001 seconds.
✔ Suite "Workflow skills pack — linter" passed after 0.002 seconds.
◇ Suite "Workflow skills pack — catalog" started.
◇ Test "template matching resolves concrete and templated references" started.
✔ Test "template matching resolves concrete and templated references" passed after 0.001 seconds.
◇ Test "default workflow pack validates and stays honest about unresolved dependencies" started.
✔ Test "default workflow pack validates and stays honest about unresolved dependencies" passed after 0.001 seconds.
◇ Test "default workflows declare required fields that match served top-level resource shapes" started.
✔ Test "default workflows declare required fields that match served top-level resource shapes" passed after 0.001 seconds.
◇ Test "dependencies resolve once the stock plugin surface exists" started.
✔ Test "dependencies resolve once the stock plugin surface exists" passed after 0.001 seconds.
◇ Test "every mutating step in the default pack names a real public command" started.
✔ Test "every mutating step in the default pack names a real public command" passed after 0.001 seconds.
◇ Test "live evidence files referenced by the default pack exist in the repo" started.
✔ Test "live evidence files referenced by the default pack exist in the repo" passed after 0.001 seconds.
◇ Test "schema fields mirror the WorkflowSkill coding keys" started.
✔ Test "schema fields mirror the WorkflowSkill coding keys" passed after 0.001 seconds.
✔ Suite "Workflow skills pack — catalog" passed after 0.002 seconds.
◇ Suite "Workflow skills pack — command census" started.
◇ Test "every MCP tool dispatcher is mapped and censused" started.
✔ Test "every MCP tool dispatcher is mapped and censused" passed after 0.001 seconds.
◇ Test "every census command exists as an executable dispatcher label" started.
✔ Test "every census command exists as an executable dispatcher label" passed after 0.043 seconds.
◇ Test "#111: every dispatcher command label is censused, a known stub, or a known alias" started.
✔ Test "#111: every dispatcher command label is censused, a known stub, or a known alias" passed after 0.013 seconds.
◇ Test "declared not-exposed stubs exist and are excluded from the census" started.
✔ Test "declared not-exposed stubs exist and are excluded from the census" passed after 0.003 seconds.
◇ Test "#111 regression: logic_plugins and project export/cleanup execution commands are censused" started.
✔ Test "#111 regression: logic_plugins and project export/cleanup execution commands are censused" passed after 0.001 seconds.
✔ Suite "Workflow skills pack — command census" passed after 0.060 seconds.
◇ Suite "Workflow skills pack — resources" started.
◇ Test "MCP resources expose workflow list, detail, search, and schema" started.
✔ Test "MCP resources expose workflow list, detail, search, and schema" passed after 0.003 seconds.
◇ Test "workflow skill URI routing fails closed on malformed inputs" started.
✔ Test "workflow skill URI routing fails closed on malformed inputs" passed after 0.001 seconds.
◇ Test "search query is percent-decoded exactly once" started.
✔ Test "search query is percent-decoded exactly once" passed after 0.001 seconds.
✔ Suite "Workflow skills pack — resources" passed after 0.004 seconds.
✔ Test run with 2779 tests passed after 398.640 seconds.
