# unit	locale	key	field	sha256[:12] of the normalized value
# Generated by Scripts/logic_canon.py build. Do not hand-edit: every row is
# a digest of bytes inside Logic, and a typed one is a claim about Apple's
# data that nothing measured.
Contents%2FFrameworks%2FLogic.framework%2FVersions%2FA%2FResources%2FAAFExportView.strings	de	3.title	value	31f9e507a287
Contents%2FFrameworks%2FLogic.framework%2FVersions%2FA%2FResources%2FAAFExportView.strings	de	3.title	value#ci	1349920bbee7
Contents%2FFrameworks%2FLogic.framework%2FVersions%2FA%2FResources%2FAAFExportView.strings	es	3.title	value	5e4082f291fc
Contents%2FFrameworks%2FLogic.framework%2FVersions%2FA%2FResources%2FAAFExportView.strings	es	3.title	value#ci	0e2fa488d44e
Contents%2FFrameworks%2FLogic.framework%2FVersions%2FA%2FResources%2FAAFExportView.strings	fr	3.title	value	db08ce9a95de
Contents%2FFrameworks%2FLogic.framework%2FVersions%2FA%2FResources%2FAAFExportView.strings	fr	3.title	value#ci	e2aa88dcf2b4
Contents%2FFrameworks%2FLogic.framework%2FVersions%2FA%2FResources%2FAAFExportView.strings	it	3.title	value	5332e71d1dbf
Contents%2FFrameworks%2FLogic.framework%2FVersions%2FA%2FResources%2FAAFExportView.strings	it	3.title	value#ci	7536bf918349
Contents%2FFrameworks%2FLogic.framework%2FVersions%2FA%2FResources%2FAAFExportView.strings	ja	3.title	value	45e89d70c04d
Contents%2FFrameworks%2FLogic.framework%2FVersions%2FA%2FResources%2FAAFExportView.strings	ja	3.title	value#ci	45e89d70c04d
Contents%2FFrameworks%2FLogic.framework%2FVersions%2FA%2FResources%2FAAFExportView.strings	ko	3.title	value	35a767156ccc
Contents%2FFrameworks%2FLogic.framework%2FVersions%2FA%2FResources%2FAAFExportView.strings	ko	3.title	value#ci	35a767156ccc
Contents%2FFrameworks%2FLogic.framework%2FVersions%2FA%2FResources%2FAAFExportView.strings	pt	3.title	value	26ce0edd607a
Contents%2FFrameworks%2FLogic.framework%2FVersions%2FA%2FResources%2FAAFExportView.strings	pt	3.title	value#ci	6bfd31901527
Contents%2FFrameworks%2FLogic.framework%2FVersions%2FA%2FResources%2FAAFExportView.strings	zh_CN	3.title	value	c373cbac75e8
Contents%2FFrameworks%2FLogic.framework%2FVersions%2FA%2FResources%2FAAFExportView.strings	zh_CN	3.title	value#ci	c373cbac75e8
Contents%2FFrameworks%2FLogic.framework%2FVersions%2FA%2FResources%2FAAFExportView.strings	zh_TW	3.title	value	ae6062a078ca
Contents%2FFrameworks%2FLogic.framework%2FVersions%2FA%2FResources%2FAAFExportView.strings	zh_TW	3.title	value#ci	ae6062a078ca
Contents%2FFrameworks%2FLogic.framework%2FVersions%2FA%2FResources%2FAddSelToArrange.strings	de	100050.title	value	f7ff1178af20
Contents%2FFrameworks%2FLogic.framework%2FVersions%2FA%2FResources%2FAddSelToArrange.strings	de	100050.title	value#ci	ec9fdf7c141c
Contents%2FFrameworks%2FLogic.framework%2FVersions%2FA%2FResources%2FAddSelToArrange.strings	es	100050.title	value	bb9dbb406dcb
Contents%2FFrameworks%2FLogic.framework%2FVersions%2FA%2FResources%2FAddSelToArrange.strings	es	100050.title	value#ci	3f1b1d59789a
Contents%2FFrameworks%2FLogic.framework%2FVersions%2FA%2FResources%2FAddSelToArrange.strings	fr	100050.title	value	46ad3916f6a0
Contents%2FFrameworks%2FLogic.framework%2FVersions%2FA%2FResources%2FAddSelToArrange.strings	fr	100050.title	value#ci	091cc840f0d1
Contents%2FFrameworks%2FLogic.framework%2FVersions%2FA%2FResources%2FAddSelToArrange.strings	it	100050.title	value	18c9d912a210
Contents%2FFrameworks%2FLogic.framework%2FVersions%2FA%2FResources%2FAddSelToArrange.strings	it	100050.title	value#ci	715bcd5c916a
Contents%2FFrameworks%2FLogic.framework%2FVersions%2FA%2FResources%2FAddSelToArrange.strings	ja	100050.title	value	bca84ea5c65f
Contents%2FFrameworks%2FLogic.framework%2FVersions%2FA%2FResources%2FAddSelToArrange.strings	ja	100050.title	value#ci	bca84ea5c65f
Contents%2FFrameworks%2FLogic.framework%2FVersions%2FA%2FResources%2FAddSelToArrange.strings	ko	100050.title	value	be876433993a
Contents%2FFrameworks%2FLogic.framework%2FVersions%2FA%2FResources%2FAddSelToArrange.strings	ko	100050.title	value#ci	be876433993a
Contents%2FFrameworks%2FLogic.framework%2FVersions%2FA%2FResources%2FAddSelToArrange.strings	pt	100050.title	value	bb9dbb406dcb
Contents%2FFrameworks%2FLogic.framework%2FVersions%2FA%2FResources%2FAddSelToArrange.strings	pt	100050.title	value#ci	3f1b1d59789a
Contents%2FFrameworks%2FLogic.framework%2FVersions%2FA%2FResources%2FAddSelToArrange.strings	zh_CN	100050.title	value	2cd0f3be8738
Contents%2FFrameworks%2FLogic.framework%2FVersions%2FA%2FResources%2FAddSelToArrange.strings	zh_CN	100050.title	value#ci	2cd0f3be8738
Contents%2FFrameworks%2FLogic.framework%2FVersions%2FA%2FResources%2FAddSelToArrange.strings	zh_TW	100050.title	value	2cd0f3be8738
Contents%2FFrameworks%2FLogic.framework%2FVersions%2FA%2FResources%2FAddSelToArrange.strings	zh_TW	100050.title	value#ci	2cd0f3be8738
Contents%2FFrameworks%2FLogic.framework%2FVersions%2FA%2FResources%2FAdvancedSearch.strings	de	34.title	value	bc1b88907d3b
Contents%2FFrameworks%2FLogic.framework%2FVersions%2FA%2FResources%2FAdvancedSearch.strings	de	34.title	value#ci	6ed8919ce204
Contents%2FFrameworks%2FLogic.framework%2FVersions%2FA%2FResources%2FAdvancedSearch.strings	es	34.title	value	bc1b88907d3b
Contents%2FFrameworks%2FLogic.framework%2FVersions%2FA%2FResources%2FAdvancedSearch.strings	es	34.title	value#ci	6ed8919ce204
Contents%2FFrameworks%2FLogic.framework%2FVersions%2FA%2FResources%2FAdvancedSearch.strings	fr	34.title	value	bc1b88907d3b
Contents%2FFrameworks%2FLogic.framework%2FVersions%2FA%2FResources%2FAdvancedSearch.strings	fr	34.title	value#ci	6ed8919ce204
Contents%2FFrameworks%2FLogic.framework%2FVersions%2FA%2FResources%2FAdvancedSearch.strings	it	34.title	value	bc1b88907d3b
Contents%2FFrameworks%2FLogic.framework%2FVersions%2FA%2FResources%2FAdvancedSearch.strings	it	34.title	value#ci	6ed8919ce204
Contents%2FFrameworks%2FLogic.framework%2FVersions%2FA%2FResources%2FAdvancedSearch.strings	ja	34.title	value	cac0f4f215dc
Contents%2FFrameworks%2FLogic.framework%2FVersions%2FA%2FResources%2FAdvancedSearch.strings	ja	34.title	value#ci	cac0f4f215dc
Contents%2FFrameworks%2FLogic.framework%2FVersions%2FA%2FResources%2FAdvancedSearch.strings	ko	34.title	value	2059709cfa97
Contents%2FFrameworks%2FLogic.framework%2FVersions%2FA%2FResources%2FAdvancedSearch.strings	ko	34.title	value#ci	2059709cfa97
Contents%2FFrameworks%2FLogic.framework%2FVersions%2FA%2FResources%2FAdvancedSearch.strings	pt	34.title	value	195c60bb2325
Contents%2FFrameworks%2FLogic.framework%2FVersions%2FA%2FResources%2FAdvancedSearch.strings	pt	34.title	value#ci	f9f5483cfe36
Contents%2FFrameworks%2FLogic.framework%2FVersions%2FA%2FResources%2FAdvancedSearch.strings	zh_CN	34.title	value	296c632ec857
Contents%2FFrameworks%2FLogic.framework%2FVersions%2FA%2FResources%2FAdvancedSearch.strings	zh_CN	34.title	value#ci	296c632ec857
Contents%2FFrameworks%2FLogic.framework%2FVersions%2FA%2FResources%2FAdvancedSearch.strings	zh_TW	34.title	value	08257452ff98
Contents%2FFrameworks%2FLogic.framework%2FVersions%2FA%2FResources%2FAdvancedSearch.strings	zh_TW	34.title	value#ci	08257452ff98
Contents%2FFrameworks%2FLogic.framework%2FVersions%2FA%2FResources%2FAllTracksToWriteMode.strings	de	31.title	value	1085bd3674b8
Contents%2FFrameworks%2FLogic.framework%2FVersions%2FA%2FResources%2FAllTracksToWriteMode.strings	de	31.title	value#ci	83b6a889a09a
Contents%2FFrameworks%2FLogic.framework%2FVersions%2FA%2FResources%2FAllTracksToWriteMode.strings	es	31.title	value	1085bd3674b8
Contents%2FFrameworks%2FLogic.framework%2FVersions%2FA%2FResources%2FAllTracksToWriteMode.strings	es	31.title	value#ci	83b6a889a09a
Contents%2FFrameworks%2FLogic.framework%2FVersions%2FA%2FResources%2FAllTracksToWriteMode.strings	fr	31.title	value	1085bd3674b8
Contents%2FFrameworks%2FLogic.framework%2FVersions%2FA%2FResources%2FAllTracksToWriteMode.strings	fr	31.title	value#ci	83b6a889a09a
Contents%2FFrameworks%2FLogic.framework%2FVersions%2FA%2FResources%2FAllTracksToWriteMode.strings	it	31.title	value	1085bd3674b8
Contents%2FFrameworks%2FLogic.framework%2FVersions%2FA%2FResources%2FAllTracksToWriteMode.strings	it	31.title	value#ci	83b6a889a09a
Contents%2FFrameworks%2FLogic.framework%2FVersions%2FA%2FResources%2FAllTracksToWriteMode.strings	ja	31.title	value	1085bd3674b8
Contents%2FFrameworks%2FLogic.framework%2FVersions%2FA%2FResources%2FAllTracksToWriteMode.strings	ja	31.title	value#ci	83b6a889a09a
Contents%2FFrameworks%2FLogic.framework%2FVersions%2FA%2FResources%2FAllTracksToWriteMode.strings	ko	31.title	value	0f3dfb6563e2
Contents%2FFrameworks%2FLogic.framework%2FVersions%2FA%2FResources%2FAllTracksToWriteMode.strings	ko	31.title	value#ci	0f3dfb6563e2
Contents%2FFrameworks%2FLogic.framework%2FVersions%2FA%2FResources%2FAllTracksToWriteMode.strings	pt	31.title	value	1085bd3674b8
Contents%2FFrameworks%2FLogic.framework%2FVersions%2FA%2FResources%2FAllTracksToWriteMode.strings	pt	31.title	value#ci	83b6a889a09a
Contents%2FFrameworks%2FLogic.framework%2FVersions%2FA%2FResources%2FAllTracksToWriteMode.strings	zh_CN	31.title	value	1085bd3674b8
Contents%2FFrameworks%2FLogic.framework%2FVersions%2FA%2FResources%2FAllTracksToWriteMode.strings	zh_CN	31.title	value#ci	83b6a889a09a
Contents%2FFrameworks%2FLogic.framework%2FVersions%2FA%2FResources%2FAllTracksToWriteMode.strings	zh_TW	31.title	value	1085bd3674b8
Contents%2FFrameworks%2FLogic.framework%2FVersions%2FA%2FResources%2FAllTracksToWriteMode.strings	zh_TW	31.title	value#ci	83b6a889a09a
Contents%2FFrameworks%2FLogic.framework%2FVersions%2FA%2FResources%2FBounceInPlace.strings	de	12.title	value	6a2192d9ee0d
Contents%2FFrameworks%2FLogic.framework%2FVersions%2FA%2FResources%2FBounceInPlace.strings	de	12.title	value#ci	9dd7a0f74334
Contents%2FFrameworks%2FLogic.framework%2FVersions%2FA%2FResources%2FBounceInPlace.strings	de	7B5-NP-XpR.title	value	9a175023fd1b
Contents%2FFrameworks%2FLogic.framework%2FVersions%2FA%2FResources%2FBounceInPlace.strings	de	7B5-NP-XpR.title	value#ci	0ef266970f84
Contents%2FFrameworks%2FLogic.framework%2FVersions%2FA%2FResources%2FBounceInPlace.strings	es	12.title	value	05748cff482b
Contents%2FFrameworks%2FLogic.framework%2FVersions%2FA%2FResources%2FBounceInPlace.strings	es	12.title	value#ci	c566c551a862
Contents%2FFrameworks%2FLogic.framework%2FVersions%2FA%2FResources%2FBounceInPlace.strings	es	7B5-NP-XpR.title	value	017c0ca17164
Contents%2FFrameworks%2FLogic.framework%2FVersions%2FA%2FResources%2FBounceInPlace.strings	es	7B5-NP-XpR.title	value#ci	a3a478e42079
Contents%2FFrameworks%2FLogic.framework%2FVersions%2FA%2FResources%2FBounceInPlace.strings	fr	12.title	value	81830394e04c
Contents%2FFrameworks%2FLogic.framework%2FVersions%2FA%2FResources%2FBounceInPlace.strings	fr	12.title	value#ci	05db322c7cfc
Contents%2FFrameworks%2FLogic.framework%2FVersions%2FA%2FResources%2FBounceInPlace.strings	fr	7B5-NP-XpR.title	value	b8fd0b6bf6f4
Contents%2FFrameworks%2FLogic.framework%2FVersions%2FA%2FResources%2FBounceInPlace.strings	fr	7B5-NP-XpR.title	value#ci	b1479e479f3d
Contents%2FFrameworks%2FLogic.framework%2FVersions%2FA%2FResources%2FBounceInPlace.strings	it	12.title	value	14af5b7446f4
Contents%2FFrameworks%2FLogic.framework%2FVersions%2FA%2FResources%2FBounceInPlace.strings	it	12.title	value#ci	81bc829108f4
Contents%2FFrameworks%2FLogic.framework%2FVersions%2FA%2FResources%2FBounceInPlace.strings	it	7B5-NP-XpR.title	value	bbe6534befa9
Contents%2FFrameworks%2FLogic.framework%2FVersions%2FA%2FResources%2FBounceInPlace.strings	it	7B5-NP-XpR.title	value#ci	6daf1e8dfd18
Contents%2FFrameworks%2FLogic.framework%2FVersions%2FA%2FResources%2FBounceInPlace.strings	ja	12.title	value	b3ee1525ccf1
Contents%2FFrameworks%2FLogic.framework%2FVersions%2FA%2FResources%2FBounceInPlace.strings	ja	12.title	value#ci	b3ee1525ccf1
Contents%2FFrameworks%2FLogic.framework%2FVersions%2FA%2FResources%2FBounceInPlace.strings	ja	7B5-NP-XpR.title	value	c47cd700f4e0
Contents%2FFrameworks%2FLogic.framework%2FVersions%2FA%2FResources%2FBounceInPlace.strings	ja	7B5-NP-XpR.title	value#ci	c47cd700f4e0
Contents%2FFrameworks%2FLogic.framework%2FVersions%2FA%2FResources%2FBounceInPlace.strings	ko	12.title	value	d0a2c600a1d8
Contents%2FFrameworks%2FLogic.framework%2FVersions%2FA%2FResources%2FBounceInPlace.strings	ko	12.title	value#ci	d0a2c600a1d8
Contents%2FFrameworks%2FLogic.framework%2FVersions%2FA%2FResources%2FBounceInPlace.strings	ko	7B5-NP-XpR.title	value	fc30b004c848
Contents%2FFrameworks%2FLogic.framework%2FVersions%2FA%2FResources%2FBounceInPlace.strings	ko	7B5-NP-XpR.title	value#ci	fc30b004c848
Contents%2FFrameworks%2FLogic.framework%2FVersions%2FA%2FResources%2FBounceInPlace.strings	pt	12.title	value	31c4542339a4
Contents%2FFrameworks%2FLogic.framework%2FVersions%2FA%2FResources%2FBounceInPlace.strings	pt	12.title	value#ci	ba7fd06003e7
Contents%2FFrameworks%2FLogic.framework%2FVersions%2FA%2FResources%2FBounceInPlace.strings	pt	7B5-NP-XpR.title	value	bd0c71aee8a1
Contents%2FFrameworks%2FLogic.framework%2FVersions%2FA%2FResources%2FBounceInPlace.strings	pt	7B5-NP-XpR.title	value#ci	673d79f63550
Contents%2FFrameworks%2FLogic.framework%2FVersions%2FA%2FResources%2FBounceInPlace.strings	zh_CN	12.title	value	719002bde3e3
Contents%2FFrameworks%2FLogic.framework%2FVersions%2FA%2FResources%2FBounceInPlace.strings	zh_CN	12.title	value#ci	719002bde3e3
Contents%2FFrameworks%2FLogic.framework%2FVersions%2FA%2FResources%2FBounceInPlace.strings	zh_CN	7B5-NP-XpR.title	value	d948fe23939e
Contents%2FFrameworks%2FLogic.framework%2FVersions%2FA%2FResources%2FBounceInPlace.strings	zh_CN	7B5-NP-XpR.title	value#ci	d948fe23939e
Contents%2FFrameworks%2FLogic.framework%2FVersions%2FA%2FResources%2FBounceInPlace.strings	zh_TW	12.title	value	8a1646894554
Contents%2FFrameworks%2FLogic.framework%2FVersions%2FA%2FResources%2FBounceInPlace.strings	zh_TW	12.title	value#ci	8a1646894554
Contents%2FFrameworks%2FLogic.framework%2FVersions%2FA%2FResources%2FBounceInPlace.strings	zh_TW	7B5-NP-XpR.title	value	0bde52e62cb0
Contents%2FFrameworks%2FLogic.framework%2FVersions%2FA%2FResources%2FBounceInPlace.strings	zh_TW	7B5-NP-XpR.title	value#ci	0bde52e62cb0
Contents%2FFrameworks%2FLogic.framework%2FVersions%2FA%2FResources%2FContentRelocation.strings	de	QR6-Rb-bj7.headerCell.title	value	920e413c7d41
Contents%2FFrameworks%2FLogic.framework%2FVersions%2FA%2FResources%2FContentRelocation.strings	de	QR6-Rb-bj7.headerCell.title	value#ci	073c1634c496
Contents%2FFrameworks%2FLogic.framework%2FVersions%2FA%2FResources%2FContentRelocation.strings	es	QR6-Rb-bj7.headerCell.title	value	98e5acddb6c4
Contents%2FFrameworks%2FLogic.framework%2FVersions%2FA%2FResources%2FContentRelocation.strings	es	QR6-Rb-bj7.headerCell.title	value#ci	2e7f8e8c72e5
Contents%2FFrameworks%2FLogic.framework%2FVersions%2FA%2FResources%2FContentRelocation.strings	fr	QR6-Rb-bj7.headerCell.title	value	de4dd03297a1
Contents%2FFrameworks%2FLogic.framework%2FVersions%2FA%2FResources%2FContentRelocation.strings	fr	QR6-Rb-bj7.headerCell.title	value#ci	4cd470701d1e
Contents%2FFrameworks%2FLogic.framework%2FVersions%2FA%2FResources%2FContentRelocation.strings	it	QR6-Rb-bj7.headerCell.title	value	5d788017bfe4
Contents%2FFrameworks%2FLogic.framework%2FVersions%2FA%2FResources%2FContentRelocation.strings	it	QR6-Rb-bj7.headerCell.title	value#ci	dbb0bd0ad8aa
Contents%2FFrameworks%2FLogic.framework%2FVersions%2FA%2FResources%2FContentRelocation.strings	ja	QR6-Rb-bj7.headerCell.title	value	6f7f5f42876b
Contents%2FFrameworks%2FLogic.framework%2FVersions%2FA%2FResources%2FContentRelocation.strings	ja	QR6-Rb-bj7.headerCell.title	value#ci	6f7f5f42876b
Contents%2FFrameworks%2FLogic.framework%2FVersions%2FA%2FResources%2FContentRelocation.strings	ko	QR6-Rb-bj7.headerCell.title	value	e10195a1239f
Contents%2FFrameworks%2FLogic.framework%2FVersions%2FA%2FResources%2FContentRelocation.strings	ko	QR6-Rb-bj7.headerCell.title	value#ci	e10195a1239f
Contents%2FFrameworks%2FLogic.framework%2FVersions%2FA%2FResources%2FContentRelocation.strings	pt	QR6-Rb-bj7.headerCell.title	value	98e5acddb6c4
Contents%2FFrameworks%2FLogic.framework%2FVersions%2FA%2FResources%2FContentRelocation.strings	pt	QR6-Rb-bj7.headerCell.title	value#ci	2e7f8e8c72e5
Contents%2FFrameworks%2FLogic.framework%2FVersions%2FA%2FResources%2FContentRelocation.strings	zh_CN	QR6-Rb-bj7.headerCell.title	value	6320b4a8722a
Contents%2FFrameworks%2FLogic.framework%2FVersions%2FA%2FResources%2FContentRelocation.strings	zh_CN	QR6-Rb-bj7.headerCell.title	value#ci	6320b4a8722a
Contents%2FFrameworks%2FLogic.framework%2FVersions%2FA%2FResources%2FContentRelocation.strings	zh_TW	QR6-Rb-bj7.headerCell.title	value	e01b94ddd5d5
Contents%2FFrameworks%2FLogic.framework%2FVersions%2FA%2FResources%2FContentRelocation.strings	zh_TW	QR6-Rb-bj7.headerCell.title	value#ci	e01b94ddd5d5
Contents%2FFrameworks%2FLogic.framework%2FVersions%2FA%2FResources%2FEXSKeyActions.strings	de	110.title	value	562c265c9328
Contents%2FFrameworks%2FLogic.framework%2FVersions%2FA%2FResources%2FEXSKeyActions.strings	de	110.title	value#ci	6a49a70f7b4f
Contents%2FFrameworks%2FLogic.framework%2FVersions%2FA%2FResources%2FEXSKeyActions.strings	es	110.title	value	13e51a210f45
Contents%2FFrameworks%2FLogic.framework%2FVersions%2FA%2FResources%2FEXSKeyActions.strings	es	110.title	value#ci	2fcad64bb139
Contents%2FFrameworks%2FLogic.framework%2FVersions%2FA%2FResources%2FEXSKeyActions.strings	fr	110.title	value	71dc74873e23
Contents%2FFrameworks%2FLogic.framework%2FVersions%2FA%2FResources%2FEXSKeyActions.strings	fr	110.title	value#ci	99b301be8578
Contents%2FFrameworks%2FLogic.framework%2FVersions%2FA%2FResources%2FEXSKeyActions.strings	it	110.title	value	c5997e85ae51
Contents%2FFrameworks%2FLogic.framework%2FVersions%2FA%2FResources%2FEXSKeyActions.strings	it	110.title	value#ci	6f63d3537f7c
Contents%2FFrameworks%2FLogic.framework%2FVersions%2FA%2FResources%2FEXSKeyActions.strings	ja	110.title	value	a3030bf8f16d
Contents%2FFrameworks%2FLogic.framework%2FVersions%2FA%2FResources%2FEXSKeyActions.strings	ja	110.title	value#ci	a3030bf8f16d
Contents%2FFrameworks%2FLogic.framework%2FVersions%2FA%2FResources%2FEXSKeyActions.strings	ko	110.title	value	5fb926229090
Contents%2FFrameworks%2FLogic.framework%2FVersions%2FA%2FResources%2FEXSKeyActions.strings	ko	110.title	value#ci	5fb926229090
Contents%2FFrameworks%2FLogic.framework%2FVersions%2FA%2FResources%2FEXSKeyActions.strings	pt	110.title	value	aef7cd5b2081
Contents%2FFrameworks%2FLogic.framework%2FVersions%2FA%2FResources%2FEXSKeyActions.strings	pt	110.title	value#ci	148f9afb9911
Contents%2FFrameworks%2FLogic.framework%2FVersions%2FA%2FResources%2FEXSKeyActions.strings	zh_CN	110.title	value	a3030bf8f16d
Contents%2FFrameworks%2FLogic.framework%2FVersions%2FA%2FResources%2FEXSKeyActions.strings	zh_CN	110.title	value#ci	a3030bf8f16d
Contents%2FFrameworks%2FLogic.framework%2FVersions%2FA%2FResources%2FEXSKeyActions.strings	zh_TW	110.title	value	dba44ed3f54f
Contents%2FFrameworks%2FLogic.framework%2FVersions%2FA%2FResources%2FEXSKeyActions.strings	zh_TW	110.title	value#ci	dba44ed3f54f
Contents%2FFrameworks%2FLogic.framework%2FVersions%2FA%2FResources%2FGotoPosition.strings	de	5.title	value	db99ad027220
Contents%2FFrameworks%2FLogic.framework%2FVersions%2FA%2FResources%2FGotoPosition.strings	de	5.title	value#ci	786343fea3c9
Contents%2FFrameworks%2FLogic.framework%2FVersions%2FA%2FResources%2FGotoPosition.strings	es	5.title	value	3638541cfc49
Contents%2FFrameworks%2FLogic.framework%2FVersions%2FA%2FResources%2FGotoPosition.strings	es	5.title	value#ci	2e2e1ea3e2da
Contents%2FFrameworks%2FLogic.framework%2FVersions%2FA%2FResources%2FGotoPosition.strings	fr	5.title	value	3bf33c3f42c0
Contents%2FFrameworks%2FLogic.framework%2FVersions%2FA%2FResources%2FGotoPosition.strings	fr	5.title	value#ci	73a8bf3959e6
Contents%2FFrameworks%2FLogic.framework%2FVersions%2FA%2FResources%2FGotoPosition.strings	it	5.title	value	df0d5b6de09a
Contents%2FFrameworks%2FLogic.framework%2FVersions%2FA%2FResources%2FGotoPosition.strings	it	5.title	value#ci	fe23a187eaec
Contents%2FFrameworks%2FLogic.framework%2FVersions%2FA%2FResources%2FGotoPosition.strings	ja	5.title	value	a598392ca3e8
Contents%2FFrameworks%2FLogic.framework%2FVersions%2FA%2FResources%2FGotoPosition.strings	ja	5.title	value#ci	a598392ca3e8
Contents%2FFrameworks%2FLogic.framework%2FVersions%2FA%2FResources%2FGotoPosition.strings	ko	5.title	value	3c26fef5edde
Contents%2FFrameworks%2FLogic.framework%2FVersions%2FA%2FResources%2FGotoPosition.strings	ko	5.title	value#ci	3c26fef5edde
Contents%2FFrameworks%2FLogic.framework%2FVersions%2FA%2FResources%2FGotoPosition.strings	pt	5.title	value	7f5b0aedf814
Contents%2FFrameworks%2FLogic.framework%2FVersions%2FA%2FResources%2FGotoPosition.strings	pt	5.title	value#ci	62ab8ab7b165
Contents%2FFrameworks%2FLogic.framework%2FVersions%2FA%2FResources%2FGotoPosition.strings	zh_CN	5.title	value	5fe85366f116
Contents%2FFrameworks%2FLogic.framework%2FVersions%2FA%2FResources%2FGotoPosition.strings	zh_CN	5.title	value#ci	5fe85366f116
Contents%2FFrameworks%2FLogic.framework%2FVersions%2FA%2FResources%2FGotoPosition.strings	zh_TW	5.title	value	5fe85366f116
Contents%2FFrameworks%2FLogic.framework%2FVersions%2FA%2FResources%2FGotoPosition.strings	zh_TW	5.title	value#ci	5fe85366f116
Contents%2FFrameworks%2FLogic.framework%2FVersions%2FA%2FResources%2FInstall.strings	de	164.title	value	f5680425f4b5
Contents%2FFrameworks%2FLogic.framework%2FVersions%2FA%2FResources%2FInstall.strings	de	164.title	value#ci	ad27970d1914
Contents%2FFrameworks%2FLogic.framework%2FVersions%2FA%2FResources%2FInstall.strings	es	164.title	value	8e8a1dd48676
Contents%2FFrameworks%2FLogic.framework%2FVersions%2FA%2FResources%2FInstall.strings	es	164.title	value#ci	aaf92b819ad2
Contents%2FFrameworks%2FLogic.framework%2FVersions%2FA%2FResources%2FInstall.strings	fr	164.title	value	bb6b121974b6
Contents%2FFrameworks%2FLogic.framework%2FVersions%2FA%2FResources%2FInstall.strings	fr	164.title	value#ci	9c0d294c05fc
Contents%2FFrameworks%2FLogic.framework%2FVersions%2FA%2FResources%2FInstall.strings	it	164.title	value	c4e65a95bf27
Contents%2FFrameworks%2FLogic.framework%2FVersions%2FA%2FResources%2FInstall.strings	it	164.title	value#ci	e7840a19bd2c
Contents%2FFrameworks%2FLogic.framework%2FVersions%2FA%2FResources%2FInstall.strings	ja	164.title	value	d95bee28d794
Contents%2FFrameworks%2FLogic.framework%2FVersions%2FA%2FResources%2FInstall.strings	ja	164.title	value#ci	d95bee28d794
Contents%2FFrameworks%2FLogic.framework%2FVersions%2FA%2FResources%2FInstall.strings	ko	164.title	value	6a28baa53ad4
Contents%2FFrameworks%2FLogic.framework%2FVersions%2FA%2FResources%2FInstall.strings	ko	164.title	value#ci	6a28baa53ad4
Contents%2FFrameworks%2FLogic.framework%2FVersions%2FA%2FResources%2FInstall.strings	pt	164.title	value	21fcc6cd4328
Contents%2FFrameworks%2FLogic.framework%2FVersions%2FA%2FResources%2FInstall.strings	pt	164.title	value#ci	eeaeb7f9fc09
Contents%2FFrameworks%2FLogic.framework%2FVersions%2FA%2FResources%2FInstall.strings	zh_CN	164.title	value	e8f88f51ccb0
Contents%2FFrameworks%2FLogic.framework%2FVersions%2FA%2FResources%2FInstall.strings	zh_CN	164.title	value#ci	e8f88f51ccb0
Contents%2FFrameworks%2FLogic.framework%2FVersions%2FA%2FResources%2FInstall.strings	zh_TW	164.title	value	54cbbf8c26b9
Contents%2FFrameworks%2FLogic.framework%2FVersions%2FA%2FResources%2FInstall.strings	zh_TW	164.title	value#ci	54cbbf8c26b9
Contents%2FFrameworks%2FLogic.framework%2FVersions%2FA%2FResources%2FKeyCommands.strings	de	300557.title	value	cc3f86cfbc1e
Contents%2FFrameworks%2FLogic.framework%2FVersions%2FA%2FResources%2FKeyCommands.strings	de	300557.title	value#ci	d31eeb7d43af
Contents%2FFrameworks%2FLogic.framework%2FVersions%2FA%2FResources%2FKeyCommands.strings	de	300622.title	value	a6b6c2b3188a
Contents%2FFrameworks%2FLogic.framework%2FVersions%2FA%2FResources%2FKeyCommands.strings	de	300622.title	value#ci	990c765c73bf
Contents%2FFrameworks%2FLogic.framework%2FVersions%2FA%2FResources%2FKeyCommands.strings	es	300557.title	value	1a4d1c48f76f
Contents%2FFrameworks%2FLogic.framework%2FVersions%2FA%2FResources%2FKeyCommands.strings	es	300557.title	value#ci	b0b40aa3d098
Contents%2FFrameworks%2FLogic.framework%2FVersions%2FA%2FResources%2FKeyCommands.strings	es	300622.title	value	d5ce88fe16f7
Contents%2FFrameworks%2FLogic.framework%2FVersions%2FA%2FResources%2FKeyCommands.strings	es	300622.title	value#ci	895a2db78698
Contents%2FFrameworks%2FLogic.framework%2FVersions%2FA%2FResources%2FKeyCommands.strings	fr	300557.title	value	2915799ec2b6
Contents%2FFrameworks%2FLogic.framework%2FVersions%2FA%2FResources%2FKeyCommands.strings	fr	300557.title	value#ci	cba997669998
Contents%2FFrameworks%2FLogic.framework%2FVersions%2FA%2FResources%2FKeyCommands.strings	fr	300622.title	value	d8f8fcae37ff
Contents%2FFrameworks%2FLogic.framework%2FVersions%2FA%2FResources%2FKeyCommands.strings	fr	300622.title	value#ci	44d3a3495ae2
Contents%2FFrameworks%2FLogic.framework%2FVersions%2FA%2FResources%2FKeyCommands.strings	it	300557.title	value	91dc0e26db6f
Contents%2FFrameworks%2FLogic.framework%2FVersions%2FA%2FResources%2FKeyCommands.strings	it	300557.title	value#ci	c754c537ffda
Contents%2FFrameworks%2FLogic.framework%2FVersions%2FA%2FResources%2FKeyCommands.strings	it	300622.title	value	935ac470bd35
Contents%2FFrameworks%2FLogic.framework%2FVersions%2FA%2FResources%2FKeyCommands.strings	it	300622.title	value#ci	5d2b27e8522f
Contents%2FFrameworks%2FLogic.framework%2FVersions%2FA%2FResources%2FKeyCommands.strings	ja	300557.title	value	14668de474ce
Contents%2FFrameworks%2FLogic.framework%2FVersions%2FA%2FResources%2FKeyCommands.strings	ja	300557.title	value#ci	14668de474ce
Contents%2FFrameworks%2FLogic.framework%2FVersions%2FA%2FResources%2FKeyCommands.strings	ja	300622.title	value	b3b80d82daf3
Contents%2FFrameworks%2FLogic.framework%2FVersions%2FA%2FResources%2FKeyCommands.strings	ja	300622.title	value#ci	b3b80d82daf3
Contents%2FFrameworks%2FLogic.framework%2FVersions%2FA%2FResources%2FKeyCommands.strings	ko	300557.title	value	cda6b55b0b92
Contents%2FFrameworks%2FLogic.framework%2FVersions%2FA%2FResources%2FKeyCommands.strings	ko	300557.title	value#ci	cda6b55b0b92
Contents%2FFrameworks%2FLogic.framework%2FVersions%2FA%2FResources%2FKeyCommands.strings	ko	300622.title	value	987ea54bf7ca
Contents%2FFrameworks%2FLogic.framework%2FVersions%2FA%2FResources%2FKeyCommands.strings	ko	300622.title	value#ci	987ea54bf7ca
Contents%2FFrameworks%2FLogic.framework%2FVersions%2FA%2FResources%2FKeyCommands.strings	pt	300557.title	value	872094a82877
Contents%2FFrameworks%2FLogic.framework%2FVersions%2FA%2FResources%2FKeyCommands.strings	pt	300557.title	value#ci	1c33f3001bfa
Contents%2FFrameworks%2FLogic.framework%2FVersions%2FA%2FResources%2FKeyCommands.strings	pt	300622.title	value	cb5b463bee77
Contents%2FFrameworks%2FLogic.framework%2FVersions%2FA%2FResources%2FKeyCommands.strings	pt	300622.title	value#ci	d147ce44b9f7
Contents%2FFrameworks%2FLogic.framework%2FVersions%2FA%2FResources%2FKeyCommands.strings	zh_CN	300557.title	value	dac3d2ba2605
Contents%2FFrameworks%2FLogic.framework%2FVersions%2FA%2FResources%2FKeyCommands.strings	zh_CN	300557.title	value#ci	dac3d2ba2605
Contents%2FFrameworks%2FLogic.framework%2FVersions%2FA%2FResources%2FKeyCommands.strings	zh_CN	300622.title	value	ed3ca6cb2772
Contents%2FFrameworks%2FLogic.framework%2FVersions%2FA%2FResources%2FKeyCommands.strings	zh_CN	300622.title	value#ci	ed3ca6cb2772
Contents%2FFrameworks%2FLogic.framework%2FVersions%2FA%2FResources%2FKeyCommands.strings	zh_TW	300557.title	value	3e11a9ea0d31
Contents%2FFrameworks%2FLogic.framework%2FVersions%2FA%2FResources%2FKeyCommands.strings	zh_TW	300557.title	value#ci	3e11a9ea0d31
Contents%2FFrameworks%2FLogic.framework%2FVersions%2FA%2FResources%2FKeyCommands.strings	zh_TW	300622.title	value	5f7f016c7a4a
Contents%2FFrameworks%2FLogic.framework%2FVersions%2FA%2FResources%2FKeyCommands.strings	zh_TW	300622.title	value#ci	5f7f016c7a4a
Contents%2FFrameworks%2FLogic.framework%2FVersions%2FA%2FResources%2FLocalizable.strings	de	All%20Plug-in%20Windows%23acc	value	bfa4fe505bdc
Contents%2FFrameworks%2FLogic.framework%2FVersions%2FA%2FResources%2FLocalizable.strings	de	All%20Plug-in%20Windows%23acc	value#ci	ab782f5c2a2f
Contents%2FFrameworks%2FLogic.framework%2FVersions%2FA%2FResources%2FLocalizable.strings	de	All%20Tracks%20as%20Audio%20Files%E2%80%A6	value	c2ddbb0dc3b7
Contents%2FFrameworks%2FLogic.framework%2FVersions%2FA%2FResources%2FLocalizable.strings	de	All%20Tracks%20as%20Audio%20Files%E2%80%A6	value#ci	e3068d4ee747
Contents%2FFrameworks%2FLogic.framework%2FVersions%2FA%2FResources%2FLocalizable.strings	de	Audio%20Channel	value	99722ead282b
Contents%2FFrameworks%2FLogic.framework%2FVersions%2FA%2FResources%2FLocalizable.strings	de	Audio%20Channel	value#ci	1869df333117
Contents%2FFrameworks%2FLogic.framework%2FVersions%2FA%2FResources%2FLocalizable.strings	de	Audio%20Units	value	c8cf2c25cd0f
Contents%2FFrameworks%2FLogic.framework%2FVersions%2FA%2FResources%2FLocalizable.strings	de	Audio%20Units	value#ci	ebb1fc0d387c
Contents%2FFrameworks%2FLogic.framework%2FVersions%2FA%2FResources%2FLocalizable.strings	de	Autopunch	value	a4e8a3596df7
Contents%2FFrameworks%2FLogic.framework%2FVersions%2FA%2FResources%2FLocalizable.strings	de	Autopunch	value#ci	5931d6213bb9
Contents%2FFrameworks%2FLogic.framework%2FVersions%2FA%2FResources%2FLocalizable.strings	de	Ch	value	208a0c499bc3
Contents%2FFrameworks%2FLogic.framework%2FVersions%2FA%2FResources%2FLocalizable.strings	de	Ch	value#ci	df599b0ace54
Contents%2FFrameworks%2FLogic.framework%2FVersions%2FA%2FResources%2FLocalizable.strings	de	Choose	value	0bf1eddb22bf
Contents%2FFrameworks%2FLogic.framework%2FVersions%2FA%2FResources%2FLocalizable.strings	de	Choose	value#ci	404f5e6aed7a
Contents%2FFrameworks%2FLogic.framework%2FVersions%2FA%2FResources%2FLocalizable.strings	de	Choose%20a%20Project	value	6d9a3f60539b
Contents%2FFrameworks%2FLogic.framework%2FVersions%2FA%2FResources%2FLocalizable.strings	de	Choose%20a%20Project	value#ci	9b8081f8c80d
Contents%2FFrameworks%2FLogic.framework%2FVersions%2FA%2FResources%2FLocalizable.strings	de	Control%20Bar%23acc	value	ec241e0e63f7
Contents%2FFrameworks%2FLogic.framework%2FVersions%2FA%2FResources%2FLocalizable.strings	de	Control%20Bar%23acc	value#ci	2d7ea1b19a60
Contents%2FFrameworks%2FLogic.framework%2FVersions%2FA%2FResources%2FLocalizable.strings	de	Create%23und	value	cd7fd99c02fe
Contents%2FFrameworks%2FLogic.framework%2FVersions%2FA%2FResources%2FLocalizable.strings	de	Create%23und	value#ci	f0e6e5952be9
Contents%2FFrameworks%2FLogic.framework%2FVersions%2FA%2FResources%2FLocalizable.strings	de	Creation%20Date	value	f7e822077b6f
Contents%2FFrameworks%2FLogic.framework%2FVersions%2FA%2FResources%2FLocalizable.strings	de	Creation%20Date	value#ci	bb6ccfdbcead
Contents%2FFrameworks%2FLogic.framework%2FVersions%2FA%2FResources%2FLocalizable.strings	de	Cycle	value	518653530449
Contents%2FFrameworks%2FLogic.framework%2FVersions%2FA%2FResources%2FLocalizable.strings	de	Cycle	value#ci	c501935a6b2b
Contents%2FFrameworks%2FLogic.framework%2FVersions%2FA%2FResources%2FLocalizable.strings	de	Delete%20Track	value	34e9abb2adf7
Contents%2FFrameworks%2FLogic.framework%2FVersions%2FA%2FResources%2FLocalizable.strings	de	Delete%20Track	value#ci	fae5935e9e7f
Contents%2FFrameworks%2FLogic.framework%2FVersions%2FA%2FResources%2FLocalizable.strings	de	Delete%23key	value	6c2d352161df
Contents%2FFrameworks%2FLogic.framework%2FVersions%2FA%2FResources%2FLocalizable.strings	de	Delete%23key	value#ci	2f6be48d8af2
Contents%2FFrameworks%2FLogic.framework%2FVersions%2FA%2FResources%2FLocalizable.strings	de	Display%20%25%40%20Channel%20Strips	value	5e7853c3d733
Contents%2FFrameworks%2FLogic.framework%2FVersions%2FA%2FResources%2FLocalizable.strings	de	Display%20%25%40%20Channel%20Strips	value#ci	a0ca6172f41c
Contents%2FFrameworks%2FLogic.framework%2FVersions%2FA%2FResources%2FLocalizable.strings	de	Display%20Mode	value	784f61af07e7
Contents%2FFrameworks%2FLogic.framework%2FVersions%2FA%2FResources%2FLocalizable.strings	de	Display%20Mode	value#ci	f125f62c4403
Contents%2FFrameworks%2FLogic.framework%2FVersions%2FA%2FResources%2FLocalizable.strings	de	Dual%20Mono	value	393b1ec37a84
Contents%2FFrameworks%2FLogic.framework%2FVersions%2FA%2FResources%2FLocalizable.strings	de	Dual%20Mono	value#ci	4e59aec62ebd
Contents%2FFrameworks%2FLogic.framework%2FVersions%2FA%2FResources%2FLocalizable.strings	de	Edit%20Marker%23und	value	436adf224db2
Contents%2FFrameworks%2FLogic.framework%2FVersions%2FA%2FResources%2FLocalizable.strings	de	Edit%20Marker%23und	value#ci	7f2fcce23f92
Contents%2FFrameworks%2FLogic.framework%2FVersions%2FA%2FResources%2FLocalizable.strings	de	Edit%23mti	value	84e45ee73411
Contents%2FFrameworks%2FLogic.framework%2FVersions%2FA%2FResources%2FLocalizable.strings	de	Edit%23mti	value#ci	2b1ed1426f03
Contents%2FFrameworks%2FLogic.framework%2FVersions%2FA%2FResources%2FLocalizable.strings	de	Editor%23acc	value	936a161c3931
Contents%2FFrameworks%2FLogic.framework%2FVersions%2FA%2FResources%2FLocalizable.strings	de	Editor%23acc	value#ci	1553cc62ff24
Contents%2FFrameworks%2FLogic.framework%2FVersions%2FA%2FResources%2FLocalizable.strings	de	Empty%20Project	value	a2a6ae330662
Contents%2FFrameworks%2FLogic.framework%2FVersions%2FA%2FResources%2FLocalizable.strings	de	Empty%20Project	value#ci	0c5926e63c08
Contents%2FFrameworks%2FLogic.framework%2FVersions%2FA%2FResources%2FLocalizable.strings	de	End	value	2ddcd606c872
Contents%2FFrameworks%2FLogic.framework%2FVersions%2FA%2FResources%2FLocalizable.strings	de	End	value#ci	8da1ebbcfde0
Contents%2FFrameworks%2FLogic.framework%2FVersions%2FA%2FResources%2FLocalizable.strings	de	Event%20Position%20and%20Length%20as%20Time	value	db80dd483f08
Contents%2FFrameworks%2FLogic.framework%2FVersions%2FA%2FResources%2FLocalizable.strings	de	Event%20Position%20and%20Length%20as%20Time	value#ci	11ac6a1518ae
Contents%2FFrameworks%2FLogic.framework%2FVersions%2FA%2FResources%2FLocalizable.strings	de	Export%23mti	value	c940a378a142
Contents%2FFrameworks%2FLogic.framework%2FVersions%2FA%2FResources%2FLocalizable.strings	de	Export%23mti	value#ci	b5c04ec0184f
Contents%2FFrameworks%2FLogic.framework%2FVersions%2FA%2FResources%2FLocalizable.strings	de	File%23mti	value	852fe31379e8
Contents%2FFrameworks%2FLogic.framework%2FVersions%2FA%2FResources%2FLocalizable.strings	de	File%23mti	value#ci	43851af40097
Contents%2FFrameworks%2FLogic.framework%2FVersions%2FA%2FResources%2FLocalizable.strings	de	Folder%23mti	value	33029ba1208b
Contents%2FFrameworks%2FLogic.framework%2FVersions%2FA%2FResources%2FLocalizable.strings	de	Folder%23mti	value#ci	cf99ede6ef91
Contents%2FFrameworks%2FLogic.framework%2FVersions%2FA%2FResources%2FLocalizable.strings	de	Go%20To	value	1d7a68f2068b
Contents%2FFrameworks%2FLogic.framework%2FVersions%2FA%2FResources%2FLocalizable.strings	de	Go%20To	value#ci	8c38ff04ae77
Contents%2FFrameworks%2FLogic.framework%2FVersions%2FA%2FResources%2FLocalizable.strings	de	Import%23mti	value	b0b045d64b41
Contents%2FFrameworks%2FLogic.framework%2FVersions%2FA%2FResources%2FLocalizable.strings	de	Import%23mti	value#ci	b8962080c268
Contents%2FFrameworks%2FLogic.framework%2FVersions%2FA%2FResources%2FLocalizable.strings	de	Input%20Port	value	41b54cc02918
Contents%2FFrameworks%2FLogic.framework%2FVersions%2FA%2FResources%2FLocalizable.strings	de	Input%20Port	value#ci	579b57e02dbe
Contents%2FFrameworks%2FLogic.framework%2FVersions%2FA%2FResources%2FLocalizable.strings	de	Inspector%23acc	value	b6b30fdd5998
Contents%2FFrameworks%2FLogic.framework%2FVersions%2FA%2FResources%2FLocalizable.strings	de	Inspector%23acc	value#ci	a9374b32420f
Contents%2FFrameworks%2FLogic.framework%2FVersions%2FA%2FResources%2FLocalizable.strings	de	Instrument%20Names%23acc	value	c6c00ed25764
Contents%2FFrameworks%2FLogic.framework%2FVersions%2FA%2FResources%2FLocalizable.strings	de	Instrument%20Names%23acc	value#ci	17fd9a00cb35
Contents%2FFrameworks%2FLogic.framework%2FVersions%2FA%2FResources%2FLocalizable.strings	de	L	value	72dfcfb0c470
Contents%2FFrameworks%2FLogic.framework%2FVersions%2FA%2FResources%2FLocalizable.strings	de	L	value#ci	acac86c0e609
Contents%2FFrameworks%2FLogic.framework%2FVersions%2FA%2FResources%2FLocalizable.strings	de	Length%23und	value	071f8e682b67
Contents%2FFrameworks%2FLogic.framework%2FVersions%2FA%2FResources%2FLocalizable.strings	de	Length%23und	value#ci	376a877ffb0d
Contents%2FFrameworks%2FLogic.framework%2FVersions%2FA%2FResources%2FLocalizable.strings	de	Length%2FInfo	value	89a9257cccba
Contents%2FFrameworks%2FLogic.framework%2FVersions%2FA%2FResources%2FLocalizable.strings	de	Length%2FInfo	value#ci	428006a3d2f9
Contents%2FFrameworks%2FLogic.framework%2FVersions%2FA%2FResources%2FLocalizable.strings	de	Library%23acc	value	70862cdee3da
Contents%2FFrameworks%2FLogic.framework%2FVersions%2FA%2FResources%2FLocalizable.strings	de	Library%23acc	value#ci	373ec791d727
Contents%2FFrameworks%2FLogic.framework%2FVersions%2FA%2FResources%2FLocalizable.strings	de	Logic%20Pro	value	89d4cb070d7f
Contents%2FFrameworks%2FLogic.framework%2FVersions%2FA%2FResources%2FLocalizable.strings	de	Logic%20Pro	value#ci	a2c7aa6e8f8f
Contents%2FFrameworks%2FLogic.framework%2FVersions%2FA%2FResources%2FLocalizable.strings	de	MIDI%20Channels%23mti	value	5406336ab04f
Contents%2FFrameworks%2FLogic.framework%2FVersions%2FA%2FResources%2FLocalizable.strings	de	MIDI%20Channels%23mti	value#ci	6a49979e2ccf
Contents%2FFrameworks%2FLogic.framework%2FVersions%2FA%2FResources%2FLocalizable.strings	de	MIDI%20File%E2%80%A6	value	10dec4b72863
Contents%2FFrameworks%2FLogic.framework%2FVersions%2FA%2FResources%2FLocalizable.strings	de	MIDI%20File%E2%80%A6	value#ci	584d9ccbfb83
Contents%2FFrameworks%2FLogic.framework%2FVersions%2FA%2FResources%2FLocalizable.strings	de	Mixer%23acc	value	8ae012d51747
Contents%2FFrameworks%2FLogic.framework%2FVersions%2FA%2FResources%2FLocalizable.strings	de	Mixer%23acc	value#ci	7ce74b56300b
Contents%2FFrameworks%2FLogic.framework%2FVersions%2FA%2FResources%2FLocalizable.strings	de	Mono	value	6f00156cec07
Contents%2FFrameworks%2FLogic.framework%2FVersions%2FA%2FResources%2FLocalizable.strings	de	Mono	value#ci	d7de34b17b46
Contents%2FFrameworks%2FLogic.framework%2FVersions%2FA%2FResources%2FLocalizable.strings	de	Mono-%3EStereo	value	2ac9278a5d0d
Contents%2FFrameworks%2FLogic.framework%2FVersions%2FA%2FResources%2FLocalizable.strings	de	Mono-%3EStereo	value#ci	ec2754fb756b
Contents%2FFrameworks%2FLogic.framework%2FVersions%2FA%2FResources%2FLocalizable.strings	de	Move	value	ebd0011aed55
Contents%2FFrameworks%2FLogic.framework%2FVersions%2FA%2FResources%2FLocalizable.strings	de	Move	value#ci	fe3990971026
Contents%2FFrameworks%2FLogic.framework%2FVersions%2FA%2FResources%2FLocalizable.strings	de	Mute%23acc	value	53b5658e3ccd
Contents%2FFrameworks%2FLogic.framework%2FVersions%2FA%2FResources%2FLocalizable.strings	de	Mute%23acc	value#ci	d77cd172baed
Contents%2FFrameworks%2FLogic.framework%2FVersions%2FA%2FResources%2FLocalizable.strings	de	Navigate%23mti	value	2201359e3778
Contents%2FFrameworks%2FLogic.framework%2FVersions%2FA%2FResources%2FLocalizable.strings	de	Navigate%23mti	value#ci	fd955ccd822d
Contents%2FFrameworks%2FLogic.framework%2FVersions%2FA%2FResources%2FLocalizable.strings	de	New%20Audio%20Track	value	1ff43b933e4d
Contents%2FFrameworks%2FLogic.framework%2FVersions%2FA%2FResources%2FLocalizable.strings	de	New%20Audio%20Track	value#ci	b4efe58d1fb9
Contents%2FFrameworks%2FLogic.framework%2FVersions%2FA%2FResources%2FLocalizable.strings	de	New%20External%20MIDI%20Track	value	72a88e04e144
Contents%2FFrameworks%2FLogic.framework%2FVersions%2FA%2FResources%2FLocalizable.strings	de	New%20External%20MIDI%20Track	value#ci	261ccb70dde1
Contents%2FFrameworks%2FLogic.framework%2FVersions%2FA%2FResources%2FLocalizable.strings	de	New%20Session%20Player%20SI%20Track%E2%80%A6	value	39dfcb1f1893
Contents%2FFrameworks%2FLogic.framework%2FVersions%2FA%2FResources%2FLocalizable.strings	de	New%20Session%20Player%20SI%20Track%E2%80%A6	value#ci	f060dc6e15e1
Contents%2FFrameworks%2FLogic.framework%2FVersions%2FA%2FResources%2FLocalizable.strings	de	New%20Software%20Instrument%20Track	value	0e7296f291c6
Contents%2FFrameworks%2FLogic.framework%2FVersions%2FA%2FResources%2FLocalizable.strings	de	New%20Software%20Instrument%20Track	value#ci	27b0e9b4a6b0
Contents%2FFrameworks%2FLogic.framework%2FVersions%2FA%2FResources%2FLocalizable.strings	de	New%23mti	value	d9b1e13f3b97
Contents%2FFrameworks%2FLogic.framework%2FVersions%2FA%2FResources%2FLocalizable.strings	de	New%23mti	value#ci	b1688cbab7e2
Contents%2FFrameworks%2FLogic.framework%2FVersions%2FA%2FResources%2FLocalizable.strings	de	No	value	90ebc1bde6f3
Contents%2FFrameworks%2FLogic.framework%2FVersions%2FA%2FResources%2FLocalizable.strings	de	No	value#ci	4d03db393cf1
Contents%2FFrameworks%2FLogic.framework%2FVersions%2FA%2FResources%2FLocalizable.strings	de	Num	value	03732d19e64b
Contents%2FFrameworks%2FLogic.framework%2FVersions%2FA%2FResources%2FLocalizable.strings	de	Num	value#ci	1a325e9af1de
Contents%2FFrameworks%2FLogic.framework%2FVersions%2FA%2FResources%2FLocalizable.strings	de	Number%20of%20Items	value	ae88dce0b3c8
Contents%2FFrameworks%2FLogic.framework%2FVersions%2FA%2FResources%2FLocalizable.strings	de	Number%20of%20Items	value#ci	5dc105dfea56
Contents%2FFrameworks%2FLogic.framework%2FVersions%2FA%2FResources%2FLocalizable.strings	de	Open%20Marker%20List	value	b3b5451d6d41
Contents%2FFrameworks%2FLogic.framework%2FVersions%2FA%2FResources%2FLocalizable.strings	de	Open%20Marker%20List	value#ci	accb90c3b9fd
Contents%2FFrameworks%2FLogic.framework%2FVersions%2FA%2FResources%2FLocalizable.strings	de	Output%20Channel	value	7eaa0515e5ac
Contents%2FFrameworks%2FLogic.framework%2FVersions%2FA%2FResources%2FLocalizable.strings	de	Output%20Channel	value#ci	90735d4b5388
Contents%2FFrameworks%2FLogic.framework%2FVersions%2FA%2FResources%2FLocalizable.strings	de	Position%E2%80%A6	value	df350b7bc1a7
Contents%2FFrameworks%2FLogic.framework%2FVersions%2FA%2FResources%2FLocalizable.strings	de	Position%E2%80%A6	value#ci	ca1594d0721f
Contents%2FFrameworks%2FLogic.framework%2FVersions%2FA%2FResources%2FLocalizable.strings	de	Project%20or%20Section%E2%80%A6	value	2c827ee7ca02
Contents%2FFrameworks%2FLogic.framework%2FVersions%2FA%2FResources%2FLocalizable.strings	de	Project%20or%20Section%E2%80%A6	value#ci	811f18c07940
Contents%2FFrameworks%2FLogic.framework%2FVersions%2FA%2FResources%2FLocalizable.strings	de	Region	value	d3a008ef1335
Contents%2FFrameworks%2FLogic.framework%2FVersions%2FA%2FResources%2FLocalizable.strings	de	Region	value#ci	c697d2981bf4
Contents%2FFrameworks%2FLogic.framework%2FVersions%2FA%2FResources%2FLocalizable.strings	de	Region%20starts%20at%20%25%40%20and%20ends%20at%20%25%40	value	1e972b862bc7
Contents%2FFrameworks%2FLogic.framework%2FVersions%2FA%2FResources%2FLocalizable.strings	de	Region%20starts%20at%20%25%40%20and%20ends%20at%20%25%40	value#ci	e30de0b3e31b
Contents%2FFrameworks%2FLogic.framework%2FVersions%2FA%2FResources%2FLocalizable.strings	de	Rename%20Track	value	31c5c5c07ebb
Contents%2FFrameworks%2FLogic.framework%2FVersions%2FA%2FResources%2FLocalizable.strings	de	Rename%20Track	value#ci	62322999c119
Contents%2FFrameworks%2FLogic.framework%2FVersions%2FA%2FResources%2FLocalizable.strings	de	Show%20%25%40	value	10f59540b093
Contents%2FFrameworks%2FLogic.framework%2FVersions%2FA%2FResources%2FLocalizable.strings	de	Show%20%25%40	value#ci	10f59540b093
Contents%2FFrameworks%2FLogic.framework%2FVersions%2FA%2FResources%2FLocalizable.strings	de	Show%20Tempo%20List	value	aab8fa97070b
Contents%2FFrameworks%2FLogic.framework%2FVersions%2FA%2FResources%2FLocalizable.strings	de	Show%20Tempo%20List	value#ci	57d018d34582
Contents%2FFrameworks%2FLogic.framework%2FVersions%2FA%2FResources%2FLocalizable.strings	de	Show%2FHide%20Automation	value	c61f60d8ef1f
Contents%2FFrameworks%2FLogic.framework%2FVersions%2FA%2FResources%2FLocalizable.strings	de	Show%2FHide%20Automation	value#ci	cb0331c3bc75
Contents%2FFrameworks%2FLogic.framework%2FVersions%2FA%2FResources%2FLocalizable.strings	de	Solo%23acc	value	a6db48009495
Contents%2FFrameworks%2FLogic.framework%2FVersions%2FA%2FResources%2FLocalizable.strings	de	Solo%23acc	value#ci	5364f2f2fc4f
Contents%2FFrameworks%2FLogic.framework%2FVersions%2FA%2FResources%2FLocalizable.strings	de	Sort%20Tracks%20by	value	af0d0e686d03
Contents%2FFrameworks%2FLogic.framework%2FVersions%2FA%2FResources%2FLocalizable.strings	de	Sort%20Tracks%20by	value#ci	7e06df121531
Contents%2FFrameworks%2FLogic.framework%2FVersions%2FA%2FResources%2FLocalizable.strings	de	Start	value	e4bb9f1ece9a
Contents%2FFrameworks%2FLogic.framework%2FVersions%2FA%2FResources%2FLocalizable.strings	de	Start	value#ci	cced28c6dc3f
Contents%2FFrameworks%2FLogic.framework%2FVersions%2FA%2FResources%2FLocalizable.strings	de	Step%20Input%20Keyboard%23acc	value	d3ad4dc50c06
Contents%2FFrameworks%2FLogic.framework%2FVersions%2FA%2FResources%2FLocalizable.strings	de	Step%20Input%20Keyboard%23acc	value#ci	67cb6e0b44ca
Contents%2FFrameworks%2FLogic.framework%2FVersions%2FA%2FResources%2FLocalizable.strings	de	Stereo	value	14f0f9082358
Contents%2FFrameworks%2FLogic.framework%2FVersions%2FA%2FResources%2FLocalizable.strings	de	Stereo	value#ci	b526aece2917
Contents%2FFrameworks%2FLogic.framework%2FVersions%2FA%2FResources%2FLocalizable.strings	de	StrTabBtnLabel%7C%7C%7CEvent	value	4e1f49a9c8ae
Contents%2FFrameworks%2FLogic.framework%2FVersions%2FA%2FResources%2FLocalizable.strings	de	StrTabBtnLabel%7C%7C%7CEvent	value#ci	b8e1f80bd70a
Contents%2FFrameworks%2FLogic.framework%2FVersions%2FA%2FResources%2FLocalizable.strings	de	StrTabBtnLabel%7C%7C%7CMarker	value	13ce08699c85
Contents%2FFrameworks%2FLogic.framework%2FVersions%2FA%2FResources%2FLocalizable.strings	de	StrTabBtnLabel%7C%7C%7CMarker	value#ci	ed5b81206016
Contents%2FFrameworks%2FLogic.framework%2FVersions%2FA%2FResources%2FLocalizable.strings	de	StrTabBtnLabel%7C%7C%7CTracks	value	41e64808d1f1
Contents%2FFrameworks%2FLogic.framework%2FVersions%2FA%2FResources%2FLocalizable.strings	de	StrTabBtnLabel%7C%7C%7CTracks	value#ci	9672fb3e59c6
Contents%2FFrameworks%2FLogic.framework%2FVersions%2FA%2FResources%2FLocalizable.strings	de	StrToolbItemName%7C%7C%7CBounce	value	bd0ec6e371a5
Contents%2FFrameworks%2FLogic.framework%2FVersions%2FA%2FResources%2FLocalizable.strings	de	StrToolbItemName%7C%7C%7CBounce	value#ci	77b031aa8a81
Contents%2FFrameworks%2FLogic.framework%2FVersions%2FA%2FResources%2FLocalizable.strings	de	StrToolbItemName%7C%7C%7CCreate%20Marker	value	ae6e7a3d2765
Contents%2FFrameworks%2FLogic.framework%2FVersions%2FA%2FResources%2FLocalizable.strings	de	StrToolbItemName%7C%7C%7CCreate%20Marker	value#ci	3c6486f94ed4
Contents%2FFrameworks%2FLogic.framework%2FVersions%2FA%2FResources%2FLocalizable.strings	de	StrToolbItemName%7C%7C%7CSet%20Locators	value	e30147d952c5
Contents%2FFrameworks%2FLogic.framework%2FVersions%2FA%2FResources%2FLocalizable.strings	de	StrToolbItemName%7C%7C%7CSet%20Locators	value#ci	b5e92768ba0d
Contents%2FFrameworks%2FLogic.framework%2FVersions%2FA%2FResources%2FLocalizable.strings	de	StrTransportBtns%7C%7C%7CCount%20In	value	905073281984
Contents%2FFrameworks%2FLogic.framework%2FVersions%2FA%2FResources%2FLocalizable.strings	de	StrTransportBtns%7C%7C%7CCount%20In	value#ci	24882149db22
Contents%2FFrameworks%2FLogic.framework%2FVersions%2FA%2FResources%2FLocalizable.strings	de	Tempo%23mti	value	214b5b846cf3
Contents%2FFrameworks%2FLogic.framework%2FVersions%2FA%2FResources%2FLocalizable.strings	de	Tempo%23mti	value#ci	8d6546721a1d
Contents%2FFrameworks%2FLogic.framework%2FVersions%2FA%2FResources%2FLocalizable.strings	de	To%20Playhead	value	8b98cd2cbe71
Contents%2FFrameworks%2FLogic.framework%2FVersions%2FA%2FResources%2FLocalizable.strings	de	To%20Playhead	value#ci	8f6fa87e0820
Contents%2FFrameworks%2FLogic.framework%2FVersions%2FA%2FResources%2FLocalizable.strings	de	Track%20Name	value	d8da87c4fa25
Contents%2FFrameworks%2FLogic.framework%2FVersions%2FA%2FResources%2FLocalizable.strings	de	Track%20Name	value#ci	dd04eefcade5
Contents%2FFrameworks%2FLogic.framework%2FVersions%2FA%2FResources%2FLocalizable.strings	de	Track%23mti	value	d39d6d12d2e2
Contents%2FFrameworks%2FLogic.framework%2FVersions%2FA%2FResources%2FLocalizable.strings	de	Track%23mti	value#ci	63885fe05a1e
Contents%2FFrameworks%2FLogic.framework%2FVersions%2FA%2FResources%2FLocalizable.strings	de	Trk	value	22e4f2d272c7
Contents%2FFrameworks%2FLogic.framework%2FVersions%2FA%2FResources%2FLocalizable.strings	de	Trk	value#ci	dc1e966f2031
Contents%2FFrameworks%2FLogic.framework%2FVersions%2FA%2FResources%2FLocalizable.strings	de	Used%2C%20Unused	value	4783e01486c3
Contents%2FFrameworks%2FLogic.framework%2FVersions%2FA%2FResources%2FLocalizable.strings	de	Used%2C%20Unused	value#ci	2472acc05ad7
Contents%2FFrameworks%2FLogic.framework%2FVersions%2FA%2FResources%2FLocalizable.strings	de	Val	value	9845196bfdd6
Contents%2FFrameworks%2FLogic.framework%2FVersions%2FA%2FResources%2FLocalizable.strings	de	Val	value#ci	97dfc65f7428
Contents%2FFrameworks%2FLogic.framework%2FVersions%2FA%2FResources%2FLocalizable.strings	de	View%23mti	value	a6d6105cf99c
Contents%2FFrameworks%2FLogic.framework%2FVersions%2FA%2FResources%2FLocalizable.strings	de	View%23mti	value#ci	c3664ef880a6
Contents%2FFrameworks%2FLogic.framework%2FVersions%2FA%2FResources%2FLocalizable.strings	de	Window%23mti	value	22c9783f5077
Contents%2FFrameworks%2FLogic.framework%2FVersions%2FA%2FResources%2FLocalizable.strings	de	Window%23mti	value#ci	82414b3ca9d7
Contents%2FFrameworks%2FLogic.framework%2FVersions%2FA%2FResources%2FLocalizable.strings	de	bar	value	2038d9ea6b84
Contents%2FFrameworks%2FLogic.framework%2FVersions%2FA%2FResources%2FLocalizable.strings	de	bar	value#ci	37b72d911201
Contents%2FFrameworks%2FLogic.framework%2FVersions%2FA%2FResources%2FLocalizable.strings	de	beats	value	3a448d31d8a0
Contents%2FFrameworks%2FLogic.framework%2FVersions%2FA%2FResources%2FLocalizable.strings	de	beats	value#ci	32c3beb76dbd
Contents%2FFrameworks%2FLogic.framework%2FVersions%2FA%2FResources%2FLocalizable.strings	de	division	value	247f1dcecf55
Contents%2FFrameworks%2FLogic.framework%2FVersions%2FA%2FResources%2FLocalizable.strings	de	division	value#ci	4651bfbb889e
Contents%2FFrameworks%2FLogic.framework%2FVersions%2FA%2FResources%2FLocalizable.strings	de	play	value	033e8fc05dca
Contents%2FFrameworks%2FLogic.framework%2FVersions%2FA%2FResources%2FLocalizable.strings	de	play	value#ci	8a2729495ced
Contents%2FFrameworks%2FLogic.framework%2FVersions%2FA%2FResources%2FLocalizable.strings	en	All%20Plug-in%20Windows%23acc	value	37291d736fdf
Contents%2FFrameworks%2FLogic.framework%2FVersions%2FA%2FResources%2FLocalizable.strings	en	All%20Plug-in%20Windows%23acc	value#ci	ac9ad8156c32
Contents%2FFrameworks%2FLogic.framework%2FVersions%2FA%2FResources%2FLocalizable.strings	en	All%20Tracks%20as%20Audio%20Files%E2%80%A6	value	7b49a7460f7b
Contents%2FFrameworks%2FLogic.framework%2FVersions%2FA%2FResources%2FLocalizable.strings	en	All%20Tracks%20as%20Audio%20Files%E2%80%A6	value#ci	7de137b4f33e
Contents%2FFrameworks%2FLogic.framework%2FVersions%2FA%2FResources%2FLocalizable.strings	en	Audio%20Channel	value	399c0cde988e
Contents%2FFrameworks%2FLogic.framework%2FVersions%2FA%2FResources%2FLocalizable.strings	en	Audio%20Channel	value#ci	4059f7b63172
Contents%2FFrameworks%2FLogic.framework%2FVersions%2FA%2FResources%2FLocalizable.strings	en	Audio%20Units	value	c8cf2c25cd0f
Contents%2FFrameworks%2FLogic.framework%2FVersions%2FA%2FResources%2FLocalizable.strings	en	Audio%20Units	value#ci	ebb1fc0d387c
Contents%2FFrameworks%2FLogic.framework%2FVersions%2FA%2FResources%2FLocalizable.strings	en	Autopunch	value	a4e8a3596df7
Contents%2FFrameworks%2FLogic.framework%2FVersions%2FA%2FResources%2FLocalizable.strings	en	Autopunch	value#ci	5931d6213bb9
Contents%2FFrameworks%2FLogic.framework%2FVersions%2FA%2FResources%2FLocalizable.strings	en	Ch	value	ddc7790c82c5
Contents%2FFrameworks%2FLogic.framework%2FVersions%2FA%2FResources%2FLocalizable.strings	en	Ch	value#ci	343677762813
Contents%2FFrameworks%2FLogic.framework%2FVersions%2FA%2FResources%2FLocalizable.strings	en	Choose	value	c7f937836f5d
Contents%2FFrameworks%2FLogic.framework%2FVersions%2FA%2FResources%2FLocalizable.strings	en	Choose	value#ci	725fed9d1ae9
Contents%2FFrameworks%2FLogic.framework%2FVersions%2FA%2FResources%2FLocalizable.strings	en	Choose%20a%20Project	value	8362a2e08302
Contents%2FFrameworks%2FLogic.framework%2FVersions%2FA%2FResources%2FLocalizable.strings	en	Choose%20a%20Project	value#ci	60ebffbe5e46
Contents%2FFrameworks%2FLogic.framework%2FVersions%2FA%2FResources%2FLocalizable.strings	en	Control%20Bar%23acc	value	6123171bd9a3
Contents%2FFrameworks%2FLogic.framework%2FVersions%2FA%2FResources%2FLocalizable.strings	en	Control%20Bar%23acc	value#ci	4d90181d472e
Contents%2FFrameworks%2FLogic.framework%2FVersions%2FA%2FResources%2FLocalizable.strings	en	Create%23und	value	4759498ac2a7
Contents%2FFrameworks%2FLogic.framework%2FVersions%2FA%2FResources%2FLocalizable.strings	en	Create%23und	value#ci	fa8847b0c331
Contents%2FFrameworks%2FLogic.framework%2FVersions%2FA%2FResources%2FLocalizable.strings	en	Creation%20Date	value	6fdde7a67c6a
Contents%2FFrameworks%2FLogic.framework%2FVersions%2FA%2FResources%2FLocalizable.strings	en	Creation%20Date	value#ci	1c2262bce6f6
Contents%2FFrameworks%2FLogic.framework%2FVersions%2FA%2FResources%2FLocalizable.strings	en	Cycle	value	518653530449
Contents%2FFrameworks%2FLogic.framework%2FVersions%2FA%2FResources%2FLocalizable.strings	en	Cycle	value#ci	c501935a6b2b
Contents%2FFrameworks%2FLogic.framework%2FVersions%2FA%2FResources%2FLocalizable.strings	en	Delete%20Track	value	3bf93739b8ae
Contents%2FFrameworks%2FLogic.framework%2FVersions%2FA%2FResources%2FLocalizable.strings	en	Delete%20Track	value#ci	6a59a486a9a4
Contents%2FFrameworks%2FLogic.framework%2FVersions%2FA%2FResources%2FLocalizable.strings	en	Delete%23key	value	e2d0a54968ea
Contents%2FFrameworks%2FLogic.framework%2FVersions%2FA%2FResources%2FLocalizable.strings	en	Delete%23key	value#ci	6197595503f0
Contents%2FFrameworks%2FLogic.framework%2FVersions%2FA%2FResources%2FLocalizable.strings	en	Display%20%25%40%20Channel%20Strips	value	a32e89d0aba2
Contents%2FFrameworks%2FLogic.framework%2FVersions%2FA%2FResources%2FLocalizable.strings	en	Display%20%25%40%20Channel%20Strips	value#ci	6d64b0b5c228
Contents%2FFrameworks%2FLogic.framework%2FVersions%2FA%2FResources%2FLocalizable.strings	en	Display%20Mode	value	8ce318babb98
Contents%2FFrameworks%2FLogic.framework%2FVersions%2FA%2FResources%2FLocalizable.strings	en	Display%20Mode	value#ci	b454b73eb125
Contents%2FFrameworks%2FLogic.framework%2FVersions%2FA%2FResources%2FLocalizable.strings	en	Dual%20Mono	value	1d8d3849d901
Contents%2FFrameworks%2FLogic.framework%2FVersions%2FA%2FResources%2FLocalizable.strings	en	Dual%20Mono	value#ci	65a81b2247bb
Contents%2FFrameworks%2FLogic.framework%2FVersions%2FA%2FResources%2FLocalizable.strings	en	Edit%20Marker%23und	value	3c7045d410a7
Contents%2FFrameworks%2FLogic.framework%2FVersions%2FA%2FResources%2FLocalizable.strings	en	Edit%20Marker%23und	value#ci	4bb37fe4449c
Contents%2FFrameworks%2FLogic.framework%2FVersions%2FA%2FResources%2FLocalizable.strings	en	Edit%23mti	value	464c4ffd019e
Contents%2FFrameworks%2FLogic.framework%2FVersions%2FA%2FResources%2FLocalizable.strings	en	Edit%23mti	value#ci	262121c5372b
Contents%2FFrameworks%2FLogic.framework%2FVersions%2FA%2FResources%2FLocalizable.strings	en	Editor%23acc	value	936a161c3931
Contents%2FFrameworks%2FLogic.framework%2FVersions%2FA%2FResources%2FLocalizable.strings	en	Editor%23acc	value#ci	1553cc62ff24
Contents%2FFrameworks%2FLogic.framework%2FVersions%2FA%2FResources%2FLocalizable.strings	en	Empty%20Project	value	53d286b00e86
Contents%2FFrameworks%2FLogic.framework%2FVersions%2FA%2FResources%2FLocalizable.strings	en	Empty%20Project	value#ci	e9bff021d97b
Contents%2FFrameworks%2FLogic.framework%2FVersions%2FA%2FResources%2FLocalizable.strings	en	End	value	f4db1e48476f
Contents%2FFrameworks%2FLogic.framework%2FVersions%2FA%2FResources%2FLocalizable.strings	en	End	value#ci	361e48d0308f
Contents%2FFrameworks%2FLogic.framework%2FVersions%2FA%2FResources%2FLocalizable.strings	en	Event%20Position%20and%20Length%20as%20Time	value	6b7509ffa7e7
Contents%2FFrameworks%2FLogic.framework%2FVersions%2FA%2FResources%2FLocalizable.strings	en	Event%20Position%20and%20Length%20as%20Time	value#ci	e2383c988f8f
Contents%2FFrameworks%2FLogic.framework%2FVersions%2FA%2FResources%2FLocalizable.strings	en	Export%23mti	value	3664895579f0
Contents%2FFrameworks%2FLogic.framework%2FVersions%2FA%2FResources%2FLocalizable.strings	en	Export%23mti	value#ci	d46aee08cc49
Contents%2FFrameworks%2FLogic.framework%2FVersions%2FA%2FResources%2FLocalizable.strings	en	File%23mti	value	50009ce1da4d
Contents%2FFrameworks%2FLogic.framework%2FVersions%2FA%2FResources%2FLocalizable.strings	en	File%23mti	value#ci	3b9c358f36f0
Contents%2FFrameworks%2FLogic.framework%2FVersions%2FA%2FResources%2FLocalizable.strings	en	Folder%23mti	value	74ccd4330384
Contents%2FFrameworks%2FLogic.framework%2FVersions%2FA%2FResources%2FLocalizable.strings	en	Folder%23mti	value#ci	034a00624882
Contents%2FFrameworks%2FLogic.framework%2FVersions%2FA%2FResources%2FLocalizable.strings	en	Go%20To	value	ed2f091e3f14
Contents%2FFrameworks%2FLogic.framework%2FVersions%2FA%2FResources%2FLocalizable.strings	en	Go%20To	value#ci	caf223782c86
Contents%2FFrameworks%2FLogic.framework%2FVersions%2FA%2FResources%2FLocalizable.strings	en	Import%23mti	value	2cff9baabf56
Contents%2FFrameworks%2FLogic.framework%2FVersions%2FA%2FResources%2FLocalizable.strings	en	Import%23mti	value#ci	d942f6488657
Contents%2FFrameworks%2FLogic.framework%2FVersions%2FA%2FResources%2FLocalizable.strings	en	Input%20Port	value	d8684d32a079
Contents%2FFrameworks%2FLogic.framework%2FVersions%2FA%2FResources%2FLocalizable.strings	en	Input%20Port	value#ci	6358cbd5dcf2
Contents%2FFrameworks%2FLogic.framework%2FVersions%2FA%2FResources%2FLocalizable.strings	en	Inspector%23acc	value	da188e3b1cef
Contents%2FFrameworks%2FLogic.framework%2FVersions%2FA%2FResources%2FLocalizable.strings	en	Inspector%23acc	value#ci	98fe44225503
Contents%2FFrameworks%2FLogic.framework%2FVersions%2FA%2FResources%2FLocalizable.strings	en	Instrument%20Names%23acc	value	ef378e912dbc
Contents%2FFrameworks%2FLogic.framework%2FVersions%2FA%2FResources%2FLocalizable.strings	en	Instrument%20Names%23acc	value#ci	16b64c402c17
Contents%2FFrameworks%2FLogic.framework%2FVersions%2FA%2FResources%2FLocalizable.strings	en	L	value	72dfcfb0c470
Contents%2FFrameworks%2FLogic.framework%2FVersions%2FA%2FResources%2FLocalizable.strings	en	L	value#ci	acac86c0e609
Contents%2FFrameworks%2FLogic.framework%2FVersions%2FA%2FResources%2FLocalizable.strings	en	Length%23und	value	adc95605a1b3
Contents%2FFrameworks%2FLogic.framework%2FVersions%2FA%2FResources%2FLocalizable.strings	en	Length%23und	value#ci	0f82aca66af9
Contents%2FFrameworks%2FLogic.framework%2FVersions%2FA%2FResources%2FLocalizable.strings	en	Length%2FInfo	value	5d0a7cd719bf
Contents%2FFrameworks%2FLogic.framework%2FVersions%2FA%2FResources%2FLocalizable.strings	en	Length%2FInfo	value#ci	1dd99eeb0dff
Contents%2FFrameworks%2FLogic.framework%2FVersions%2FA%2FResources%2FLocalizable.strings	en	Library%23acc	value	dc20b3d5d2cd
Contents%2FFrameworks%2FLogic.framework%2FVersions%2FA%2FResources%2FLocalizable.strings	en	Library%23acc	value#ci	b718f1354f72
Contents%2FFrameworks%2FLogic.framework%2FVersions%2FA%2FResources%2FLocalizable.strings	en	Logic%20Pro	value	89d4cb070d7f
Contents%2FFrameworks%2FLogic.framework%2FVersions%2FA%2FResources%2FLocalizable.strings	en	Logic%20Pro	value#ci	a2c7aa6e8f8f
Contents%2FFrameworks%2FLogic.framework%2FVersions%2FA%2FResources%2FLocalizable.strings	en	MIDI%20Channels%23mti	value	9ee5f0ffc23a
Contents%2FFrameworks%2FLogic.framework%2FVersions%2FA%2FResources%2FLocalizable.strings	en	MIDI%20Channels%23mti	value#ci	00adab870558
Contents%2FFrameworks%2FLogic.framework%2FVersions%2FA%2FResources%2FLocalizable.strings	en	MIDI%20File%E2%80%A6	value	e08263053f9e
Contents%2FFrameworks%2FLogic.framework%2FVersions%2FA%2FResources%2FLocalizable.strings	en	MIDI%20File%E2%80%A6	value#ci	20d93fc598a3
Contents%2FFrameworks%2FLogic.framework%2FVersions%2FA%2FResources%2FLocalizable.strings	en	Mixer%23acc	value	8ae012d51747
Contents%2FFrameworks%2FLogic.framework%2FVersions%2FA%2FResources%2FLocalizable.strings	en	Mixer%23acc	value#ci	7ce74b56300b
Contents%2FFrameworks%2FLogic.framework%2FVersions%2FA%2FResources%2FLocalizable.strings	en	Mono	value	6f00156cec07
Contents%2FFrameworks%2FLogic.framework%2FVersions%2FA%2FResources%2FLocalizable.strings	en	Mono	value#ci	d7de34b17b46
Contents%2FFrameworks%2FLogic.framework%2FVersions%2FA%2FResources%2FLocalizable.strings	en	Mono-%3EStereo	value	2ac9278a5d0d
Contents%2FFrameworks%2FLogic.framework%2FVersions%2FA%2FResources%2FLocalizable.strings	en	Mono-%3EStereo	value#ci	ec2754fb756b
Contents%2FFrameworks%2FLogic.framework%2FVersions%2FA%2FResources%2FLocalizable.strings	en	Move	value	6ecc3df6bffd
Contents%2FFrameworks%2FLogic.framework%2FVersions%2FA%2FResources%2FLocalizable.strings	en	Move	value#ci	683a62ce15fb
Contents%2FFrameworks%2FLogic.framework%2FVersions%2FA%2FResources%2FLocalizable.strings	en	Mute%23acc	value	8dd6857baf02
Contents%2FFrameworks%2FLogic.framework%2FVersions%2FA%2FResources%2FLocalizable.strings	en	Mute%23acc	value#ci	a7aa1b979074
Contents%2FFrameworks%2FLogic.framework%2FVersions%2FA%2FResources%2FLocalizable.strings	en	Navigate%23mti	value	5ea5fbe811db
Contents%2FFrameworks%2FLogic.framework%2FVersions%2FA%2FResources%2FLocalizable.strings	en	Navigate%23mti	value#ci	d0cda6559bb3
Contents%2FFrameworks%2FLogic.framework%2FVersions%2FA%2FResources%2FLocalizable.strings	en	New%20Audio%20Track	value	296f9ff30eb8
Contents%2FFrameworks%2FLogic.framework%2FVersions%2FA%2FResources%2FLocalizable.strings	en	New%20Audio%20Track	value#ci	3e84105af065
Contents%2FFrameworks%2FLogic.framework%2FVersions%2FA%2FResources%2FLocalizable.strings	en	New%20External%20MIDI%20Track	value	4f1c719f8107
Contents%2FFrameworks%2FLogic.framework%2FVersions%2FA%2FResources%2FLocalizable.strings	en	New%20External%20MIDI%20Track	value#ci	bf65b6b6cc46
Contents%2FFrameworks%2FLogic.framework%2FVersions%2FA%2FResources%2FLocalizable.strings	en	New%20Session%20Player%20SI%20Track%E2%80%A6	value	e9fc863d4fd3
Contents%2FFrameworks%2FLogic.framework%2FVersions%2FA%2FResources%2FLocalizable.strings	en	New%20Session%20Player%20SI%20Track%E2%80%A6	value#ci	a4c80c505b7d
Contents%2FFrameworks%2FLogic.framework%2FVersions%2FA%2FResources%2FLocalizable.strings	en	New%20Software%20Instrument%20Track	value	7948f597edb3
Contents%2FFrameworks%2FLogic.framework%2FVersions%2FA%2FResources%2FLocalizable.strings	en	New%20Software%20Instrument%20Track	value#ci	6d0d2d5de93f
Contents%2FFrameworks%2FLogic.framework%2FVersions%2FA%2FResources%2FLocalizable.strings	en	New%23mti	value	18fdd549b2ed
Contents%2FFrameworks%2FLogic.framework%2FVersions%2FA%2FResources%2FLocalizable.strings	en	New%23mti	value#ci	11507a0e2f5e
Contents%2FFrameworks%2FLogic.framework%2FVersions%2FA%2FResources%2FLocalizable.strings	en	No	value	1ea442a134b2
Contents%2FFrameworks%2FLogic.framework%2FVersions%2FA%2FResources%2FLocalizable.strings	en	No	value#ci	9390298f3fb0
Contents%2FFrameworks%2FLogic.framework%2FVersions%2FA%2FResources%2FLocalizable.strings	en	Num	value	03732d19e64b
Contents%2FFrameworks%2FLogic.framework%2FVersions%2FA%2FResources%2FLocalizable.strings	en	Num	value#ci	1a325e9af1de
Contents%2FFrameworks%2FLogic.framework%2FVersions%2FA%2FResources%2FLocalizable.strings	en	Number%20of%20Items	value	efb80887fcad
Contents%2FFrameworks%2FLogic.framework%2FVersions%2FA%2FResources%2FLocalizable.strings	en	Number%20of%20Items	value#ci	5ba11660a4c4
Contents%2FFrameworks%2FLogic.framework%2FVersions%2FA%2FResources%2FLocalizable.strings	en	Open%20Marker%20List	value	077aadd258c4
Contents%2FFrameworks%2FLogic.framework%2FVersions%2FA%2FResources%2FLocalizable.strings	en	Open%20Marker%20List	value#ci	b352fa69200a
Contents%2FFrameworks%2FLogic.framework%2FVersions%2FA%2FResources%2FLocalizable.strings	en	Output%20Channel	value	39974e6e4292
Contents%2FFrameworks%2FLogic.framework%2FVersions%2FA%2FResources%2FLocalizable.strings	en	Output%20Channel	value#ci	711d4f751089
Contents%2FFrameworks%2FLogic.framework%2FVersions%2FA%2FResources%2FLocalizable.strings	en	Position%E2%80%A6	value	62336fd5aedf
Contents%2FFrameworks%2FLogic.framework%2FVersions%2FA%2FResources%2FLocalizable.strings	en	Position%E2%80%A6	value#ci	50167fa2fdc6
Contents%2FFrameworks%2FLogic.framework%2FVersions%2FA%2FResources%2FLocalizable.strings	en	Project%20or%20Section%E2%80%A6	value	d0dc4acf6e7a
Contents%2FFrameworks%2FLogic.framework%2FVersions%2FA%2FResources%2FLocalizable.strings	en	Project%20or%20Section%E2%80%A6	value#ci	0c895003ee7d
Contents%2FFrameworks%2FLogic.framework%2FVersions%2FA%2FResources%2FLocalizable.strings	en	Region	value	d3a008ef1335
Contents%2FFrameworks%2FLogic.framework%2FVersions%2FA%2FResources%2FLocalizable.strings	en	Region	value#ci	c697d2981bf4
Contents%2FFrameworks%2FLogic.framework%2FVersions%2FA%2FResources%2FLocalizable.strings	en	Region%20starts%20at%20%25%40%20and%20ends%20at%20%25%40	value	b61e91566a2e
Contents%2FFrameworks%2FLogic.framework%2FVersions%2FA%2FResources%2FLocalizable.strings	en	Region%20starts%20at%20%25%40%20and%20ends%20at%20%25%40	value#ci	1867c69291d9
Contents%2FFrameworks%2FLogic.framework%2FVersions%2FA%2FResources%2FLocalizable.strings	en	Rename%20Track	value	208ba4fc7669
Contents%2FFrameworks%2FLogic.framework%2FVersions%2FA%2FResources%2FLocalizable.strings	en	Rename%20Track	value#ci	d06982a52b8f
Contents%2FFrameworks%2FLogic.framework%2FVersions%2FA%2FResources%2FLocalizable.strings	en	Show%20%25%40	value	f463de7e4d9d
Contents%2FFrameworks%2FLogic.framework%2FVersions%2FA%2FResources%2FLocalizable.strings	en	Show%20%25%40	value#ci	da122ea8db40
Contents%2FFrameworks%2FLogic.framework%2FVersions%2FA%2FResources%2FLocalizable.strings	en	Show%20Tempo%20List	value	4c5af023370f
Contents%2FFrameworks%2FLogic.framework%2FVersions%2FA%2FResources%2FLocalizable.strings	en	Show%20Tempo%20List	value#ci	6a781adad0a3
Contents%2FFrameworks%2FLogic.framework%2FVersions%2FA%2FResources%2FLocalizable.strings	en	Show%2FHide%20Automation	value	87513c7060c8
Contents%2FFrameworks%2FLogic.framework%2FVersions%2FA%2FResources%2FLocalizable.strings	en	Show%2FHide%20Automation	value#ci	6ab2d663c67d
Contents%2FFrameworks%2FLogic.framework%2FVersions%2FA%2FResources%2FLocalizable.strings	en	Solo%23acc	value	a6db48009495
Contents%2FFrameworks%2FLogic.framework%2FVersions%2FA%2FResources%2FLocalizable.strings	en	Solo%23acc	value#ci	5364f2f2fc4f
Contents%2FFrameworks%2FLogic.framework%2FVersions%2FA%2FResources%2FLocalizable.strings	en	Sort%20Tracks%20by	value	6471455c1203
Contents%2FFrameworks%2FLogic.framework%2FVersions%2FA%2FResources%2FLocalizable.strings	en	Sort%20Tracks%20by	value#ci	69c2a64e4f62
Contents%2FFrameworks%2FLogic.framework%2FVersions%2FA%2FResources%2FLocalizable.strings	en	Start	value	e4bb9f1ece9a
Contents%2FFrameworks%2FLogic.framework%2FVersions%2FA%2FResources%2FLocalizable.strings	en	Start	value#ci	cced28c6dc3f
Contents%2FFrameworks%2FLogic.framework%2FVersions%2FA%2FResources%2FLocalizable.strings	en	Step%20Input%20Keyboard%23acc	value	db8c58fd390f
Contents%2FFrameworks%2FLogic.framework%2FVersions%2FA%2FResources%2FLocalizable.strings	en	Step%20Input%20Keyboard%23acc	value#ci	412cd339ab21
Contents%2FFrameworks%2FLogic.framework%2FVersions%2FA%2FResources%2FLocalizable.strings	en	Stereo	value	14f0f9082358
Contents%2FFrameworks%2FLogic.framework%2FVersions%2FA%2FResources%2FLocalizable.strings	en	Stereo	value#ci	b526aece2917
Contents%2FFrameworks%2FLogic.framework%2FVersions%2FA%2FResources%2FLocalizable.strings	en	StrTabBtnLabel%7C%7C%7CEvent	value	4e1f49a9c8ae
Contents%2FFrameworks%2FLogic.framework%2FVersions%2FA%2FResources%2FLocalizable.strings	en	StrTabBtnLabel%7C%7C%7CEvent	value#ci	b8e1f80bd70a
Contents%2FFrameworks%2FLogic.framework%2FVersions%2FA%2FResources%2FLocalizable.strings	en	StrTabBtnLabel%7C%7C%7CMarker	value	13ce08699c85
Contents%2FFrameworks%2FLogic.framework%2FVersions%2FA%2FResources%2FLocalizable.strings	en	StrTabBtnLabel%7C%7C%7CMarker	value#ci	ed5b81206016
Contents%2FFrameworks%2FLogic.framework%2FVersions%2FA%2FResources%2FLocalizable.strings	en	StrTabBtnLabel%7C%7C%7CTracks	value	88980154513d
Contents%2FFrameworks%2FLogic.framework%2FVersions%2FA%2FResources%2FLocalizable.strings	en	StrTabBtnLabel%7C%7C%7CTracks	value#ci	387668e22f89
Contents%2FFrameworks%2FLogic.framework%2FVersions%2FA%2FResources%2FLocalizable.strings	en	StrToolbItemName%7C%7C%7CBounce	value	24b6ed119d81
Contents%2FFrameworks%2FLogic.framework%2FVersions%2FA%2FResources%2FLocalizable.strings	en	StrToolbItemName%7C%7C%7CBounce	value#ci	4d6723e5e454
Contents%2FFrameworks%2FLogic.framework%2FVersions%2FA%2FResources%2FLocalizable.strings	en	StrToolbItemName%7C%7C%7CCreate%20Marker	value	617e4a113fc5
Contents%2FFrameworks%2FLogic.framework%2FVersions%2FA%2FResources%2FLocalizable.strings	en	StrToolbItemName%7C%7C%7CCreate%20Marker	value#ci	2b73b310d247
Contents%2FFrameworks%2FLogic.framework%2FVersions%2FA%2FResources%2FLocalizable.strings	en	StrToolbItemName%7C%7C%7CSet%20Locators	value	c16b1e4347ad
Contents%2FFrameworks%2FLogic.framework%2FVersions%2FA%2FResources%2FLocalizable.strings	en	StrToolbItemName%7C%7C%7CSet%20Locators	value#ci	4ea3370a380d
Contents%2FFrameworks%2FLogic.framework%2FVersions%2FA%2FResources%2FLocalizable.strings	en	StrTransportBtns%7C%7C%7CCount%20In	value	9c434e85b363
Contents%2FFrameworks%2FLogic.framework%2FVersions%2FA%2FResources%2FLocalizable.strings	en	StrTransportBtns%7C%7C%7CCount%20In	value#ci	6ab6f3227d82
Contents%2FFrameworks%2FLogic.framework%2FVersions%2FA%2FResources%2FLocalizable.strings	en	Tempo%23mti	value	214b5b846cf3
Contents%2FFrameworks%2FLogic.framework%2FVersions%2FA%2FResources%2FLocalizable.strings	en	Tempo%23mti	value#ci	8d6546721a1d
Contents%2FFrameworks%2FLogic.framework%2FVersions%2FA%2FResources%2FLocalizable.strings	en	To%20Playhead	value	36a08de414d0
Contents%2FFrameworks%2FLogic.framework%2FVersions%2FA%2FResources%2FLocalizable.strings	en	To%20Playhead	value#ci	33b1d4a3bd85
Contents%2FFrameworks%2FLogic.framework%2FVersions%2FA%2FResources%2FLocalizable.strings	en	Track%20Name	value	22dfa0ce60e6
Contents%2FFrameworks%2FLogic.framework%2FVersions%2FA%2FResources%2FLocalizable.strings	en	Track%20Name	value#ci	b05110cfd9d8
Contents%2FFrameworks%2FLogic.framework%2FVersions%2FA%2FResources%2FLocalizable.strings	en	Track%23mti	value	051f01f095a2
Contents%2FFrameworks%2FLogic.framework%2FVersions%2FA%2FResources%2FLocalizable.strings	en	Track%23mti	value#ci	2bb8bf7259c4
Contents%2FFrameworks%2FLogic.framework%2FVersions%2FA%2FResources%2FLocalizable.strings	en	Trk	value	22e4f2d272c7
Contents%2FFrameworks%2FLogic.framework%2FVersions%2FA%2FResources%2FLocalizable.strings	en	Trk	value#ci	dc1e966f2031
Contents%2FFrameworks%2FLogic.framework%2FVersions%2FA%2FResources%2FLocalizable.strings	en	Used%2C%20Unused	value	af7059d90393
Contents%2FFrameworks%2FLogic.framework%2FVersions%2FA%2FResources%2FLocalizable.strings	en	Used%2C%20Unused	value#ci	83416ea5bf94
Contents%2FFrameworks%2FLogic.framework%2FVersions%2FA%2FResources%2FLocalizable.strings	en	Val	value	9845196bfdd6
Contents%2FFrameworks%2FLogic.framework%2FVersions%2FA%2FResources%2FLocalizable.strings	en	Val	value#ci	97dfc65f7428
Contents%2FFrameworks%2FLogic.framework%2FVersions%2FA%2FResources%2FLocalizable.strings	en	View%23mti	value	dcc839a4015c
Contents%2FFrameworks%2FLogic.framework%2FVersions%2FA%2FResources%2FLocalizable.strings	en	View%23mti	value#ci	2bcb43cbc8f6
Contents%2FFrameworks%2FLogic.framework%2FVersions%2FA%2FResources%2FLocalizable.strings	en	Window%23mti	value	19734a1b58ca
Contents%2FFrameworks%2FLogic.framework%2FVersions%2FA%2FResources%2FLocalizable.strings	en	Window%23mti	value#ci	44ff7b02c80d
Contents%2FFrameworks%2FLogic.framework%2FVersions%2FA%2FResources%2FLocalizable.strings	en	bar	value	fcde2b2edba5
Contents%2FFrameworks%2FLogic.framework%2FVersions%2FA%2FResources%2FLocalizable.strings	en	bar	value#ci	fcde2b2edba5
Contents%2FFrameworks%2FLogic.framework%2FVersions%2FA%2FResources%2FLocalizable.strings	en	beats	value	d5803722f398
Contents%2FFrameworks%2FLogic.framework%2FVersions%2FA%2FResources%2FLocalizable.strings	en	beats	value#ci	d5803722f398
Contents%2FFrameworks%2FLogic.framework%2FVersions%2FA%2FResources%2FLocalizable.strings	en	division	value	990b23e81455
Contents%2FFrameworks%2FLogic.framework%2FVersions%2FA%2FResources%2FLocalizable.strings	en	division	value#ci	990b23e81455
Contents%2FFrameworks%2FLogic.framework%2FVersions%2FA%2FResources%2FLocalizable.strings	en	play	value	aba4cc9b8af8
Contents%2FFrameworks%2FLogic.framework%2FVersions%2FA%2FResources%2FLocalizable.strings	en	play	value#ci	aba4cc9b8af8
Contents%2FFrameworks%2FLogic.framework%2FVersions%2FA%2FResources%2FLocalizable.strings	es	All%20Plug-in%20Windows%23acc	value	6123a56dce1b
Contents%2FFrameworks%2FLogic.framework%2FVersions%2FA%2FResources%2FLocalizable.strings	es	All%20Plug-in%20Windows%23acc	value#ci	a11c567f1e01
Contents%2FFrameworks%2FLogic.framework%2FVersions%2FA%2FResources%2FLocalizable.strings	es	All%20Tracks%20as%20Audio%20Files%E2%80%A6	value	bc8e14b132a8
Contents%2FFrameworks%2FLogic.framework%2FVersions%2FA%2FResources%2FLocalizable.strings	es	All%20Tracks%20as%20Audio%20Files%E2%80%A6	value#ci	c46624c00fb3
Contents%2FFrameworks%2FLogic.framework%2FVersions%2FA%2FResources%2FLocalizable.strings	es	Audio%20Channel	value	a2c2d881fddf
Contents%2FFrameworks%2FLogic.framework%2FVersions%2FA%2FResources%2FLocalizable.strings	es	Audio%20Channel	value#ci	fee9baf712a2
Contents%2FFrameworks%2FLogic.framework%2FVersions%2FA%2FResources%2FLocalizable.strings	es	Audio%20Units	value	c8cf2c25cd0f
Contents%2FFrameworks%2FLogic.framework%2FVersions%2FA%2FResources%2FLocalizable.strings	es	Audio%20Units	value#ci	ebb1fc0d387c
Contents%2FFrameworks%2FLogic.framework%2FVersions%2FA%2FResources%2FLocalizable.strings	es	Autopunch	value	b42fb9a2c1f9
Contents%2FFrameworks%2FLogic.framework%2FVersions%2FA%2FResources%2FLocalizable.strings	es	Autopunch	value#ci	f1d7bbaa8466
Contents%2FFrameworks%2FLogic.framework%2FVersions%2FA%2FResources%2FLocalizable.strings	es	Ch	value	5a3130f4e9bc
Contents%2FFrameworks%2FLogic.framework%2FVersions%2FA%2FResources%2FLocalizable.strings	es	Ch	value#ci	6d74ae31eeb6
Contents%2FFrameworks%2FLogic.framework%2FVersions%2FA%2FResources%2FLocalizable.strings	es	Choose	value	4ecba858ccb8
Contents%2FFrameworks%2FLogic.framework%2FVersions%2FA%2FResources%2FLocalizable.strings	es	Choose	value#ci	a36a1cd702b3
Contents%2FFrameworks%2FLogic.framework%2FVersions%2FA%2FResources%2FLocalizable.strings	es	Choose%20a%20Project	value	30a8665832c5
Contents%2FFrameworks%2FLogic.framework%2FVersions%2FA%2FResources%2FLocalizable.strings	es	Choose%20a%20Project	value#ci	fd5af9a38ca8
Contents%2FFrameworks%2FLogic.framework%2FVersions%2FA%2FResources%2FLocalizable.strings	es	Control%20Bar%23acc	value	6ef280f367f6
Contents%2FFrameworks%2FLogic.framework%2FVersions%2FA%2FResources%2FLocalizable.strings	es	Control%20Bar%23acc	value#ci	bee040774281
Contents%2FFrameworks%2FLogic.framework%2FVersions%2FA%2FResources%2FLocalizable.strings	es	Create%23und	value	ff25ed371f31
Contents%2FFrameworks%2FLogic.framework%2FVersions%2FA%2FResources%2FLocalizable.strings	es	Create%23und	value#ci	ff25ed371f31
Contents%2FFrameworks%2FLogic.framework%2FVersions%2FA%2FResources%2FLocalizable.strings	es	Creation%20Date	value	1c0169f446d9
Contents%2FFrameworks%2FLogic.framework%2FVersions%2FA%2FResources%2FLocalizable.strings	es	Creation%20Date	value#ci	b75ed67c6d6c
Contents%2FFrameworks%2FLogic.framework%2FVersions%2FA%2FResources%2FLocalizable.strings	es	Cycle	value	4b8c1a8a75cc
Contents%2FFrameworks%2FLogic.framework%2FVersions%2FA%2FResources%2FLocalizable.strings	es	Cycle	value#ci	a8333dae0c33
Contents%2FFrameworks%2FLogic.framework%2FVersions%2FA%2FResources%2FLocalizable.strings	es	Delete%20Track	value	6e2eff2c9b9b
Contents%2FFrameworks%2FLogic.framework%2FVersions%2FA%2FResources%2FLocalizable.strings	es	Delete%20Track	value#ci	1ed9d700a248
Contents%2FFrameworks%2FLogic.framework%2FVersions%2FA%2FResources%2FLocalizable.strings	es	Delete%23key	value	d455a4a1c268
Contents%2FFrameworks%2FLogic.framework%2FVersions%2FA%2FResources%2FLocalizable.strings	es	Delete%23key	value#ci	1d185413252f
Contents%2FFrameworks%2FLogic.framework%2FVersions%2FA%2FResources%2FLocalizable.strings	es	Display%20%25%40%20Channel%20Strips	value	18e5b822accc
Contents%2FFrameworks%2FLogic.framework%2FVersions%2FA%2FResources%2FLocalizable.strings	es	Display%20%25%40%20Channel%20Strips	value#ci	8331831902ec
Contents%2FFrameworks%2FLogic.framework%2FVersions%2FA%2FResources%2FLocalizable.strings	es	Display%20Mode	value	c5c0fa27017a
Contents%2FFrameworks%2FLogic.framework%2FVersions%2FA%2FResources%2FLocalizable.strings	es	Display%20Mode	value#ci	418cada2fad1
Contents%2FFrameworks%2FLogic.framework%2FVersions%2FA%2FResources%2FLocalizable.strings	es	Dual%20Mono	value	a1e07f81463c
Contents%2FFrameworks%2FLogic.framework%2FVersions%2FA%2FResources%2FLocalizable.strings	es	Dual%20Mono	value#ci	554a5bf46ee7
Contents%2FFrameworks%2FLogic.framework%2FVersions%2FA%2FResources%2FLocalizable.strings	es	Edit%20Marker%23und	value	b76eeaffcef3
Contents%2FFrameworks%2FLogic.framework%2FVersions%2FA%2FResources%2FLocalizable.strings	es	Edit%20Marker%23und	value#ci	b76eeaffcef3
Contents%2FFrameworks%2FLogic.framework%2FVersions%2FA%2FResources%2FLocalizable.strings	es	Edit%23mti	value	f16295069176
Contents%2FFrameworks%2FLogic.framework%2FVersions%2FA%2FResources%2FLocalizable.strings	es	Edit%23mti	value#ci	db22da6c113e
Contents%2FFrameworks%2FLogic.framework%2FVersions%2FA%2FResources%2FLocalizable.strings	es	Editor%23acc	value	936a161c3931
Contents%2FFrameworks%2FLogic.framework%2FVersions%2FA%2FResources%2FLocalizable.strings	es	Editor%23acc	value#ci	1553cc62ff24
Contents%2FFrameworks%2FLogic.framework%2FVersions%2FA%2FResources%2FLocalizable.strings	es	Empty%20Project	value	3ded9a76401d
Contents%2FFrameworks%2FLogic.framework%2FVersions%2FA%2FResources%2FLocalizable.strings	es	Empty%20Project	value#ci	f384e888268d
Contents%2FFrameworks%2FLogic.framework%2FVersions%2FA%2FResources%2FLocalizable.strings	es	End	value	5a2af601e7a2
Contents%2FFrameworks%2FLogic.framework%2FVersions%2FA%2FResources%2FLocalizable.strings	es	End	value#ci	a383bcb77c83
Contents%2FFrameworks%2FLogic.framework%2FVersions%2FA%2FResources%2FLocalizable.strings	es	Event%20Position%20and%20Length%20as%20Time	value	bb8e9bf69b3c
Contents%2FFrameworks%2FLogic.framework%2FVersions%2FA%2FResources%2FLocalizable.strings	es	Event%20Position%20and%20Length%20as%20Time	value#ci	28842cac15cf
Contents%2FFrameworks%2FLogic.framework%2FVersions%2FA%2FResources%2FLocalizable.strings	es	Export%23mti	value	292f20ee64bc
Contents%2FFrameworks%2FLogic.framework%2FVersions%2FA%2FResources%2FLocalizable.strings	es	Export%23mti	value#ci	ce8737c72f69
Contents%2FFrameworks%2FLogic.framework%2FVersions%2FA%2FResources%2FLocalizable.strings	es	File%23mti	value	75d6b4579e1d
Contents%2FFrameworks%2FLogic.framework%2FVersions%2FA%2FResources%2FLocalizable.strings	es	File%23mti	value#ci	247a8174ec0c
Contents%2FFrameworks%2FLogic.framework%2FVersions%2FA%2FResources%2FLocalizable.strings	es	Folder%23mti	value	7342decb5728
Contents%2FFrameworks%2FLogic.framework%2FVersions%2FA%2FResources%2FLocalizable.strings	es	Folder%23mti	value#ci	5fd0f12161e9
Contents%2FFrameworks%2FLogic.framework%2FVersions%2FA%2FResources%2FLocalizable.strings	es	Go%20To	value	8d11ba02dfea
Contents%2FFrameworks%2FLogic.framework%2FVersions%2FA%2FResources%2FLocalizable.strings	es	Go%20To	value#ci	755300823087
Contents%2FFrameworks%2FLogic.framework%2FVersions%2FA%2FResources%2FLocalizable.strings	es	Import%23mti	value	e7f0e6d956c1
Contents%2FFrameworks%2FLogic.framework%2FVersions%2FA%2FResources%2FLocalizable.strings	es	Import%23mti	value#ci	dce62d25a088
Contents%2FFrameworks%2FLogic.framework%2FVersions%2FA%2FResources%2FLocalizable.strings	es	Input%20Port	value	9d32e37f4328
Contents%2FFrameworks%2FLogic.framework%2FVersions%2FA%2FResources%2FLocalizable.strings	es	Input%20Port	value#ci	369284ce889f
Contents%2FFrameworks%2FLogic.framework%2FVersions%2FA%2FResources%2FLocalizable.strings	es	Inspector%23acc	value	da188e3b1cef
Contents%2FFrameworks%2FLogic.framework%2FVersions%2FA%2FResources%2FLocalizable.strings	es	Inspector%23acc	value#ci	98fe44225503
Contents%2FFrameworks%2FLogic.framework%2FVersions%2FA%2FResources%2FLocalizable.strings	es	Instrument%20Names%23acc	value	d952fe4801fe
Contents%2FFrameworks%2FLogic.framework%2FVersions%2FA%2FResources%2FLocalizable.strings	es	Instrument%20Names%23acc	value#ci	9db99b4ffae7
Contents%2FFrameworks%2FLogic.framework%2FVersions%2FA%2FResources%2FLocalizable.strings	es	L	value	72dfcfb0c470
Contents%2FFrameworks%2FLogic.framework%2FVersions%2FA%2FResources%2FLocalizable.strings	es	L	value#ci	acac86c0e609
Contents%2FFrameworks%2FLogic.framework%2FVersions%2FA%2FResources%2FLocalizable.strings	es	Length%23und	value	d7188902b158
Contents%2FFrameworks%2FLogic.framework%2FVersions%2FA%2FResources%2FLocalizable.strings	es	Length%23und	value#ci	d7188902b158
Contents%2FFrameworks%2FLogic.framework%2FVersions%2FA%2FResources%2FLocalizable.strings	es	Length%2FInfo	value	86b4187b2070
Contents%2FFrameworks%2FLogic.framework%2FVersions%2FA%2FResources%2FLocalizable.strings	es	Length%2FInfo	value#ci	f4861d07c681
Contents%2FFrameworks%2FLogic.framework%2FVersions%2FA%2FResources%2FLocalizable.strings	es	Library%23acc	value	c9169c12cba9
Contents%2FFrameworks%2FLogic.framework%2FVersions%2FA%2FResources%2FLocalizable.strings	es	Library%23acc	value#ci	8d6341258d8d
Contents%2FFrameworks%2FLogic.framework%2FVersions%2FA%2FResources%2FLocalizable.strings	es	Logic%20Pro	value	89d4cb070d7f
Contents%2FFrameworks%2FLogic.framework%2FVersions%2FA%2FResources%2FLocalizable.strings	es	Logic%20Pro	value#ci	a2c7aa6e8f8f
Contents%2FFrameworks%2FLogic.framework%2FVersions%2FA%2FResources%2FLocalizable.strings	es	MIDI%20Channels%23mti	value	0fceff2b1e1f
Contents%2FFrameworks%2FLogic.framework%2FVersions%2FA%2FResources%2FLocalizable.strings	es	MIDI%20Channels%23mti	value#ci	0f69e76bdd62
Contents%2FFrameworks%2FLogic.framework%2FVersions%2FA%2FResources%2FLocalizable.strings	es	MIDI%20File%E2%80%A6	value	c9a8f4d9cf48
Contents%2FFrameworks%2FLogic.framework%2FVersions%2FA%2FResources%2FLocalizable.strings	es	MIDI%20File%E2%80%A6	value#ci	994705909346
Contents%2FFrameworks%2FLogic.framework%2FVersions%2FA%2FResources%2FLocalizable.strings	es	Mixer%23acc	value	a80b0dd5ce58
Contents%2FFrameworks%2FLogic.framework%2FVersions%2FA%2FResources%2FLocalizable.strings	es	Mixer%23acc	value#ci	3f49a9db4c05
Contents%2FFrameworks%2FLogic.framework%2FVersions%2FA%2FResources%2FLocalizable.strings	es	Mono	value	6f00156cec07
Contents%2FFrameworks%2FLogic.framework%2FVersions%2FA%2FResources%2FLocalizable.strings	es	Mono	value#ci	d7de34b17b46
Contents%2FFrameworks%2FLogic.framework%2FVersions%2FA%2FResources%2FLocalizable.strings	es	Mono-%3EStereo	value	460d471ae211
Contents%2FFrameworks%2FLogic.framework%2FVersions%2FA%2FResources%2FLocalizable.strings	es	Mono-%3EStereo	value#ci	33ff101183c6
Contents%2FFrameworks%2FLogic.framework%2FVersions%2FA%2FResources%2FLocalizable.strings	es	Move	value	e3198ed27ba8
Contents%2FFrameworks%2FLogic.framework%2FVersions%2FA%2FResources%2FLocalizable.strings	es	Move	value#ci	841691abe117
Contents%2FFrameworks%2FLogic.framework%2FVersions%2FA%2FResources%2FLocalizable.strings	es	Mute%23acc	value	8953cc8c3228
Contents%2FFrameworks%2FLogic.framework%2FVersions%2FA%2FResources%2FLocalizable.strings	es	Mute%23acc	value#ci	fc23cc3fac93
Contents%2FFrameworks%2FLogic.framework%2FVersions%2FA%2FResources%2FLocalizable.strings	es	Navigate%23mti	value	88088f31d729
Contents%2FFrameworks%2FLogic.framework%2FVersions%2FA%2FResources%2FLocalizable.strings	es	Navigate%23mti	value#ci	e907f5d07d99
Contents%2FFrameworks%2FLogic.framework%2FVersions%2FA%2FResources%2FLocalizable.strings	es	New%20Audio%20Track	value	2bf01805986f
Contents%2FFrameworks%2FLogic.framework%2FVersions%2FA%2FResources%2FLocalizable.strings	es	New%20Audio%20Track	value#ci	70d88e3ef75f
Contents%2FFrameworks%2FLogic.framework%2FVersions%2FA%2FResources%2FLocalizable.strings	es	New%20External%20MIDI%20Track	value	859ec278c105
Contents%2FFrameworks%2FLogic.framework%2FVersions%2FA%2FResources%2FLocalizable.strings	es	New%20External%20MIDI%20Track	value#ci	7b6892b24794
Contents%2FFrameworks%2FLogic.framework%2FVersions%2FA%2FResources%2FLocalizable.strings	es	New%20Session%20Player%20SI%20Track%E2%80%A6	value	e7ea29439f82
Contents%2FFrameworks%2FLogic.framework%2FVersions%2FA%2FResources%2FLocalizable.strings	es	New%20Session%20Player%20SI%20Track%E2%80%A6	value#ci	7c77f8657671
Contents%2FFrameworks%2FLogic.framework%2FVersions%2FA%2FResources%2FLocalizable.strings	es	New%20Software%20Instrument%20Track	value	ff88dc6e58d0
Contents%2FFrameworks%2FLogic.framework%2FVersions%2FA%2FResources%2FLocalizable.strings	es	New%20Software%20Instrument%20Track	value#ci	d4d6644893f1
Contents%2FFrameworks%2FLogic.framework%2FVersions%2FA%2FResources%2FLocalizable.strings	es	New%23mti	value	069d9fe0de77
Contents%2FFrameworks%2FLogic.framework%2FVersions%2FA%2FResources%2FLocalizable.strings	es	New%23mti	value#ci	238b4429a65d
Contents%2FFrameworks%2FLogic.framework%2FVersions%2FA%2FResources%2FLocalizable.strings	es	No	value	1ea442a134b2
Contents%2FFrameworks%2FLogic.framework%2FVersions%2FA%2FResources%2FLocalizable.strings	es	No	value#ci	9390298f3fb0
Contents%2FFrameworks%2FLogic.framework%2FVersions%2FA%2FResources%2FLocalizable.strings	es	Num	value	84973ab42e69
Contents%2FFrameworks%2FLogic.framework%2FVersions%2FA%2FResources%2FLocalizable.strings	es	Num	value#ci	a91345266d10
Contents%2FFrameworks%2FLogic.framework%2FVersions%2FA%2FResources%2FLocalizable.strings	es	Number%20of%20Items	value	c208b3a87ee4
Contents%2FFrameworks%2FLogic.framework%2FVersions%2FA%2FResources%2FLocalizable.strings	es	Number%20of%20Items	value#ci	0d54b50cd151
Contents%2FFrameworks%2FLogic.framework%2FVersions%2FA%2FResources%2FLocalizable.strings	es	Open%20Marker%20List	value	a1d61165706e
Contents%2FFrameworks%2FLogic.framework%2FVersions%2FA%2FResources%2FLocalizable.strings	es	Open%20Marker%20List	value#ci	5dab276b05d4
Contents%2FFrameworks%2FLogic.framework%2FVersions%2FA%2FResources%2FLocalizable.strings	es	Output%20Channel	value	77b4849cca48
Contents%2FFrameworks%2FLogic.framework%2FVersions%2FA%2FResources%2FLocalizable.strings	es	Output%20Channel	value#ci	a3e0bf45e8fd
Contents%2FFrameworks%2FLogic.framework%2FVersions%2FA%2FResources%2FLocalizable.strings	es	Position%E2%80%A6	value	b5542df41a96
Contents%2FFrameworks%2FLogic.framework%2FVersions%2FA%2FResources%2FLocalizable.strings	es	Position%E2%80%A6	value#ci	42849f301db7
Contents%2FFrameworks%2FLogic.framework%2FVersions%2FA%2FResources%2FLocalizable.strings	es	Project%20or%20Section%E2%80%A6	value	bcca78729504
Contents%2FFrameworks%2FLogic.framework%2FVersions%2FA%2FResources%2FLocalizable.strings	es	Project%20or%20Section%E2%80%A6	value#ci	898efe21b7a9
Contents%2FFrameworks%2FLogic.framework%2FVersions%2FA%2FResources%2FLocalizable.strings	es	Region	value	082fdf0b095b
Contents%2FFrameworks%2FLogic.framework%2FVersions%2FA%2FResources%2FLocalizable.strings	es	Region	value#ci	72fced00a1c1
Contents%2FFrameworks%2FLogic.framework%2FVersions%2FA%2FResources%2FLocalizable.strings	es	Region%20starts%20at%20%25%40%20and%20ends%20at%20%25%40	value	d699437900e1
Contents%2FFrameworks%2FLogic.framework%2FVersions%2FA%2FResources%2FLocalizable.strings	es	Region%20starts%20at%20%25%40%20and%20ends%20at%20%25%40	value#ci	d76b0ee8cdbd
Contents%2FFrameworks%2FLogic.framework%2FVersions%2FA%2FResources%2FLocalizable.strings	es	Rename%20Track	value	3b5e275f8247
Contents%2FFrameworks%2FLogic.framework%2FVersions%2FA%2FResources%2FLocalizable.strings	es	Rename%20Track	value#ci	f9921a17397f
Contents%2FFrameworks%2FLogic.framework%2FVersions%2FA%2FResources%2FLocalizable.strings	es	Show%20%25%40	value	83ea2041f895
Contents%2FFrameworks%2FLogic.framework%2FVersions%2FA%2FResources%2FLocalizable.strings	es	Show%20%25%40	value#ci	085495b68af5
Contents%2FFrameworks%2FLogic.framework%2FVersions%2FA%2FResources%2FLocalizable.strings	es	Show%20Tempo%20List	value	ee2e6729f980
Contents%2FFrameworks%2FLogic.framework%2FVersions%2FA%2FResources%2FLocalizable.strings	es	Show%20Tempo%20List	value#ci	7c6ede2a2cc2
Contents%2FFrameworks%2FLogic.framework%2FVersions%2FA%2FResources%2FLocalizable.strings	es	Show%2FHide%20Automation	value	5193a647bcb9
Contents%2FFrameworks%2FLogic.framework%2FVersions%2FA%2FResources%2FLocalizable.strings	es	Show%2FHide%20Automation	value#ci	27d264129daa
Contents%2FFrameworks%2FLogic.framework%2FVersions%2FA%2FResources%2FLocalizable.strings	es	Solo%23acc	value	a6db48009495
Contents%2FFrameworks%2FLogic.framework%2FVersions%2FA%2FResources%2FLocalizable.strings	es	Solo%23acc	value#ci	5364f2f2fc4f
Contents%2FFrameworks%2FLogic.framework%2FVersions%2FA%2FResources%2FLocalizable.strings	es	Sort%20Tracks%20by	value	9519d91baf38
Contents%2FFrameworks%2FLogic.framework%2FVersions%2FA%2FResources%2FLocalizable.strings	es	Sort%20Tracks%20by	value#ci	0b52da7d1621
Contents%2FFrameworks%2FLogic.framework%2FVersions%2FA%2FResources%2FLocalizable.strings	es	Start	value	58fcc9468fe1
Contents%2FFrameworks%2FLogic.framework%2FVersions%2FA%2FResources%2FLocalizable.strings	es	Start	value#ci	e980e67bc2f0
Contents%2FFrameworks%2FLogic.framework%2FVersions%2FA%2FResources%2FLocalizable.strings	es	Step%20Input%20Keyboard%23acc	value	7a0b4bb4e684
Contents%2FFrameworks%2FLogic.framework%2FVersions%2FA%2FResources%2FLocalizable.strings	es	Step%20Input%20Keyboard%23acc	value#ci	3b5df0b60a28
Contents%2FFrameworks%2FLogic.framework%2FVersions%2FA%2FResources%2FLocalizable.strings	es	Stereo	value	b8f41fc22bc2
Contents%2FFrameworks%2FLogic.framework%2FVersions%2FA%2FResources%2FLocalizable.strings	es	Stereo	value#ci	d15917b6ec92
Contents%2FFrameworks%2FLogic.framework%2FVersions%2FA%2FResources%2FLocalizable.strings	es	StrTabBtnLabel%7C%7C%7CEvent	value	43f6698cdd81
Contents%2FFrameworks%2FLogic.framework%2FVersions%2FA%2FResources%2FLocalizable.strings	es	StrTabBtnLabel%7C%7C%7CEvent	value#ci	b9de731495fd
Contents%2FFrameworks%2FLogic.framework%2FVersions%2FA%2FResources%2FLocalizable.strings	es	StrTabBtnLabel%7C%7C%7CMarker	value	a6056a89fdea
Contents%2FFrameworks%2FLogic.framework%2FVersions%2FA%2FResources%2FLocalizable.strings	es	StrTabBtnLabel%7C%7C%7CMarker	value#ci	08ff46408702
Contents%2FFrameworks%2FLogic.framework%2FVersions%2FA%2FResources%2FLocalizable.strings	es	StrTabBtnLabel%7C%7C%7CTracks	value	1464cceb759f
Contents%2FFrameworks%2FLogic.framework%2FVersions%2FA%2FResources%2FLocalizable.strings	es	StrTabBtnLabel%7C%7C%7CTracks	value#ci	d7dde817b3ad
Contents%2FFrameworks%2FLogic.framework%2FVersions%2FA%2FResources%2FLocalizable.strings	es	StrToolbItemName%7C%7C%7CBounce	value	24b6ed119d81
Contents%2FFrameworks%2FLogic.framework%2FVersions%2FA%2FResources%2FLocalizable.strings	es	StrToolbItemName%7C%7C%7CBounce	value#ci	4d6723e5e454
Contents%2FFrameworks%2FLogic.framework%2FVersions%2FA%2FResources%2FLocalizable.strings	es	StrToolbItemName%7C%7C%7CCreate%20Marker	value	b96ff045b413
Contents%2FFrameworks%2FLogic.framework%2FVersions%2FA%2FResources%2FLocalizable.strings	es	StrToolbItemName%7C%7C%7CCreate%20Marker	value#ci	3d5a4eccefb3
Contents%2FFrameworks%2FLogic.framework%2FVersions%2FA%2FResources%2FLocalizable.strings	es	StrToolbItemName%7C%7C%7CSet%20Locators	value	4f3b95a00ed1
Contents%2FFrameworks%2FLogic.framework%2FVersions%2FA%2FResources%2FLocalizable.strings	es	StrToolbItemName%7C%7C%7CSet%20Locators	value#ci	5718f9f20a47
Contents%2FFrameworks%2FLogic.framework%2FVersions%2FA%2FResources%2FLocalizable.strings	es	StrTransportBtns%7C%7C%7CCount%20In	value	0f3508827510
Contents%2FFrameworks%2FLogic.framework%2FVersions%2FA%2FResources%2FLocalizable.strings	es	StrTransportBtns%7C%7C%7CCount%20In	value#ci	15e1638bae90
Contents%2FFrameworks%2FLogic.framework%2FVersions%2FA%2FResources%2FLocalizable.strings	es	Tempo%23mti	value	214b5b846cf3
Contents%2FFrameworks%2FLogic.framework%2FVersions%2FA%2FResources%2FLocalizable.strings	es	Tempo%23mti	value#ci	8d6546721a1d
Contents%2FFrameworks%2FLogic.framework%2FVersions%2FA%2FResources%2FLocalizable.strings	es	To%20Playhead	value	dde088995059
Contents%2FFrameworks%2FLogic.framework%2FVersions%2FA%2FResources%2FLocalizable.strings	es	To%20Playhead	value#ci	c8bad1b59542
Contents%2FFrameworks%2FLogic.framework%2FVersions%2FA%2FResources%2FLocalizable.strings	es	Track%20Name	value	9a6b870daf68
Contents%2FFrameworks%2FLogic.framework%2FVersions%2FA%2FResources%2FLocalizable.strings	es	Track%20Name	value#ci	d811a39856a0
Contents%2FFrameworks%2FLogic.framework%2FVersions%2FA%2FResources%2FLocalizable.strings	es	Track%23mti	value	f3a2b24a9b14
Contents%2FFrameworks%2FLogic.framework%2FVersions%2FA%2FResources%2FLocalizable.strings	es	Track%23mti	value#ci	961220d4da69
Contents%2FFrameworks%2FLogic.framework%2FVersions%2FA%2FResources%2FLocalizable.strings	es	Trk	value	f3a2b24a9b14
Contents%2FFrameworks%2FLogic.framework%2FVersions%2FA%2FResources%2FLocalizable.strings	es	Trk	value#ci	961220d4da69
Contents%2FFrameworks%2FLogic.framework%2FVersions%2FA%2FResources%2FLocalizable.strings	es	Used%2C%20Unused	value	7ec9e8224478
Contents%2FFrameworks%2FLogic.framework%2FVersions%2FA%2FResources%2FLocalizable.strings	es	Used%2C%20Unused	value#ci	1bda4829f9d0
Contents%2FFrameworks%2FLogic.framework%2FVersions%2FA%2FResources%2FLocalizable.strings	es	Val	value	b49aaeaada64
Contents%2FFrameworks%2FLogic.framework%2FVersions%2FA%2FResources%2FLocalizable.strings	es	Val	value#ci	67a7edfde9a3
Contents%2FFrameworks%2FLogic.framework%2FVersions%2FA%2FResources%2FLocalizable.strings	es	View%23mti	value	c702af8c1ead
Contents%2FFrameworks%2FLogic.framework%2FVersions%2FA%2FResources%2FLocalizable.strings	es	View%23mti	value#ci	aa3bc7749872
Contents%2FFrameworks%2FLogic.framework%2FVersions%2FA%2FResources%2FLocalizable.strings	es	Window%23mti	value	09c101d2650e
Contents%2FFrameworks%2FLogic.framework%2FVersions%2FA%2FResources%2FLocalizable.strings	es	Window%23mti	value#ci	67a6ddae1cc3
Contents%2FFrameworks%2FLogic.framework%2FVersions%2FA%2FResources%2FLocalizable.strings	es	bar	value	a5d8a8bf7dee
Contents%2FFrameworks%2FLogic.framework%2FVersions%2FA%2FResources%2FLocalizable.strings	es	bar	value#ci	a5d8a8bf7dee
Contents%2FFrameworks%2FLogic.framework%2FVersions%2FA%2FResources%2FLocalizable.strings	es	beats	value	31282ae569dd
Contents%2FFrameworks%2FLogic.framework%2FVersions%2FA%2FResources%2FLocalizable.strings	es	beats	value#ci	31282ae569dd
Contents%2FFrameworks%2FLogic.framework%2FVersions%2FA%2FResources%2FLocalizable.strings	es	division	value	8c69230cfd46
Contents%2FFrameworks%2FLogic.framework%2FVersions%2FA%2FResources%2FLocalizable.strings	es	division	value#ci	8c69230cfd46
Contents%2FFrameworks%2FLogic.framework%2FVersions%2FA%2FResources%2FLocalizable.strings	es	play	value	3eb4f3eb7a8f
Contents%2FFrameworks%2FLogic.framework%2FVersions%2FA%2FResources%2FLocalizable.strings	es	play	value#ci	3eb4f3eb7a8f
Contents%2FFrameworks%2FLogic.framework%2FVersions%2FA%2FResources%2FLocalizable.strings	fr	All%20Plug-in%20Windows%23acc	value	429dab7917a8
Contents%2FFrameworks%2FLogic.framework%2FVersions%2FA%2FResources%2FLocalizable.strings	fr	All%20Plug-in%20Windows%23acc	value#ci	5f1fff7653ea
Contents%2FFrameworks%2FLogic.framework%2FVersions%2FA%2FResources%2FLocalizable.strings	fr	All%20Tracks%20as%20Audio%20Files%E2%80%A6	value	7736ad37ad51
Contents%2FFrameworks%2FLogic.framework%2FVersions%2FA%2FResources%2FLocalizable.strings	fr	All%20Tracks%20as%20Audio%20Files%E2%80%A6	value#ci	644a1928fef5
Contents%2FFrameworks%2FLogic.framework%2FVersions%2FA%2FResources%2FLocalizable.strings	fr	Audio%20Channel	value	ea53de219362
Contents%2FFrameworks%2FLogic.framework%2FVersions%2FA%2FResources%2FLocalizable.strings	fr	Audio%20Channel	value#ci	6128737d0f66
Contents%2FFrameworks%2FLogic.framework%2FVersions%2FA%2FResources%2FLocalizable.strings	fr	Audio%20Units	value	c8cf2c25cd0f
Contents%2FFrameworks%2FLogic.framework%2FVersions%2FA%2FResources%2FLocalizable.strings	fr	Audio%20Units	value#ci	ebb1fc0d387c
Contents%2FFrameworks%2FLogic.framework%2FVersions%2FA%2FResources%2FLocalizable.strings	fr	Autopunch	value	a4e8a3596df7
Contents%2FFrameworks%2FLogic.framework%2FVersions%2FA%2FResources%2FLocalizable.strings	fr	Autopunch	value#ci	5931d6213bb9
Contents%2FFrameworks%2FLogic.framework%2FVersions%2FA%2FResources%2FLocalizable.strings	fr	Ch	value	260cbe0b23eb
Contents%2FFrameworks%2FLogic.framework%2FVersions%2FA%2FResources%2FLocalizable.strings	fr	Ch	value#ci	b6ce15bfaa52
Contents%2FFrameworks%2FLogic.framework%2FVersions%2FA%2FResources%2FLocalizable.strings	fr	Choose	value	3f2aaae20144
Contents%2FFrameworks%2FLogic.framework%2FVersions%2FA%2FResources%2FLocalizable.strings	fr	Choose	value#ci	334c4c610a71
Contents%2FFrameworks%2FLogic.framework%2FVersions%2FA%2FResources%2FLocalizable.strings	fr	Choose%20a%20Project	value	1fc798128adb
Contents%2FFrameworks%2FLogic.framework%2FVersions%2FA%2FResources%2FLocalizable.strings	fr	Choose%20a%20Project	value#ci	dd9d6e12b9d3
Contents%2FFrameworks%2FLogic.framework%2FVersions%2FA%2FResources%2FLocalizable.strings	fr	Control%20Bar%23acc	value	aee6f774bd4e
Contents%2FFrameworks%2FLogic.framework%2FVersions%2FA%2FResources%2FLocalizable.strings	fr	Control%20Bar%23acc	value#ci	90b534f73143
Contents%2FFrameworks%2FLogic.framework%2FVersions%2FA%2FResources%2FLocalizable.strings	fr	Create%23und	value	969418f4d5ae
Contents%2FFrameworks%2FLogic.framework%2FVersions%2FA%2FResources%2FLocalizable.strings	fr	Create%23und	value#ci	561435c07fdf
Contents%2FFrameworks%2FLogic.framework%2FVersions%2FA%2FResources%2FLocalizable.strings	fr	Creation%20Date	value	5401fe67d3cc
Contents%2FFrameworks%2FLogic.framework%2FVersions%2FA%2FResources%2FLocalizable.strings	fr	Creation%20Date	value#ci	fbd6daeee565
Contents%2FFrameworks%2FLogic.framework%2FVersions%2FA%2FResources%2FLocalizable.strings	fr	Cycle	value	518653530449
Contents%2FFrameworks%2FLogic.framework%2FVersions%2FA%2FResources%2FLocalizable.strings	fr	Cycle	value#ci	c501935a6b2b
Contents%2FFrameworks%2FLogic.framework%2FVersions%2FA%2FResources%2FLocalizable.strings	fr	Delete%20Track	value	fb444451d2d1
Contents%2FFrameworks%2FLogic.framework%2FVersions%2FA%2FResources%2FLocalizable.strings	fr	Delete%20Track	value#ci	93496555ec94
Contents%2FFrameworks%2FLogic.framework%2FVersions%2FA%2FResources%2FLocalizable.strings	fr	Delete%23key	value	5e5d0216ce0b
Contents%2FFrameworks%2FLogic.framework%2FVersions%2FA%2FResources%2FLocalizable.strings	fr	Delete%23key	value#ci	834289eb0c27
Contents%2FFrameworks%2FLogic.framework%2FVersions%2FA%2FResources%2FLocalizable.strings	fr	Display%20%25%40%20Channel%20Strips	value	dc4520e8fbd3
Contents%2FFrameworks%2FLogic.framework%2FVersions%2FA%2FResources%2FLocalizable.strings	fr	Display%20%25%40%20Channel%20Strips	value#ci	89e6e625b7c0
Contents%2FFrameworks%2FLogic.framework%2FVersions%2FA%2FResources%2FLocalizable.strings	fr	Display%20Mode	value	608582711561
Contents%2FFrameworks%2FLogic.framework%2FVersions%2FA%2FResources%2FLocalizable.strings	fr	Display%20Mode	value#ci	3f1f3bb6d3b2
Contents%2FFrameworks%2FLogic.framework%2FVersions%2FA%2FResources%2FLocalizable.strings	fr	Dual%20Mono	value	a1e07f81463c
Contents%2FFrameworks%2FLogic.framework%2FVersions%2FA%2FResources%2FLocalizable.strings	fr	Dual%20Mono	value#ci	554a5bf46ee7
Contents%2FFrameworks%2FLogic.framework%2FVersions%2FA%2FResources%2FLocalizable.strings	fr	Edit%20Marker%23und	value	e375d5814ece
Contents%2FFrameworks%2FLogic.framework%2FVersions%2FA%2FResources%2FLocalizable.strings	fr	Edit%20Marker%23und	value#ci	220f4ffe507b
Contents%2FFrameworks%2FLogic.framework%2FVersions%2FA%2FResources%2FLocalizable.strings	fr	Edit%23mti	value	a4944d07071b
Contents%2FFrameworks%2FLogic.framework%2FVersions%2FA%2FResources%2FLocalizable.strings	fr	Edit%23mti	value#ci	399c2dacd664
Contents%2FFrameworks%2FLogic.framework%2FVersions%2FA%2FResources%2FLocalizable.strings	fr	Editor%23acc	value	ca526042c41b
Contents%2FFrameworks%2FLogic.framework%2FVersions%2FA%2FResources%2FLocalizable.strings	fr	Editor%23acc	value#ci	972ed6cf364d
Contents%2FFrameworks%2FLogic.framework%2FVersions%2FA%2FResources%2FLocalizable.strings	fr	Empty%20Project	value	75c5dabcc9a1
Contents%2FFrameworks%2FLogic.framework%2FVersions%2FA%2FResources%2FLocalizable.strings	fr	Empty%20Project	value#ci	689ab70c41ef
Contents%2FFrameworks%2FLogic.framework%2FVersions%2FA%2FResources%2FLocalizable.strings	fr	End	value	5a2af601e7a2
Contents%2FFrameworks%2FLogic.framework%2FVersions%2FA%2FResources%2FLocalizable.strings	fr	End	value#ci	a383bcb77c83
Contents%2FFrameworks%2FLogic.framework%2FVersions%2FA%2FResources%2FLocalizable.strings	fr	Event%20Position%20and%20Length%20as%20Time	value	46417857c168
Contents%2FFrameworks%2FLogic.framework%2FVersions%2FA%2FResources%2FLocalizable.strings	fr	Event%20Position%20and%20Length%20as%20Time	value#ci	a9a5f3b4f66f
Contents%2FFrameworks%2FLogic.framework%2FVersions%2FA%2FResources%2FLocalizable.strings	fr	Export%23mti	value	c0cc1fe8ff23
Contents%2FFrameworks%2FLogic.framework%2FVersions%2FA%2FResources%2FLocalizable.strings	fr	Export%23mti	value#ci	29b220d49cd6
Contents%2FFrameworks%2FLogic.framework%2FVersions%2FA%2FResources%2FLocalizable.strings	fr	File%23mti	value	07ceb51d3a38
Contents%2FFrameworks%2FLogic.framework%2FVersions%2FA%2FResources%2FLocalizable.strings	fr	File%23mti	value#ci	a1e95e8d498e
Contents%2FFrameworks%2FLogic.framework%2FVersions%2FA%2FResources%2FLocalizable.strings	fr	Folder%23mti	value	2cdf175d11ce
Contents%2FFrameworks%2FLogic.framework%2FVersions%2FA%2FResources%2FLocalizable.strings	fr	Folder%23mti	value#ci	c8ec03ed9ce7
Contents%2FFrameworks%2FLogic.framework%2FVersions%2FA%2FResources%2FLocalizable.strings	fr	Go%20To	value	615b02a6fef3
Contents%2FFrameworks%2FLogic.framework%2FVersions%2FA%2FResources%2FLocalizable.strings	fr	Go%20To	value#ci	6c095624017f
Contents%2FFrameworks%2FLogic.framework%2FVersions%2FA%2FResources%2FLocalizable.strings	fr	Import%23mti	value	ed2c9cb3830e
Contents%2FFrameworks%2FLogic.framework%2FVersions%2FA%2FResources%2FLocalizable.strings	fr	Import%23mti	value#ci	2c98ae936632
Contents%2FFrameworks%2FLogic.framework%2FVersions%2FA%2FResources%2FLocalizable.strings	fr	Input%20Port	value	588c53a45562
Contents%2FFrameworks%2FLogic.framework%2FVersions%2FA%2FResources%2FLocalizable.strings	fr	Input%20Port	value#ci	684123c8dbc8
Contents%2FFrameworks%2FLogic.framework%2FVersions%2FA%2FResources%2FLocalizable.strings	fr	Inspector%23acc	value	fdcd18ca8ee6
Contents%2FFrameworks%2FLogic.framework%2FVersions%2FA%2FResources%2FLocalizable.strings	fr	Inspector%23acc	value#ci	c3dc248fa80e
Contents%2FFrameworks%2FLogic.framework%2FVersions%2FA%2FResources%2FLocalizable.strings	fr	Instrument%20Names%23acc	value	0e64ae312bd6
Contents%2FFrameworks%2FLogic.framework%2FVersions%2FA%2FResources%2FLocalizable.strings	fr	Instrument%20Names%23acc	value#ci	d93ab20d9d62
Contents%2FFrameworks%2FLogic.framework%2FVersions%2FA%2FResources%2FLocalizable.strings	fr	L	value	333e0a1e2781
Contents%2FFrameworks%2FLogic.framework%2FVersions%2FA%2FResources%2FLocalizable.strings	fr	L	value#ci	cd0aa9856147
Contents%2FFrameworks%2FLogic.framework%2FVersions%2FA%2FResources%2FLocalizable.strings	fr	Length%23und	value	71d0bad42af1
Contents%2FFrameworks%2FLogic.framework%2FVersions%2FA%2FResources%2FLocalizable.strings	fr	Length%23und	value#ci	506853e6d373
Contents%2FFrameworks%2FLogic.framework%2FVersions%2FA%2FResources%2FLocalizable.strings	fr	Length%2FInfo	value	c05585e91fdf
Contents%2FFrameworks%2FLogic.framework%2FVersions%2FA%2FResources%2FLocalizable.strings	fr	Length%2FInfo	value#ci	682aacc85527
Contents%2FFrameworks%2FLogic.framework%2FVersions%2FA%2FResources%2FLocalizable.strings	fr	Library%23acc	value	709acc9ef56e
Contents%2FFrameworks%2FLogic.framework%2FVersions%2FA%2FResources%2FLocalizable.strings	fr	Library%23acc	value#ci	486cbd78e83d
Contents%2FFrameworks%2FLogic.framework%2FVersions%2FA%2FResources%2FLocalizable.strings	fr	Logic%20Pro	value	89d4cb070d7f
Contents%2FFrameworks%2FLogic.framework%2FVersions%2FA%2FResources%2FLocalizable.strings	fr	Logic%20Pro	value#ci	a2c7aa6e8f8f
Contents%2FFrameworks%2FLogic.framework%2FVersions%2FA%2FResources%2FLocalizable.strings	fr	MIDI%20Channels%23mti	value	202812187f62
Contents%2FFrameworks%2FLogic.framework%2FVersions%2FA%2FResources%2FLocalizable.strings	fr	MIDI%20Channels%23mti	value#ci	5df61444ba60
Contents%2FFrameworks%2FLogic.framework%2FVersions%2FA%2FResources%2FLocalizable.strings	fr	MIDI%20File%E2%80%A6	value	4537ad913a87
Contents%2FFrameworks%2FLogic.framework%2FVersions%2FA%2FResources%2FLocalizable.strings	fr	MIDI%20File%E2%80%A6	value#ci	eb7d020431e0
Contents%2FFrameworks%2FLogic.framework%2FVersions%2FA%2FResources%2FLocalizable.strings	fr	Mixer%23acc	value	4aea5e82af22
Contents%2FFrameworks%2FLogic.framework%2FVersions%2FA%2FResources%2FLocalizable.strings	fr	Mixer%23acc	value#ci	362c7e0d0fd6
Contents%2FFrameworks%2FLogic.framework%2FVersions%2FA%2FResources%2FLocalizable.strings	fr	Mono	value	6f00156cec07
Contents%2FFrameworks%2FLogic.framework%2FVersions%2FA%2FResources%2FLocalizable.strings	fr	Mono	value#ci	d7de34b17b46
Contents%2FFrameworks%2FLogic.framework%2FVersions%2FA%2FResources%2FLocalizable.strings	fr	Mono-%3EStereo	value	ea1bf3bb003f
Contents%2FFrameworks%2FLogic.framework%2FVersions%2FA%2FResources%2FLocalizable.strings	fr	Mono-%3EStereo	value#ci	31e79f1f097c
Contents%2FFrameworks%2FLogic.framework%2FVersions%2FA%2FResources%2FLocalizable.strings	fr	Move	value	96d83ee0e080
Contents%2FFrameworks%2FLogic.framework%2FVersions%2FA%2FResources%2FLocalizable.strings	fr	Move	value#ci	f90487829b18
Contents%2FFrameworks%2FLogic.framework%2FVersions%2FA%2FResources%2FLocalizable.strings	fr	Mute%23acc	value	22251c6e8e32
Contents%2FFrameworks%2FLogic.framework%2FVersions%2FA%2FResources%2FLocalizable.strings	fr	Mute%23acc	value#ci	d7d847eec762
Contents%2FFrameworks%2FLogic.framework%2FVersions%2FA%2FResources%2FLocalizable.strings	fr	Navigate%23mti	value	cb03095bb936
Contents%2FFrameworks%2FLogic.framework%2FVersions%2FA%2FResources%2FLocalizable.strings	fr	Navigate%23mti	value#ci	5cb6fddcc52a
Contents%2FFrameworks%2FLogic.framework%2FVersions%2FA%2FResources%2FLocalizable.strings	fr	New%20Audio%20Track	value	2c4e73aef7b4
Contents%2FFrameworks%2FLogic.framework%2FVersions%2FA%2FResources%2FLocalizable.strings	fr	New%20Audio%20Track	value#ci	e45e87e4e727
Contents%2FFrameworks%2FLogic.framework%2FVersions%2FA%2FResources%2FLocalizable.strings	fr	New%20External%20MIDI%20Track	value	086e4c325b9a
Contents%2FFrameworks%2FLogic.framework%2FVersions%2FA%2FResources%2FLocalizable.strings	fr	New%20External%20MIDI%20Track	value#ci	a76a37f42a47
Contents%2FFrameworks%2FLogic.framework%2FVersions%2FA%2FResources%2FLocalizable.strings	fr	New%20Session%20Player%20SI%20Track%E2%80%A6	value	0afad1c9332a
Contents%2FFrameworks%2FLogic.framework%2FVersions%2FA%2FResources%2FLocalizable.strings	fr	New%20Session%20Player%20SI%20Track%E2%80%A6	value#ci	51a8e9e100aa
Contents%2FFrameworks%2FLogic.framework%2FVersions%2FA%2FResources%2FLocalizable.strings	fr	New%20Software%20Instrument%20Track	value	b57368f5562d
Contents%2FFrameworks%2FLogic.framework%2FVersions%2FA%2FResources%2FLocalizable.strings	fr	New%20Software%20Instrument%20Track	value#ci	0604e31bdec7
Contents%2FFrameworks%2FLogic.framework%2FVersions%2FA%2FResources%2FLocalizable.strings	fr	New%23mti	value	c3634f2edeef
Contents%2FFrameworks%2FLogic.framework%2FVersions%2FA%2FResources%2FLocalizable.strings	fr	New%23mti	value#ci	79b996059587
Contents%2FFrameworks%2FLogic.framework%2FVersions%2FA%2FResources%2FLocalizable.strings	fr	No	value	7f62496b0cb8
Contents%2FFrameworks%2FLogic.framework%2FVersions%2FA%2FResources%2FLocalizable.strings	fr	No	value#ci	bcee72e6df5d
Contents%2FFrameworks%2FLogic.framework%2FVersions%2FA%2FResources%2FLocalizable.strings	fr	Num	value	562bb15757a8
Contents%2FFrameworks%2FLogic.framework%2FVersions%2FA%2FResources%2FLocalizable.strings	fr	Num	value#ci	0bfe93928a49
Contents%2FFrameworks%2FLogic.framework%2FVersions%2FA%2FResources%2FLocalizable.strings	fr	Number%20of%20Items	value	2b9529d2e21d
Contents%2FFrameworks%2FLogic.framework%2FVersions%2FA%2FResources%2FLocalizable.strings	fr	Number%20of%20Items	value#ci	d04613babdf0
Contents%2FFrameworks%2FLogic.framework%2FVersions%2FA%2FResources%2FLocalizable.strings	fr	Open%20Marker%20List	value	883f8ae5789e
Contents%2FFrameworks%2FLogic.framework%2FVersions%2FA%2FResources%2FLocalizable.strings	fr	Open%20Marker%20List	value#ci	75d9a1745a86
Contents%2FFrameworks%2FLogic.framework%2FVersions%2FA%2FResources%2FLocalizable.strings	fr	Output%20Channel	value	31c2d8922c28
Contents%2FFrameworks%2FLogic.framework%2FVersions%2FA%2FResources%2FLocalizable.strings	fr	Output%20Channel	value#ci	3abb7b1c4745
Contents%2FFrameworks%2FLogic.framework%2FVersions%2FA%2FResources%2FLocalizable.strings	fr	Position%E2%80%A6	value	62336fd5aedf
Contents%2FFrameworks%2FLogic.framework%2FVersions%2FA%2FResources%2FLocalizable.strings	fr	Position%E2%80%A6	value#ci	50167fa2fdc6
Contents%2FFrameworks%2FLogic.framework%2FVersions%2FA%2FResources%2FLocalizable.strings	fr	Project%20or%20Section%E2%80%A6	value	abdd3b0d7ba7
Contents%2FFrameworks%2FLogic.framework%2FVersions%2FA%2FResources%2FLocalizable.strings	fr	Project%20or%20Section%E2%80%A6	value#ci	eba020ed3b50
Contents%2FFrameworks%2FLogic.framework%2FVersions%2FA%2FResources%2FLocalizable.strings	fr	Region	value	3553f8c0304e
Contents%2FFrameworks%2FLogic.framework%2FVersions%2FA%2FResources%2FLocalizable.strings	fr	Region	value#ci	923fc2d212d0
Contents%2FFrameworks%2FLogic.framework%2FVersions%2FA%2FResources%2FLocalizable.strings	fr	Region%20starts%20at%20%25%40%20and%20ends%20at%20%25%40	value	7ad391a07721
Contents%2FFrameworks%2FLogic.framework%2FVersions%2FA%2FResources%2FLocalizable.strings	fr	Region%20starts%20at%20%25%40%20and%20ends%20at%20%25%40	value#ci	edee3c39c909
Contents%2FFrameworks%2FLogic.framework%2FVersions%2FA%2FResources%2FLocalizable.strings	fr	Rename%20Track	value	3b80aa7c92a2
Contents%2FFrameworks%2FLogic.framework%2FVersions%2FA%2FResources%2FLocalizable.strings	fr	Rename%20Track	value#ci	78e6e2c04009
Contents%2FFrameworks%2FLogic.framework%2FVersions%2FA%2FResources%2FLocalizable.strings	fr	Show%20%25%40	value	a0d706fb373d
Contents%2FFrameworks%2FLogic.framework%2FVersions%2FA%2FResources%2FLocalizable.strings	fr	Show%20%25%40	value#ci	bf88358199ea
Contents%2FFrameworks%2FLogic.framework%2FVersions%2FA%2FResources%2FLocalizable.strings	fr	Show%20Tempo%20List	value	fc4ee470a59e
Contents%2FFrameworks%2FLogic.framework%2FVersions%2FA%2FResources%2FLocalizable.strings	fr	Show%20Tempo%20List	value#ci	78aa813c9483
Contents%2FFrameworks%2FLogic.framework%2FVersions%2FA%2FResources%2FLocalizable.strings	fr	Show%2FHide%20Automation	value	17c7d065044f
Contents%2FFrameworks%2FLogic.framework%2FVersions%2FA%2FResources%2FLocalizable.strings	fr	Show%2FHide%20Automation	value#ci	297b070a240e
Contents%2FFrameworks%2FLogic.framework%2FVersions%2FA%2FResources%2FLocalizable.strings	fr	Solo%23acc	value	a6db48009495
Contents%2FFrameworks%2FLogic.framework%2FVersions%2FA%2FResources%2FLocalizable.strings	fr	Solo%23acc	value#ci	5364f2f2fc4f
Contents%2FFrameworks%2FLogic.framework%2FVersions%2FA%2FResources%2FLocalizable.strings	fr	Sort%20Tracks%20by	value	b4e8284569a6
Contents%2FFrameworks%2FLogic.framework%2FVersions%2FA%2FResources%2FLocalizable.strings	fr	Sort%20Tracks%20by	value#ci	21fcba32b09f
Contents%2FFrameworks%2FLogic.framework%2FVersions%2FA%2FResources%2FLocalizable.strings	fr	Start	value	a0f410e6d977
Contents%2FFrameworks%2FLogic.framework%2FVersions%2FA%2FResources%2FLocalizable.strings	fr	Start	value#ci	cfb53d7f9f6f
Contents%2FFrameworks%2FLogic.framework%2FVersions%2FA%2FResources%2FLocalizable.strings	fr	Step%20Input%20Keyboard%23acc	value	5d75b19bcab7
Contents%2FFrameworks%2FLogic.framework%2FVersions%2FA%2FResources%2FLocalizable.strings	fr	Step%20Input%20Keyboard%23acc	value#ci	7269528759ae
Contents%2FFrameworks%2FLogic.framework%2FVersions%2FA%2FResources%2FLocalizable.strings	fr	Stereo	value	e4b852cb2849
Contents%2FFrameworks%2FLogic.framework%2FVersions%2FA%2FResources%2FLocalizable.strings	fr	Stereo	value#ci	cfea02fe80c8
Contents%2FFrameworks%2FLogic.framework%2FVersions%2FA%2FResources%2FLocalizable.strings	fr	StrTabBtnLabel%7C%7C%7CEvent	value	03ded9ce555d
Contents%2FFrameworks%2FLogic.framework%2FVersions%2FA%2FResources%2FLocalizable.strings	fr	StrTabBtnLabel%7C%7C%7CEvent	value#ci	3e4d00cb45b5
Contents%2FFrameworks%2FLogic.framework%2FVersions%2FA%2FResources%2FLocalizable.strings	fr	StrTabBtnLabel%7C%7C%7CMarker	value	749c45cbfc08
Contents%2FFrameworks%2FLogic.framework%2FVersions%2FA%2FResources%2FLocalizable.strings	fr	StrTabBtnLabel%7C%7C%7CMarker	value#ci	3bf0d61b7c6f
Contents%2FFrameworks%2FLogic.framework%2FVersions%2FA%2FResources%2FLocalizable.strings	fr	StrTabBtnLabel%7C%7C%7CTracks	value	7213c1cec1c2
Contents%2FFrameworks%2FLogic.framework%2FVersions%2FA%2FResources%2FLocalizable.strings	fr	StrTabBtnLabel%7C%7C%7CTracks	value#ci	255f99677555
Contents%2FFrameworks%2FLogic.framework%2FVersions%2FA%2FResources%2FLocalizable.strings	fr	StrToolbItemName%7C%7C%7CBounce	value	24b6ed119d81
Contents%2FFrameworks%2FLogic.framework%2FVersions%2FA%2FResources%2FLocalizable.strings	fr	StrToolbItemName%7C%7C%7CBounce	value#ci	4d6723e5e454
Contents%2FFrameworks%2FLogic.framework%2FVersions%2FA%2FResources%2FLocalizable.strings	fr	StrToolbItemName%7C%7C%7CCreate%20Marker	value	da92c84f5fb7
Contents%2FFrameworks%2FLogic.framework%2FVersions%2FA%2FResources%2FLocalizable.strings	fr	StrToolbItemName%7C%7C%7CCreate%20Marker	value#ci	a1180b268f15
Contents%2FFrameworks%2FLogic.framework%2FVersions%2FA%2FResources%2FLocalizable.strings	fr	StrToolbItemName%7C%7C%7CSet%20Locators	value	5555bf6270e0
Contents%2FFrameworks%2FLogic.framework%2FVersions%2FA%2FResources%2FLocalizable.strings	fr	StrToolbItemName%7C%7C%7CSet%20Locators	value#ci	a30987217a2a
Contents%2FFrameworks%2FLogic.framework%2FVersions%2FA%2FResources%2FLocalizable.strings	fr	StrTransportBtns%7C%7C%7CCount%20In	value	c482cb7dfcc2
Contents%2FFrameworks%2FLogic.framework%2FVersions%2FA%2FResources%2FLocalizable.strings	fr	StrTransportBtns%7C%7C%7CCount%20In	value#ci	4e4f701dccf1
Contents%2FFrameworks%2FLogic.framework%2FVersions%2FA%2FResources%2FLocalizable.strings	fr	Tempo%23mti	value	214b5b846cf3
Contents%2FFrameworks%2FLogic.framework%2FVersions%2FA%2FResources%2FLocalizable.strings	fr	Tempo%23mti	value#ci	8d6546721a1d
Contents%2FFrameworks%2FLogic.framework%2FVersions%2FA%2FResources%2FLocalizable.strings	fr	To%20Playhead	value	43ef70bed316
Contents%2FFrameworks%2FLogic.framework%2FVersions%2FA%2FResources%2FLocalizable.strings	fr	To%20Playhead	value#ci	ab862dff212b
Contents%2FFrameworks%2FLogic.framework%2FVersions%2FA%2FResources%2FLocalizable.strings	fr	Track%20Name	value	35a84d0edf99
Contents%2FFrameworks%2FLogic.framework%2FVersions%2FA%2FResources%2FLocalizable.strings	fr	Track%20Name	value#ci	70962f5bc222
Contents%2FFrameworks%2FLogic.framework%2FVersions%2FA%2FResources%2FLocalizable.strings	fr	Track%23mti	value	15e6439ba502
Contents%2FFrameworks%2FLogic.framework%2FVersions%2FA%2FResources%2FLocalizable.strings	fr	Track%23mti	value#ci	fd3c3edc295e
Contents%2FFrameworks%2FLogic.framework%2FVersions%2FA%2FResources%2FLocalizable.strings	fr	Trk	value	15e6439ba502
Contents%2FFrameworks%2FLogic.framework%2FVersions%2FA%2FResources%2FLocalizable.strings	fr	Trk	value#ci	fd3c3edc295e
Contents%2FFrameworks%2FLogic.framework%2FVersions%2FA%2FResources%2FLocalizable.strings	fr	Used%2C%20Unused	value	e871005f6fb5
Contents%2FFrameworks%2FLogic.framework%2FVersions%2FA%2FResources%2FLocalizable.strings	fr	Used%2C%20Unused	value#ci	4e2c68f4a460
Contents%2FFrameworks%2FLogic.framework%2FVersions%2FA%2FResources%2FLocalizable.strings	fr	Val	value	6e8f3132d8e2
Contents%2FFrameworks%2FLogic.framework%2FVersions%2FA%2FResources%2FLocalizable.strings	fr	Val	value#ci	d763b621ea9b
Contents%2FFrameworks%2FLogic.framework%2FVersions%2FA%2FResources%2FLocalizable.strings	fr	View%23mti	value	9e8bf4c5c3cb
Contents%2FFrameworks%2FLogic.framework%2FVersions%2FA%2FResources%2FLocalizable.strings	fr	View%23mti	value#ci	84cdeb6770bf
Contents%2FFrameworks%2FLogic.framework%2FVersions%2FA%2FResources%2FLocalizable.strings	fr	Window%23mti	value	d77e51438d0e
Contents%2FFrameworks%2FLogic.framework%2FVersions%2FA%2FResources%2FLocalizable.strings	fr	Window%23mti	value#ci	99ea6cdc47f3
Contents%2FFrameworks%2FLogic.framework%2FVersions%2FA%2FResources%2FLocalizable.strings	fr	bar	value	ad8f11ef6035
Contents%2FFrameworks%2FLogic.framework%2FVersions%2FA%2FResources%2FLocalizable.strings	fr	bar	value#ci	ad8f11ef6035
Contents%2FFrameworks%2FLogic.framework%2FVersions%2FA%2FResources%2FLocalizable.strings	fr	beats	value	0af2ee1adc11
Contents%2FFrameworks%2FLogic.framework%2FVersions%2FA%2FResources%2FLocalizable.strings	fr	beats	value#ci	0af2ee1adc11
Contents%2FFrameworks%2FLogic.framework%2FVersions%2FA%2FResources%2FLocalizable.strings	fr	division	value	990b23e81455
Contents%2FFrameworks%2FLogic.framework%2FVersions%2FA%2FResources%2FLocalizable.strings	fr	division	value#ci	990b23e81455
Contents%2FFrameworks%2FLogic.framework%2FVersions%2FA%2FResources%2FLocalizable.strings	fr	play	value	6bc636ff0103
Contents%2FFrameworks%2FLogic.framework%2FVersions%2FA%2FResources%2FLocalizable.strings	fr	play	value#ci	6bc636ff0103
Contents%2FFrameworks%2FLogic.framework%2FVersions%2FA%2FResources%2FLocalizable.strings	it	All%20Plug-in%20Windows%23acc	value	ddec94076785
Contents%2FFrameworks%2FLogic.framework%2FVersions%2FA%2FResources%2FLocalizable.strings	it	All%20Plug-in%20Windows%23acc	value#ci	ddec94076785
Contents%2FFrameworks%2FLogic.framework%2FVersions%2FA%2FResources%2FLocalizable.strings	it	All%20Tracks%20as%20Audio%20Files%E2%80%A6	value	cd61ace38d3a
Contents%2FFrameworks%2FLogic.framework%2FVersions%2FA%2FResources%2FLocalizable.strings	it	All%20Tracks%20as%20Audio%20Files%E2%80%A6	value#ci	ed3df12dac98
Contents%2FFrameworks%2FLogic.framework%2FVersions%2FA%2FResources%2FLocalizable.strings	it	Audio%20Channel	value	524d2fdc60e9
Contents%2FFrameworks%2FLogic.framework%2FVersions%2FA%2FResources%2FLocalizable.strings	it	Audio%20Channel	value#ci	351be31afd33
Contents%2FFrameworks%2FLogic.framework%2FVersions%2FA%2FResources%2FLocalizable.strings	it	Audio%20Units	value	c8cf2c25cd0f
Contents%2FFrameworks%2FLogic.framework%2FVersions%2FA%2FResources%2FLocalizable.strings	it	Audio%20Units	value#ci	ebb1fc0d387c
Contents%2FFrameworks%2FLogic.framework%2FVersions%2FA%2FResources%2FLocalizable.strings	it	Autopunch	value	ec64d9374d74
Contents%2FFrameworks%2FLogic.framework%2FVersions%2FA%2FResources%2FLocalizable.strings	it	Autopunch	value#ci	d2bb46d30833
Contents%2FFrameworks%2FLogic.framework%2FVersions%2FA%2FResources%2FLocalizable.strings	it	Ch	value	daae6c34aa92
Contents%2FFrameworks%2FLogic.framework%2FVersions%2FA%2FResources%2FLocalizable.strings	it	Ch	value#ci	c04652c32b84
Contents%2FFrameworks%2FLogic.framework%2FVersions%2FA%2FResources%2FLocalizable.strings	it	Choose	value	e0d9806ad1e9
Contents%2FFrameworks%2FLogic.framework%2FVersions%2FA%2FResources%2FLocalizable.strings	it	Choose	value#ci	2bffa26fc09a
Contents%2FFrameworks%2FLogic.framework%2FVersions%2FA%2FResources%2FLocalizable.strings	it	Choose%20a%20Project	value	1a20cf66eabb
Contents%2FFrameworks%2FLogic.framework%2FVersions%2FA%2FResources%2FLocalizable.strings	it	Choose%20a%20Project	value#ci	c9c084bbb09f
Contents%2FFrameworks%2FLogic.framework%2FVersions%2FA%2FResources%2FLocalizable.strings	it	Control%20Bar%23acc	value	29319a784098
Contents%2FFrameworks%2FLogic.framework%2FVersions%2FA%2FResources%2FLocalizable.strings	it	Control%20Bar%23acc	value#ci	619dc5cf699f
Contents%2FFrameworks%2FLogic.framework%2FVersions%2FA%2FResources%2FLocalizable.strings	it	Create%23und	value	9bf626657ea3
Contents%2FFrameworks%2FLogic.framework%2FVersions%2FA%2FResources%2FLocalizable.strings	it	Create%23und	value#ci	8726bca729a3
Contents%2FFrameworks%2FLogic.framework%2FVersions%2FA%2FResources%2FLocalizable.strings	it	Creation%20Date	value	62ee629f0318
Contents%2FFrameworks%2FLogic.framework%2FVersions%2FA%2FResources%2FLocalizable.strings	it	Creation%20Date	value#ci	41f5450e4905
Contents%2FFrameworks%2FLogic.framework%2FVersions%2FA%2FResources%2FLocalizable.strings	it	Cycle	value	4b8c1a8a75cc
Contents%2FFrameworks%2FLogic.framework%2FVersions%2FA%2FResources%2FLocalizable.strings	it	Cycle	value#ci	a8333dae0c33
Contents%2FFrameworks%2FLogic.framework%2FVersions%2FA%2FResources%2FLocalizable.strings	it	Delete%20Track	value	0b2ecf8c635e
Contents%2FFrameworks%2FLogic.framework%2FVersions%2FA%2FResources%2FLocalizable.strings	it	Delete%20Track	value#ci	dd1967b9d355
Contents%2FFrameworks%2FLogic.framework%2FVersions%2FA%2FResources%2FLocalizable.strings	it	Delete%23key	value	7efe336bd548
Contents%2FFrameworks%2FLogic.framework%2FVersions%2FA%2FResources%2FLocalizable.strings	it	Delete%23key	value#ci	4725d03e493c
Contents%2FFrameworks%2FLogic.framework%2FVersions%2FA%2FResources%2FLocalizable.strings	it	Display%20%25%40%20Channel%20Strips	value	a81b5e7909ca
Contents%2FFrameworks%2FLogic.framework%2FVersions%2FA%2FResources%2FLocalizable.strings	it	Display%20%25%40%20Channel%20Strips	value#ci	33e54ff81855
Contents%2FFrameworks%2FLogic.framework%2FVersions%2FA%2FResources%2FLocalizable.strings	it	Display%20Mode	value	3a63369a9d33
Contents%2FFrameworks%2FLogic.framework%2FVersions%2FA%2FResources%2FLocalizable.strings	it	Display%20Mode	value#ci	ff63de88dcad
Contents%2FFrameworks%2FLogic.framework%2FVersions%2FA%2FResources%2FLocalizable.strings	it	Dual%20Mono	value	be2f92cbadcb
Contents%2FFrameworks%2FLogic.framework%2FVersions%2FA%2FResources%2FLocalizable.strings	it	Dual%20Mono	value#ci	65a81b2247bb
Contents%2FFrameworks%2FLogic.framework%2FVersions%2FA%2FResources%2FLocalizable.strings	it	Edit%20Marker%23und	value	b5dc8b447638
Contents%2FFrameworks%2FLogic.framework%2FVersions%2FA%2FResources%2FLocalizable.strings	it	Edit%20Marker%23und	value#ci	b565e9d01cda
Contents%2FFrameworks%2FLogic.framework%2FVersions%2FA%2FResources%2FLocalizable.strings	it	Edit%23mti	value	49e493ba9d9c
Contents%2FFrameworks%2FLogic.framework%2FVersions%2FA%2FResources%2FLocalizable.strings	it	Edit%23mti	value#ci	0590308900d9
Contents%2FFrameworks%2FLogic.framework%2FVersions%2FA%2FResources%2FLocalizable.strings	it	Editor%23acc	value	1553cc62ff24
Contents%2FFrameworks%2FLogic.framework%2FVersions%2FA%2FResources%2FLocalizable.strings	it	Editor%23acc	value#ci	1553cc62ff24
Contents%2FFrameworks%2FLogic.framework%2FVersions%2FA%2FResources%2FLocalizable.strings	it	Empty%20Project	value	cba41458633d
Contents%2FFrameworks%2FLogic.framework%2FVersions%2FA%2FResources%2FLocalizable.strings	it	Empty%20Project	value#ci	f36b4ae23868
Contents%2FFrameworks%2FLogic.framework%2FVersions%2FA%2FResources%2FLocalizable.strings	it	End	value	fa67303aecda
Contents%2FFrameworks%2FLogic.framework%2FVersions%2FA%2FResources%2FLocalizable.strings	it	End	value#ci	d14a58bae804
Contents%2FFrameworks%2FLogic.framework%2FVersions%2FA%2FResources%2FLocalizable.strings	it	Event%20Position%20and%20Length%20as%20Time	value	77f380dd00ba
Contents%2FFrameworks%2FLogic.framework%2FVersions%2FA%2FResources%2FLocalizable.strings	it	Event%20Position%20and%20Length%20as%20Time	value#ci	9f12f430f2fc
Contents%2FFrameworks%2FLogic.framework%2FVersions%2FA%2FResources%2FLocalizable.strings	it	Export%23mti	value	2c4c51a93ca7
Contents%2FFrameworks%2FLogic.framework%2FVersions%2FA%2FResources%2FLocalizable.strings	it	Export%23mti	value#ci	1bdd3b369f97
Contents%2FFrameworks%2FLogic.framework%2FVersions%2FA%2FResources%2FLocalizable.strings	it	File%23mti	value	50009ce1da4d
Contents%2FFrameworks%2FLogic.framework%2FVersions%2FA%2FResources%2FLocalizable.strings	it	File%23mti	value#ci	3b9c358f36f0
Contents%2FFrameworks%2FLogic.framework%2FVersions%2FA%2FResources%2FLocalizable.strings	it	Folder%23mti	value	2e95e4c01c6b
Contents%2FFrameworks%2FLogic.framework%2FVersions%2FA%2FResources%2FLocalizable.strings	it	Folder%23mti	value#ci	e6780488376a
Contents%2FFrameworks%2FLogic.framework%2FVersions%2FA%2FResources%2FLocalizable.strings	it	Go%20To	value	232c2affd6dd
Contents%2FFrameworks%2FLogic.framework%2FVersions%2FA%2FResources%2FLocalizable.strings	it	Go%20To	value#ci	b94dbdeffbb7
Contents%2FFrameworks%2FLogic.framework%2FVersions%2FA%2FResources%2FLocalizable.strings	it	Import%23mti	value	4f01aabad5cf
Contents%2FFrameworks%2FLogic.framework%2FVersions%2FA%2FResources%2FLocalizable.strings	it	Import%23mti	value#ci	7cb0ba88de30
Contents%2FFrameworks%2FLogic.framework%2FVersions%2FA%2FResources%2FLocalizable.strings	it	Input%20Port	value	7abe79a0391c
Contents%2FFrameworks%2FLogic.framework%2FVersions%2FA%2FResources%2FLocalizable.strings	it	Input%20Port	value#ci	510fa29ec62e
Contents%2FFrameworks%2FLogic.framework%2FVersions%2FA%2FResources%2FLocalizable.strings	it	Inspector%23acc	value	98fe44225503
Contents%2FFrameworks%2FLogic.framework%2FVersions%2FA%2FResources%2FLocalizable.strings	it	Inspector%23acc	value#ci	98fe44225503
Contents%2FFrameworks%2FLogic.framework%2FVersions%2FA%2FResources%2FLocalizable.strings	it	Instrument%20Names%23acc	value	5cf94a388ee3
Contents%2FFrameworks%2FLogic.framework%2FVersions%2FA%2FResources%2FLocalizable.strings	it	Instrument%20Names%23acc	value#ci	5cf94a388ee3
Contents%2FFrameworks%2FLogic.framework%2FVersions%2FA%2FResources%2FLocalizable.strings	it	L	value	8de0b3c47f11
Contents%2FFrameworks%2FLogic.framework%2FVersions%2FA%2FResources%2FLocalizable.strings	it	L	value#ci	043a718774c5
Contents%2FFrameworks%2FLogic.framework%2FVersions%2FA%2FResources%2FLocalizable.strings	it	Length%23und	value	abc0f3511ebf
Contents%2FFrameworks%2FLogic.framework%2FVersions%2FA%2FResources%2FLocalizable.strings	it	Length%23und	value#ci	f632b71387c5
Contents%2FFrameworks%2FLogic.framework%2FVersions%2FA%2FResources%2FLocalizable.strings	it	Length%2FInfo	value	b8cc21360886
Contents%2FFrameworks%2FLogic.framework%2FVersions%2FA%2FResources%2FLocalizable.strings	it	Length%2FInfo	value#ci	9aa47811a4ef
Contents%2FFrameworks%2FLogic.framework%2FVersions%2FA%2FResources%2FLocalizable.strings	it	Library%23acc	value	8ab6c8281b5e
Contents%2FFrameworks%2FLogic.framework%2FVersions%2FA%2FResources%2FLocalizable.strings	it	Library%23acc	value#ci	8ab6c8281b5e
Contents%2FFrameworks%2FLogic.framework%2FVersions%2FA%2FResources%2FLocalizable.strings	it	Logic%20Pro	value	89d4cb070d7f
Contents%2FFrameworks%2FLogic.framework%2FVersions%2FA%2FResources%2FLocalizable.strings	it	Logic%20Pro	value#ci	a2c7aa6e8f8f
Contents%2FFrameworks%2FLogic.framework%2FVersions%2FA%2FResources%2FLocalizable.strings	it	MIDI%20Channels%23mti	value	7e7957f7d286
Contents%2FFrameworks%2FLogic.framework%2FVersions%2FA%2FResources%2FLocalizable.strings	it	MIDI%20Channels%23mti	value#ci	73f49131dd07
Contents%2FFrameworks%2FLogic.framework%2FVersions%2FA%2FResources%2FLocalizable.strings	it	MIDI%20File%E2%80%A6	value	4077aa705bf5
Contents%2FFrameworks%2FLogic.framework%2FVersions%2FA%2FResources%2FLocalizable.strings	it	MIDI%20File%E2%80%A6	value#ci	e8faefc0f266
Contents%2FFrameworks%2FLogic.framework%2FVersions%2FA%2FResources%2FLocalizable.strings	it	Mixer%23acc	value	7ce74b56300b
Contents%2FFrameworks%2FLogic.framework%2FVersions%2FA%2FResources%2FLocalizable.strings	it	Mixer%23acc	value#ci	7ce74b56300b
Contents%2FFrameworks%2FLogic.framework%2FVersions%2FA%2FResources%2FLocalizable.strings	it	Mono	value	6f00156cec07
Contents%2FFrameworks%2FLogic.framework%2FVersions%2FA%2FResources%2FLocalizable.strings	it	Mono	value#ci	d7de34b17b46
Contents%2FFrameworks%2FLogic.framework%2FVersions%2FA%2FResources%2FLocalizable.strings	it	Mono-%3EStereo	value	2ac9278a5d0d
Contents%2FFrameworks%2FLogic.framework%2FVersions%2FA%2FResources%2FLocalizable.strings	it	Mono-%3EStereo	value#ci	ec2754fb756b
Contents%2FFrameworks%2FLogic.framework%2FVersions%2FA%2FResources%2FLocalizable.strings	it	Move	value	f44eb94f05e0
Contents%2FFrameworks%2FLogic.framework%2FVersions%2FA%2FResources%2FLocalizable.strings	it	Move	value#ci	b92237fc4dc8
Contents%2FFrameworks%2FLogic.framework%2FVersions%2FA%2FResources%2FLocalizable.strings	it	Mute%23acc	value	99a87278b3f6
Contents%2FFrameworks%2FLogic.framework%2FVersions%2FA%2FResources%2FLocalizable.strings	it	Mute%23acc	value#ci	49f686e1dfc0
Contents%2FFrameworks%2FLogic.framework%2FVersions%2FA%2FResources%2FLocalizable.strings	it	Navigate%23mti	value	1e7ed2872114
Contents%2FFrameworks%2FLogic.framework%2FVersions%2FA%2FResources%2FLocalizable.strings	it	Navigate%23mti	value#ci	96867a83cd69
Contents%2FFrameworks%2FLogic.framework%2FVersions%2FA%2FResources%2FLocalizable.strings	it	New%20Audio%20Track	value	1ef76bf2bae6
Contents%2FFrameworks%2FLogic.framework%2FVersions%2FA%2FResources%2FLocalizable.strings	it	New%20Audio%20Track	value#ci	8442ab5d8774
Contents%2FFrameworks%2FLogic.framework%2FVersions%2FA%2FResources%2FLocalizable.strings	it	New%20External%20MIDI%20Track	value	d4ece421dc39
Contents%2FFrameworks%2FLogic.framework%2FVersions%2FA%2FResources%2FLocalizable.strings	it	New%20External%20MIDI%20Track	value#ci	ae39991edc61
Contents%2FFrameworks%2FLogic.framework%2FVersions%2FA%2FResources%2FLocalizable.strings	it	New%20Session%20Player%20SI%20Track%E2%80%A6	value	8f657f039587
Contents%2FFrameworks%2FLogic.framework%2FVersions%2FA%2FResources%2FLocalizable.strings	it	New%20Session%20Player%20SI%20Track%E2%80%A6	value#ci	d0482000457a
Contents%2FFrameworks%2FLogic.framework%2FVersions%2FA%2FResources%2FLocalizable.strings	it	New%20Software%20Instrument%20Track	value	02594b768594
Contents%2FFrameworks%2FLogic.framework%2FVersions%2FA%2FResources%2FLocalizable.strings	it	New%20Software%20Instrument%20Track	value#ci	787cad02648a
Contents%2FFrameworks%2FLogic.framework%2FVersions%2FA%2FResources%2FLocalizable.strings	it	New%23mti	value	ca6eedad202e
Contents%2FFrameworks%2FLogic.framework%2FVersions%2FA%2FResources%2FLocalizable.strings	it	New%23mti	value#ci	186195fc7c13
Contents%2FFrameworks%2FLogic.framework%2FVersions%2FA%2FResources%2FLocalizable.strings	it	No	value	1ea442a134b2
Contents%2FFrameworks%2FLogic.framework%2FVersions%2FA%2FResources%2FLocalizable.strings	it	No	value#ci	9390298f3fb0
Contents%2FFrameworks%2FLogic.framework%2FVersions%2FA%2FResources%2FLocalizable.strings	it	Num	value	03732d19e64b
Contents%2FFrameworks%2FLogic.framework%2FVersions%2FA%2FResources%2FLocalizable.strings	it	Num	value#ci	1a325e9af1de
Contents%2FFrameworks%2FLogic.framework%2FVersions%2FA%2FResources%2FLocalizable.strings	it	Number%20of%20Items	value	7e19c46b1eac
Contents%2FFrameworks%2FLogic.framework%2FVersions%2FA%2FResources%2FLocalizable.strings	it	Number%20of%20Items	value#ci	f0263788046f
Contents%2FFrameworks%2FLogic.framework%2FVersions%2FA%2FResources%2FLocalizable.strings	it	Open%20Marker%20List	value	7f7509124e0d
Contents%2FFrameworks%2FLogic.framework%2FVersions%2FA%2FResources%2FLocalizable.strings	it	Open%20Marker%20List	value#ci	39a3e6c188bb
Contents%2FFrameworks%2FLogic.framework%2FVersions%2FA%2FResources%2FLocalizable.strings	it	Output%20Channel	value	4797924e0a2c
Contents%2FFrameworks%2FLogic.framework%2FVersions%2FA%2FResources%2FLocalizable.strings	it	Output%20Channel	value#ci	5356fa3a4205
Contents%2FFrameworks%2FLogic.framework%2FVersions%2FA%2FResources%2FLocalizable.strings	it	Position%E2%80%A6	value	ae4e1588d8cb
Contents%2FFrameworks%2FLogic.framework%2FVersions%2FA%2FResources%2FLocalizable.strings	it	Position%E2%80%A6	value#ci	761b88490a63
Contents%2FFrameworks%2FLogic.framework%2FVersions%2FA%2FResources%2FLocalizable.strings	it	Project%20or%20Section%E2%80%A6	value	fce052611725
Contents%2FFrameworks%2FLogic.framework%2FVersions%2FA%2FResources%2FLocalizable.strings	it	Project%20or%20Section%E2%80%A6	value#ci	23f926c83bfe
Contents%2FFrameworks%2FLogic.framework%2FVersions%2FA%2FResources%2FLocalizable.strings	it	Region	value	dc267819bb70
Contents%2FFrameworks%2FLogic.framework%2FVersions%2FA%2FResources%2FLocalizable.strings	it	Region	value#ci	15bde57ecf35
Contents%2FFrameworks%2FLogic.framework%2FVersions%2FA%2FResources%2FLocalizable.strings	it	Region%20starts%20at%20%25%40%20and%20ends%20at%20%25%40	value	ed5189924137
Contents%2FFrameworks%2FLogic.framework%2FVersions%2FA%2FResources%2FLocalizable.strings	it	Region%20starts%20at%20%25%40%20and%20ends%20at%20%25%40	value#ci	a13c375f044a
Contents%2FFrameworks%2FLogic.framework%2FVersions%2FA%2FResources%2FLocalizable.strings	it	Rename%20Track	value	888c3b4583cc
Contents%2FFrameworks%2FLogic.framework%2FVersions%2FA%2FResources%2FLocalizable.strings	it	Rename%20Track	value#ci	ba170609bc2c
Contents%2FFrameworks%2FLogic.framework%2FVersions%2FA%2FResources%2FLocalizable.strings	it	Show%20%25%40	value	4a906538dc90
Contents%2FFrameworks%2FLogic.framework%2FVersions%2FA%2FResources%2FLocalizable.strings	it	Show%20%25%40	value#ci	549f581c74b0
Contents%2FFrameworks%2FLogic.framework%2FVersions%2FA%2FResources%2FLocalizable.strings	it	Show%20Tempo%20List	value	eade5e42f6d7
Contents%2FFrameworks%2FLogic.framework%2FVersions%2FA%2FResources%2FLocalizable.strings	it	Show%20Tempo%20List	value#ci	6798ebc34fae
Contents%2FFrameworks%2FLogic.framework%2FVersions%2FA%2FResources%2FLocalizable.strings	it	Show%2FHide%20Automation	value	a4835ca64d90
Contents%2FFrameworks%2FLogic.framework%2FVersions%2FA%2FResources%2FLocalizable.strings	it	Show%2FHide%20Automation	value#ci	5e621985f36b
Contents%2FFrameworks%2FLogic.framework%2FVersions%2FA%2FResources%2FLocalizable.strings	it	Solo%23acc	value	73d250c11639
Contents%2FFrameworks%2FLogic.framework%2FVersions%2FA%2FResources%2FLocalizable.strings	it	Solo%23acc	value#ci	b7764338ea8a
Contents%2FFrameworks%2FLogic.framework%2FVersions%2FA%2FResources%2FLocalizable.strings	it	Sort%20Tracks%20by	value	7d301f253c8f
Contents%2FFrameworks%2FLogic.framework%2FVersions%2FA%2FResources%2FLocalizable.strings	it	Sort%20Tracks%20by	value#ci	73cd12283df2
Contents%2FFrameworks%2FLogic.framework%2FVersions%2FA%2FResources%2FLocalizable.strings	it	Start	value	b86b1e4d16c3
Contents%2FFrameworks%2FLogic.framework%2FVersions%2FA%2FResources%2FLocalizable.strings	it	Start	value#ci	ef69a8aedf69
Contents%2FFrameworks%2FLogic.framework%2FVersions%2FA%2FResources%2FLocalizable.strings	it	Step%20Input%20Keyboard%23acc	value	2d9abca0c3da
Contents%2FFrameworks%2FLogic.framework%2FVersions%2FA%2FResources%2FLocalizable.strings	it	Step%20Input%20Keyboard%23acc	value#ci	2d9abca0c3da
Contents%2FFrameworks%2FLogic.framework%2FVersions%2FA%2FResources%2FLocalizable.strings	it	Stereo	value	14f0f9082358
Contents%2FFrameworks%2FLogic.framework%2FVersions%2FA%2FResources%2FLocalizable.strings	it	Stereo	value#ci	b526aece2917
Contents%2FFrameworks%2FLogic.framework%2FVersions%2FA%2FResources%2FLocalizable.strings	it	StrTabBtnLabel%7C%7C%7CEvent	value	43f6698cdd81
Contents%2FFrameworks%2FLogic.framework%2FVersions%2FA%2FResources%2FLocalizable.strings	it	StrTabBtnLabel%7C%7C%7CEvent	value#ci	b9de731495fd
Contents%2FFrameworks%2FLogic.framework%2FVersions%2FA%2FResources%2FLocalizable.strings	it	StrTabBtnLabel%7C%7C%7CMarker	value	05e1ec780214
Contents%2FFrameworks%2FLogic.framework%2FVersions%2FA%2FResources%2FLocalizable.strings	it	StrTabBtnLabel%7C%7C%7CMarker	value#ci	5c6325581ebc
Contents%2FFrameworks%2FLogic.framework%2FVersions%2FA%2FResources%2FLocalizable.strings	it	StrTabBtnLabel%7C%7C%7CTracks	value	e6f5cada22ea
Contents%2FFrameworks%2FLogic.framework%2FVersions%2FA%2FResources%2FLocalizable.strings	it	StrTabBtnLabel%7C%7C%7CTracks	value#ci	db22c6c1b4e8
Contents%2FFrameworks%2FLogic.framework%2FVersions%2FA%2FResources%2FLocalizable.strings	it	StrToolbItemName%7C%7C%7CBounce	value	24b6ed119d81
Contents%2FFrameworks%2FLogic.framework%2FVersions%2FA%2FResources%2FLocalizable.strings	it	StrToolbItemName%7C%7C%7CBounce	value#ci	4d6723e5e454
Contents%2FFrameworks%2FLogic.framework%2FVersions%2FA%2FResources%2FLocalizable.strings	it	StrToolbItemName%7C%7C%7CCreate%20Marker	value	c5273dcf8b8c
Contents%2FFrameworks%2FLogic.framework%2FVersions%2FA%2FResources%2FLocalizable.strings	it	StrToolbItemName%7C%7C%7CCreate%20Marker	value#ci	1b346f90cd1b
Contents%2FFrameworks%2FLogic.framework%2FVersions%2FA%2FResources%2FLocalizable.strings	it	StrToolbItemName%7C%7C%7CSet%20Locators	value	032898c80bc0
Contents%2FFrameworks%2FLogic.framework%2FVersions%2FA%2FResources%2FLocalizable.strings	it	StrToolbItemName%7C%7C%7CSet%20Locators	value#ci	3f61c7b3571e
Contents%2FFrameworks%2FLogic.framework%2FVersions%2FA%2FResources%2FLocalizable.strings	it	StrTransportBtns%7C%7C%7CCount%20In	value	2eedaca4354d
Contents%2FFrameworks%2FLogic.framework%2FVersions%2FA%2FResources%2FLocalizable.strings	it	StrTransportBtns%7C%7C%7CCount%20In	value#ci	6804a1138806
Contents%2FFrameworks%2FLogic.framework%2FVersions%2FA%2FResources%2FLocalizable.strings	it	Tempo%23mti	value	6cd5b262f8a8
Contents%2FFrameworks%2FLogic.framework%2FVersions%2FA%2FResources%2FLocalizable.strings	it	Tempo%23mti	value#ci	eb47a6774fd0
Contents%2FFrameworks%2FLogic.framework%2FVersions%2FA%2FResources%2FLocalizable.strings	it	To%20Playhead	value	f11935efdc27
Contents%2FFrameworks%2FLogic.framework%2FVersions%2FA%2FResources%2FLocalizable.strings	it	To%20Playhead	value#ci	c2bdb21c05aa
Contents%2FFrameworks%2FLogic.framework%2FVersions%2FA%2FResources%2FLocalizable.strings	it	Track%20Name	value	1730523113b9
Contents%2FFrameworks%2FLogic.framework%2FVersions%2FA%2FResources%2FLocalizable.strings	it	Track%20Name	value#ci	a1bfaca82d91
Contents%2FFrameworks%2FLogic.framework%2FVersions%2FA%2FResources%2FLocalizable.strings	it	Track%23mti	value	7d057c858f40
Contents%2FFrameworks%2FLogic.framework%2FVersions%2FA%2FResources%2FLocalizable.strings	it	Track%23mti	value#ci	f42c28dec553
Contents%2FFrameworks%2FLogic.framework%2FVersions%2FA%2FResources%2FLocalizable.strings	it	Trk	value	e3ef4de9ce12
Contents%2FFrameworks%2FLogic.framework%2FVersions%2FA%2FResources%2FLocalizable.strings	it	Trk	value#ci	f8f1b2826d9e
Contents%2FFrameworks%2FLogic.framework%2FVersions%2FA%2FResources%2FLocalizable.strings	it	Used%2C%20Unused	value	8cd982a6a228
Contents%2FFrameworks%2FLogic.framework%2FVersions%2FA%2FResources%2FLocalizable.strings	it	Used%2C%20Unused	value#ci	c89918efd436
Contents%2FFrameworks%2FLogic.framework%2FVersions%2FA%2FResources%2FLocalizable.strings	it	Val	value	9845196bfdd6
Contents%2FFrameworks%2FLogic.framework%2FVersions%2FA%2FResources%2FLocalizable.strings	it	Val	value#ci	97dfc65f7428
Contents%2FFrameworks%2FLogic.framework%2FVersions%2FA%2FResources%2FLocalizable.strings	it	View%23mti	value	05df1c8dbf75
Contents%2FFrameworks%2FLogic.framework%2FVersions%2FA%2FResources%2FLocalizable.strings	it	View%23mti	value#ci	527bc96e01d0
Contents%2FFrameworks%2FLogic.framework%2FVersions%2FA%2FResources%2FLocalizable.strings	it	Window%23mti	value	f09b8c768f93
Contents%2FFrameworks%2FLogic.framework%2FVersions%2FA%2FResources%2FLocalizable.strings	it	Window%23mti	value#ci	a8ad04c57d6d
Contents%2FFrameworks%2FLogic.framework%2FVersions%2FA%2FResources%2FLocalizable.strings	it	bar	value	2f7666c26dd4
Contents%2FFrameworks%2FLogic.framework%2FVersions%2FA%2FResources%2FLocalizable.strings	it	bar	value#ci	2f7666c26dd4
Contents%2FFrameworks%2FLogic.framework%2FVersions%2FA%2FResources%2FLocalizable.strings	it	beats	value	b6ce07e75b31
Contents%2FFrameworks%2FLogic.framework%2FVersions%2FA%2FResources%2FLocalizable.strings	it	beats	value#ci	b6ce07e75b31
Contents%2FFrameworks%2FLogic.framework%2FVersions%2FA%2FResources%2FLocalizable.strings	it	division	value	e4a433247324
Contents%2FFrameworks%2FLogic.framework%2FVersions%2FA%2FResources%2FLocalizable.strings	it	division	value#ci	e4a433247324
Contents%2FFrameworks%2FLogic.framework%2FVersions%2FA%2FResources%2FLocalizable.strings	it	play	value	6d80581676fb
Contents%2FFrameworks%2FLogic.framework%2FVersions%2FA%2FResources%2FLocalizable.strings	it	play	value#ci	6d80581676fb
Contents%2FFrameworks%2FLogic.framework%2FVersions%2FA%2FResources%2FLocalizable.strings	ja	All%20Plug-in%20Windows%23acc	value	d10b0069ca25
Contents%2FFrameworks%2FLogic.framework%2FVersions%2FA%2FResources%2FLocalizable.strings	ja	All%20Plug-in%20Windows%23acc	value#ci	d10b0069ca25
Contents%2FFrameworks%2FLogic.framework%2FVersions%2FA%2FResources%2FLocalizable.strings	ja	All%20Tracks%20as%20Audio%20Files%E2%80%A6	value	a87591250d35
Contents%2FFrameworks%2FLogic.framework%2FVersions%2FA%2FResources%2FLocalizable.strings	ja	All%20Tracks%20as%20Audio%20Files%E2%80%A6	value#ci	a87591250d35
Contents%2FFrameworks%2FLogic.framework%2FVersions%2FA%2FResources%2FLocalizable.strings	ja	Audio%20Channel	value	7a1abb05181a
Contents%2FFrameworks%2FLogic.framework%2FVersions%2FA%2FResources%2FLocalizable.strings	ja	Audio%20Channel	value#ci	7a1abb05181a
Contents%2FFrameworks%2FLogic.framework%2FVersions%2FA%2FResources%2FLocalizable.strings	ja	Audio%20Units	value	c8cf2c25cd0f
Contents%2FFrameworks%2FLogic.framework%2FVersions%2FA%2FResources%2FLocalizable.strings	ja	Audio%20Units	value#ci	ebb1fc0d387c
Contents%2FFrameworks%2FLogic.framework%2FVersions%2FA%2FResources%2FLocalizable.strings	ja	Autopunch	value	44f6b8b2d43d
Contents%2FFrameworks%2FLogic.framework%2FVersions%2FA%2FResources%2FLocalizable.strings	ja	Autopunch	value#ci	44f6b8b2d43d
Contents%2FFrameworks%2FLogic.framework%2FVersions%2FA%2FResources%2FLocalizable.strings	ja	Ch	value	ddc7790c82c5
Contents%2FFrameworks%2FLogic.framework%2FVersions%2FA%2FResources%2FLocalizable.strings	ja	Ch	value#ci	343677762813
Contents%2FFrameworks%2FLogic.framework%2FVersions%2FA%2FResources%2FLocalizable.strings	ja	Choose	value	e721d064de48
Contents%2FFrameworks%2FLogic.framework%2FVersions%2FA%2FResources%2FLocalizable.strings	ja	Choose	value#ci	e721d064de48
Contents%2FFrameworks%2FLogic.framework%2FVersions%2FA%2FResources%2FLocalizable.strings	ja	Choose%20a%20Project	value	df26209803f5
Contents%2FFrameworks%2FLogic.framework%2FVersions%2FA%2FResources%2FLocalizable.strings	ja	Choose%20a%20Project	value#ci	df26209803f5
Contents%2FFrameworks%2FLogic.framework%2FVersions%2FA%2FResources%2FLocalizable.strings	ja	Control%20Bar%23acc	value	043f811a6b59
Contents%2FFrameworks%2FLogic.framework%2FVersions%2FA%2FResources%2FLocalizable.strings	ja	Control%20Bar%23acc	value#ci	043f811a6b59
Contents%2FFrameworks%2FLogic.framework%2FVersions%2FA%2FResources%2FLocalizable.strings	ja	Create%23und	value	900f8294213e
Contents%2FFrameworks%2FLogic.framework%2FVersions%2FA%2FResources%2FLocalizable.strings	ja	Create%23und	value#ci	900f8294213e
Contents%2FFrameworks%2FLogic.framework%2FVersions%2FA%2FResources%2FLocalizable.strings	ja	Creation%20Date	value	d7044340acfd
Contents%2FFrameworks%2FLogic.framework%2FVersions%2FA%2FResources%2FLocalizable.strings	ja	Creation%20Date	value#ci	d7044340acfd
Contents%2FFrameworks%2FLogic.framework%2FVersions%2FA%2FResources%2FLocalizable.strings	ja	Cycle	value	fa32c57c3a31
Contents%2FFrameworks%2FLogic.framework%2FVersions%2FA%2FResources%2FLocalizable.strings	ja	Cycle	value#ci	fa32c57c3a31
Contents%2FFrameworks%2FLogic.framework%2FVersions%2FA%2FResources%2FLocalizable.strings	ja	Delete%20Track	value	664b8b96fe35
Contents%2FFrameworks%2FLogic.framework%2FVersions%2FA%2FResources%2FLocalizable.strings	ja	Delete%20Track	value#ci	664b8b96fe35
Contents%2FFrameworks%2FLogic.framework%2FVersions%2FA%2FResources%2FLocalizable.strings	ja	Delete%23key	value	e9653dc3edcb
Contents%2FFrameworks%2FLogic.framework%2FVersions%2FA%2FResources%2FLocalizable.strings	ja	Delete%23key	value#ci	e9653dc3edcb
Contents%2FFrameworks%2FLogic.framework%2FVersions%2FA%2FResources%2FLocalizable.strings	ja	Display%20%25%40%20Channel%20Strips	value	d332e1b5875f
Contents%2FFrameworks%2FLogic.framework%2FVersions%2FA%2FResources%2FLocalizable.strings	ja	Display%20%25%40%20Channel%20Strips	value#ci	d332e1b5875f
Contents%2FFrameworks%2FLogic.framework%2FVersions%2FA%2FResources%2FLocalizable.strings	ja	Display%20Mode	value	3323dc2b9653
Contents%2FFrameworks%2FLogic.framework%2FVersions%2FA%2FResources%2FLocalizable.strings	ja	Display%20Mode	value#ci	3323dc2b9653
Contents%2FFrameworks%2FLogic.framework%2FVersions%2FA%2FResources%2FLocalizable.strings	ja	Dual%20Mono	value	8d9d03369784
Contents%2FFrameworks%2FLogic.framework%2FVersions%2FA%2FResources%2FLocalizable.strings	ja	Dual%20Mono	value#ci	8d9d03369784
Contents%2FFrameworks%2FLogic.framework%2FVersions%2FA%2FResources%2FLocalizable.strings	ja	Edit%20Marker%23und	value	569069be458e
Contents%2FFrameworks%2FLogic.framework%2FVersions%2FA%2FResources%2FLocalizable.strings	ja	Edit%20Marker%23und	value#ci	569069be458e
Contents%2FFrameworks%2FLogic.framework%2FVersions%2FA%2FResources%2FLocalizable.strings	ja	Edit%23mti	value	11f9049ddab5
Contents%2FFrameworks%2FLogic.framework%2FVersions%2FA%2FResources%2FLocalizable.strings	ja	Edit%23mti	value#ci	11f9049ddab5
Contents%2FFrameworks%2FLogic.framework%2FVersions%2FA%2FResources%2FLocalizable.strings	ja	Editor%23acc	value	ce6ed0e827c9
Contents%2FFrameworks%2FLogic.framework%2FVersions%2FA%2FResources%2FLocalizable.strings	ja	Editor%23acc	value#ci	ce6ed0e827c9
Contents%2FFrameworks%2FLogic.framework%2FVersions%2FA%2FResources%2FLocalizable.strings	ja	Empty%20Project	value	47f75e9f6b87
Contents%2FFrameworks%2FLogic.framework%2FVersions%2FA%2FResources%2FLocalizable.strings	ja	Empty%20Project	value#ci	47f75e9f6b87
Contents%2FFrameworks%2FLogic.framework%2FVersions%2FA%2FResources%2FLocalizable.strings	ja	End	value	8f26d438109c
Contents%2FFrameworks%2FLogic.framework%2FVersions%2FA%2FResources%2FLocalizable.strings	ja	End	value#ci	8f26d438109c
Contents%2FFrameworks%2FLogic.framework%2FVersions%2FA%2FResources%2FLocalizable.strings	ja	Event%20Position%20and%20Length%20as%20Time	value	fe2207b290b0
Contents%2FFrameworks%2FLogic.framework%2FVersions%2FA%2FResources%2FLocalizable.strings	ja	Event%20Position%20and%20Length%20as%20Time	value#ci	fe2207b290b0
Contents%2FFrameworks%2FLogic.framework%2FVersions%2FA%2FResources%2FLocalizable.strings	ja	Export%23mti	value	7c014b0c868f
Contents%2FFrameworks%2FLogic.framework%2FVersions%2FA%2FResources%2FLocalizable.strings	ja	Export%23mti	value#ci	7c014b0c868f
Contents%2FFrameworks%2FLogic.framework%2FVersions%2FA%2FResources%2FLocalizable.strings	ja	File%23mti	value	2b39ec3da17e
Contents%2FFrameworks%2FLogic.framework%2FVersions%2FA%2FResources%2FLocalizable.strings	ja	File%23mti	value#ci	2b39ec3da17e
Contents%2FFrameworks%2FLogic.framework%2FVersions%2FA%2FResources%2FLocalizable.strings	ja	Folder%23mti	value	5e986125224c
Contents%2FFrameworks%2FLogic.framework%2FVersions%2FA%2FResources%2FLocalizable.strings	ja	Folder%23mti	value#ci	5e986125224c
Contents%2FFrameworks%2FLogic.framework%2FVersions%2FA%2FResources%2FLocalizable.strings	ja	Go%20To	value	de2596ff8552
Contents%2FFrameworks%2FLogic.framework%2FVersions%2FA%2FResources%2FLocalizable.strings	ja	Go%20To	value#ci	de2596ff8552
Contents%2FFrameworks%2FLogic.framework%2FVersions%2FA%2FResources%2FLocalizable.strings	ja	Import%23mti	value	a5f05f6f91d3
Contents%2FFrameworks%2FLogic.framework%2FVersions%2FA%2FResources%2FLocalizable.strings	ja	Import%23mti	value#ci	a5f05f6f91d3
Contents%2FFrameworks%2FLogic.framework%2FVersions%2FA%2FResources%2FLocalizable.strings	ja	Input%20Port	value	c35ff03d9f15
Contents%2FFrameworks%2FLogic.framework%2FVersions%2FA%2FResources%2FLocalizable.strings	ja	Input%20Port	value#ci	c35ff03d9f15
Contents%2FFrameworks%2FLogic.framework%2FVersions%2FA%2FResources%2FLocalizable.strings	ja	Inspector%23acc	value	ef9b5b30a7b1
Contents%2FFrameworks%2FLogic.framework%2FVersions%2FA%2FResources%2FLocalizable.strings	ja	Inspector%23acc	value#ci	ef9b5b30a7b1
Contents%2FFrameworks%2FLogic.framework%2FVersions%2FA%2FResources%2FLocalizable.strings	ja	Instrument%20Names%23acc	value	af69002907cd
Contents%2FFrameworks%2FLogic.framework%2FVersions%2FA%2FResources%2FLocalizable.strings	ja	Instrument%20Names%23acc	value#ci	af69002907cd
Contents%2FFrameworks%2FLogic.framework%2FVersions%2FA%2FResources%2FLocalizable.strings	ja	L	value	72dfcfb0c470
Contents%2FFrameworks%2FLogic.framework%2FVersions%2FA%2FResources%2FLocalizable.strings	ja	L	value#ci	acac86c0e609
Contents%2FFrameworks%2FLogic.framework%2FVersions%2FA%2FResources%2FLocalizable.strings	ja	Length%23und	value	c4cd19575076
Contents%2FFrameworks%2FLogic.framework%2FVersions%2FA%2FResources%2FLocalizable.strings	ja	Length%23und	value#ci	c4cd19575076
Contents%2FFrameworks%2FLogic.framework%2FVersions%2FA%2FResources%2FLocalizable.strings	ja	Length%2FInfo	value	38b50befa353
Contents%2FFrameworks%2FLogic.framework%2FVersions%2FA%2FResources%2FLocalizable.strings	ja	Length%2FInfo	value#ci	38b50befa353
Contents%2FFrameworks%2FLogic.framework%2FVersions%2FA%2FResources%2FLocalizable.strings	ja	Library%23acc	value	a2c566e9ccd4
Contents%2FFrameworks%2FLogic.framework%2FVersions%2FA%2FResources%2FLocalizable.strings	ja	Library%23acc	value#ci	a2c566e9ccd4
Contents%2FFrameworks%2FLogic.framework%2FVersions%2FA%2FResources%2FLocalizable.strings	ja	Logic%20Pro	value	89d4cb070d7f
Contents%2FFrameworks%2FLogic.framework%2FVersions%2FA%2FResources%2FLocalizable.strings	ja	Logic%20Pro	value#ci	a2c7aa6e8f8f
Contents%2FFrameworks%2FLogic.framework%2FVersions%2FA%2FResources%2FLocalizable.strings	ja	MIDI%20Channels%23mti	value	ab3b2a0fee21
Contents%2FFrameworks%2FLogic.framework%2FVersions%2FA%2FResources%2FLocalizable.strings	ja	MIDI%20Channels%23mti	value#ci	e016d4daa29a
Contents%2FFrameworks%2FLogic.framework%2FVersions%2FA%2FResources%2FLocalizable.strings	ja	MIDI%20File%E2%80%A6	value	2bf2eeefed1b
Contents%2FFrameworks%2FLogic.framework%2FVersions%2FA%2FResources%2FLocalizable.strings	ja	MIDI%20File%E2%80%A6	value#ci	f9a29a8d9589
Contents%2FFrameworks%2FLogic.framework%2FVersions%2FA%2FResources%2FLocalizable.strings	ja	Mixer%23acc	value	39e09fff7beb
Contents%2FFrameworks%2FLogic.framework%2FVersions%2FA%2FResources%2FLocalizable.strings	ja	Mixer%23acc	value#ci	39e09fff7beb
Contents%2FFrameworks%2FLogic.framework%2FVersions%2FA%2FResources%2FLocalizable.strings	ja	Mono	value	2e443db623ad
Contents%2FFrameworks%2FLogic.framework%2FVersions%2FA%2FResources%2FLocalizable.strings	ja	Mono	value#ci	2e443db623ad
Contents%2FFrameworks%2FLogic.framework%2FVersions%2FA%2FResources%2FLocalizable.strings	ja	Mono-%3EStereo	value	07fdd52a6618
Contents%2FFrameworks%2FLogic.framework%2FVersions%2FA%2FResources%2FLocalizable.strings	ja	Mono-%3EStereo	value#ci	07fdd52a6618
Contents%2FFrameworks%2FLogic.framework%2FVersions%2FA%2FResources%2FLocalizable.strings	ja	Move	value	de2596ff8552
Contents%2FFrameworks%2FLogic.framework%2FVersions%2FA%2FResources%2FLocalizable.strings	ja	Move	value#ci	de2596ff8552
Contents%2FFrameworks%2FLogic.framework%2FVersions%2FA%2FResources%2FLocalizable.strings	ja	Mute%23acc	value	c7fe7a921e36
Contents%2FFrameworks%2FLogic.framework%2FVersions%2FA%2FResources%2FLocalizable.strings	ja	Mute%23acc	value#ci	c7fe7a921e36
Contents%2FFrameworks%2FLogic.framework%2FVersions%2FA%2FResources%2FLocalizable.strings	ja	Navigate%23mti	value	de2596ff8552
Contents%2FFrameworks%2FLogic.framework%2FVersions%2FA%2FResources%2FLocalizable.strings	ja	Navigate%23mti	value#ci	de2596ff8552
Contents%2FFrameworks%2FLogic.framework%2FVersions%2FA%2FResources%2FLocalizable.strings	ja	New%20Audio%20Track	value	1474530b0f63
Contents%2FFrameworks%2FLogic.framework%2FVersions%2FA%2FResources%2FLocalizable.strings	ja	New%20Audio%20Track	value#ci	1474530b0f63
Contents%2FFrameworks%2FLogic.framework%2FVersions%2FA%2FResources%2FLocalizable.strings	ja	New%20External%20MIDI%20Track	value	bba483d302b3
Contents%2FFrameworks%2FLogic.framework%2FVersions%2FA%2FResources%2FLocalizable.strings	ja	New%20External%20MIDI%20Track	value#ci	e8d0689965c4
Contents%2FFrameworks%2FLogic.framework%2FVersions%2FA%2FResources%2FLocalizable.strings	ja	New%20Session%20Player%20SI%20Track%E2%80%A6	value	4afa96e10c8f
Contents%2FFrameworks%2FLogic.framework%2FVersions%2FA%2FResources%2FLocalizable.strings	ja	New%20Session%20Player%20SI%20Track%E2%80%A6	value#ci	603f24860fb0
Contents%2FFrameworks%2FLogic.framework%2FVersions%2FA%2FResources%2FLocalizable.strings	ja	New%20Software%20Instrument%20Track	value	69795c6ac709
Contents%2FFrameworks%2FLogic.framework%2FVersions%2FA%2FResources%2FLocalizable.strings	ja	New%20Software%20Instrument%20Track	value#ci	69795c6ac709
Contents%2FFrameworks%2FLogic.framework%2FVersions%2FA%2FResources%2FLocalizable.strings	ja	New%23mti	value	fd6b6462657a
Contents%2FFrameworks%2FLogic.framework%2FVersions%2FA%2FResources%2FLocalizable.strings	ja	New%23mti	value#ci	fd6b6462657a
Contents%2FFrameworks%2FLogic.framework%2FVersions%2FA%2FResources%2FLocalizable.strings	ja	No	value	48ef2b674823
Contents%2FFrameworks%2FLogic.framework%2FVersions%2FA%2FResources%2FLocalizable.strings	ja	No	value#ci	48ef2b674823
Contents%2FFrameworks%2FLogic.framework%2FVersions%2FA%2FResources%2FLocalizable.strings	ja	Num	value	18e554f0d709
Contents%2FFrameworks%2FLogic.framework%2FVersions%2FA%2FResources%2FLocalizable.strings	ja	Num	value#ci	18e554f0d709
Contents%2FFrameworks%2FLogic.framework%2FVersions%2FA%2FResources%2FLocalizable.strings	ja	Number%20of%20Items	value	e58f1d9ad771
Contents%2FFrameworks%2FLogic.framework%2FVersions%2FA%2FResources%2FLocalizable.strings	ja	Number%20of%20Items	value#ci	e58f1d9ad771
Contents%2FFrameworks%2FLogic.framework%2FVersions%2FA%2FResources%2FLocalizable.strings	ja	Open%20Marker%20List	value	b2e1967fb950
Contents%2FFrameworks%2FLogic.framework%2FVersions%2FA%2FResources%2FLocalizable.strings	ja	Open%20Marker%20List	value#ci	b2e1967fb950
Contents%2FFrameworks%2FLogic.framework%2FVersions%2FA%2FResources%2FLocalizable.strings	ja	Output%20Channel	value	353667e25236
Contents%2FFrameworks%2FLogic.framework%2FVersions%2FA%2FResources%2FLocalizable.strings	ja	Output%20Channel	value#ci	353667e25236
Contents%2FFrameworks%2FLogic.framework%2FVersions%2FA%2FResources%2FLocalizable.strings	ja	Position%E2%80%A6	value	4588ed1c9f55
Contents%2FFrameworks%2FLogic.framework%2FVersions%2FA%2FResources%2FLocalizable.strings	ja	Position%E2%80%A6	value#ci	4588ed1c9f55
Contents%2FFrameworks%2FLogic.framework%2FVersions%2FA%2FResources%2FLocalizable.strings	ja	Project%20or%20Section%E2%80%A6	value	e5fe06d2a11d
Contents%2FFrameworks%2FLogic.framework%2FVersions%2FA%2FResources%2FLocalizable.strings	ja	Project%20or%20Section%E2%80%A6	value#ci	e5fe06d2a11d
Contents%2FFrameworks%2FLogic.framework%2FVersions%2FA%2FResources%2FLocalizable.strings	ja	Region	value	a69420b1b107
Contents%2FFrameworks%2FLogic.framework%2FVersions%2FA%2FResources%2FLocalizable.strings	ja	Region	value#ci	a69420b1b107
Contents%2FFrameworks%2FLogic.framework%2FVersions%2FA%2FResources%2FLocalizable.strings	ja	Region%20starts%20at%20%25%40%20and%20ends%20at%20%25%40	value	7aee4f5d6e9e
Contents%2FFrameworks%2FLogic.framework%2FVersions%2FA%2FResources%2FLocalizable.strings	ja	Region%20starts%20at%20%25%40%20and%20ends%20at%20%25%40	value#ci	7aee4f5d6e9e
Contents%2FFrameworks%2FLogic.framework%2FVersions%2FA%2FResources%2FLocalizable.strings	ja	Rename%20Track	value	ea3cbcf77e67
Contents%2FFrameworks%2FLogic.framework%2FVersions%2FA%2FResources%2FLocalizable.strings	ja	Rename%20Track	value#ci	ea3cbcf77e67
Contents%2FFrameworks%2FLogic.framework%2FVersions%2FA%2FResources%2FLocalizable.strings	ja	Show%20%25%40	value	85ddf74c2810
Contents%2FFrameworks%2FLogic.framework%2FVersions%2FA%2FResources%2FLocalizable.strings	ja	Show%20%25%40	value#ci	85ddf74c2810
Contents%2FFrameworks%2FLogic.framework%2FVersions%2FA%2FResources%2FLocalizable.strings	ja	Show%20Tempo%20List	value	523b2f520432
Contents%2FFrameworks%2FLogic.framework%2FVersions%2FA%2FResources%2FLocalizable.strings	ja	Show%20Tempo%20List	value#ci	523b2f520432
Contents%2FFrameworks%2FLogic.framework%2FVersions%2FA%2FResources%2FLocalizable.strings	ja	Show%2FHide%20Automation	value	56937f567313
Contents%2FFrameworks%2FLogic.framework%2FVersions%2FA%2FResources%2FLocalizable.strings	ja	Show%2FHide%20Automation	value#ci	56937f567313
Contents%2FFrameworks%2FLogic.framework%2FVersions%2FA%2FResources%2FLocalizable.strings	ja	Solo%23acc	value	0d81c18039a3
Contents%2FFrameworks%2FLogic.framework%2FVersions%2FA%2FResources%2FLocalizable.strings	ja	Solo%23acc	value#ci	0d81c18039a3
Contents%2FFrameworks%2FLogic.framework%2FVersions%2FA%2FResources%2FLocalizable.strings	ja	Sort%20Tracks%20by	value	a53d4eec13a0
Contents%2FFrameworks%2FLogic.framework%2FVersions%2FA%2FResources%2FLocalizable.strings	ja	Sort%20Tracks%20by	value#ci	a53d4eec13a0
Contents%2FFrameworks%2FLogic.framework%2FVersions%2FA%2FResources%2FLocalizable.strings	ja	Start	value	cc147e162c82
Contents%2FFrameworks%2FLogic.framework%2FVersions%2FA%2FResources%2FLocalizable.strings	ja	Start	value#ci	cc147e162c82
Contents%2FFrameworks%2FLogic.framework%2FVersions%2FA%2FResources%2FLocalizable.strings	ja	Step%20Input%20Keyboard%23acc	value	b9e8c70be459
Contents%2FFrameworks%2FLogic.framework%2FVersions%2FA%2FResources%2FLocalizable.strings	ja	Step%20Input%20Keyboard%23acc	value#ci	b9e8c70be459
Contents%2FFrameworks%2FLogic.framework%2FVersions%2FA%2FResources%2FLocalizable.strings	ja	Stereo	value	57e73cd094b8
Contents%2FFrameworks%2FLogic.framework%2FVersions%2FA%2FResources%2FLocalizable.strings	ja	Stereo	value#ci	57e73cd094b8
Contents%2FFrameworks%2FLogic.framework%2FVersions%2FA%2FResources%2FLocalizable.strings	ja	StrTabBtnLabel%7C%7C%7CEvent	value	8092ea181101
Contents%2FFrameworks%2FLogic.framework%2FVersions%2FA%2FResources%2FLocalizable.strings	ja	StrTabBtnLabel%7C%7C%7CEvent	value#ci	8092ea181101
Contents%2FFrameworks%2FLogic.framework%2FVersions%2FA%2FResources%2FLocalizable.strings	ja	StrTabBtnLabel%7C%7C%7CMarker	value	d5f208dc7b13
Contents%2FFrameworks%2FLogic.framework%2FVersions%2FA%2FResources%2FLocalizable.strings	ja	StrTabBtnLabel%7C%7C%7CMarker	value#ci	d5f208dc7b13
Contents%2FFrameworks%2FLogic.framework%2FVersions%2FA%2FResources%2FLocalizable.strings	ja	StrTabBtnLabel%7C%7C%7CTracks	value	84e2129dc105
Contents%2FFrameworks%2FLogic.framework%2FVersions%2FA%2FResources%2FLocalizable.strings	ja	StrTabBtnLabel%7C%7C%7CTracks	value#ci	84e2129dc105
Contents%2FFrameworks%2FLogic.framework%2FVersions%2FA%2FResources%2FLocalizable.strings	ja	StrToolbItemName%7C%7C%7CBounce	value	778f0ce42da3
Contents%2FFrameworks%2FLogic.framework%2FVersions%2FA%2FResources%2FLocalizable.strings	ja	StrToolbItemName%7C%7C%7CBounce	value#ci	778f0ce42da3
Contents%2FFrameworks%2FLogic.framework%2FVersions%2FA%2FResources%2FLocalizable.strings	ja	StrToolbItemName%7C%7C%7CCreate%20Marker	value	98086c1d0f91
Contents%2FFrameworks%2FLogic.framework%2FVersions%2FA%2FResources%2FLocalizable.strings	ja	StrToolbItemName%7C%7C%7CCreate%20Marker	value#ci	98086c1d0f91
Contents%2FFrameworks%2FLogic.framework%2FVersions%2FA%2FResources%2FLocalizable.strings	ja	StrToolbItemName%7C%7C%7CSet%20Locators	value	7e06e6fb4601
Contents%2FFrameworks%2FLogic.framework%2FVersions%2FA%2FResources%2FLocalizable.strings	ja	StrToolbItemName%7C%7C%7CSet%20Locators	value#ci	7e06e6fb4601
Contents%2FFrameworks%2FLogic.framework%2FVersions%2FA%2FResources%2FLocalizable.strings	ja	StrTransportBtns%7C%7C%7CCount%20In	value	99c582b91f9e
Contents%2FFrameworks%2FLogic.framework%2FVersions%2FA%2FResources%2FLocalizable.strings	ja	StrTransportBtns%7C%7C%7CCount%20In	value#ci	99c582b91f9e
Contents%2FFrameworks%2FLogic.framework%2FVersions%2FA%2FResources%2FLocalizable.strings	ja	Tempo%23mti	value	529d213db1cc
Contents%2FFrameworks%2FLogic.framework%2FVersions%2FA%2FResources%2FLocalizable.strings	ja	Tempo%23mti	value#ci	529d213db1cc
Contents%2FFrameworks%2FLogic.framework%2FVersions%2FA%2FResources%2FLocalizable.strings	ja	To%20Playhead	value	c69c9823dc71
Contents%2FFrameworks%2FLogic.framework%2FVersions%2FA%2FResources%2FLocalizable.strings	ja	To%20Playhead	value#ci	c69c9823dc71
Contents%2FFrameworks%2FLogic.framework%2FVersions%2FA%2FResources%2FLocalizable.strings	ja	Track%20Name	value	0b5c3ad294b7
Contents%2FFrameworks%2FLogic.framework%2FVersions%2FA%2FResources%2FLocalizable.strings	ja	Track%20Name	value#ci	0b5c3ad294b7
Contents%2FFrameworks%2FLogic.framework%2FVersions%2FA%2FResources%2FLocalizable.strings	ja	Track%23mti	value	84e2129dc105
Contents%2FFrameworks%2FLogic.framework%2FVersions%2FA%2FResources%2FLocalizable.strings	ja	Track%23mti	value#ci	84e2129dc105
Contents%2FFrameworks%2FLogic.framework%2FVersions%2FA%2FResources%2FLocalizable.strings	ja	Trk	value	22e4f2d272c7
Contents%2FFrameworks%2FLogic.framework%2FVersions%2FA%2FResources%2FLocalizable.strings	ja	Trk	value#ci	dc1e966f2031
Contents%2FFrameworks%2FLogic.framework%2FVersions%2FA%2FResources%2FLocalizable.strings	ja	Used%2C%20Unused	value	cad897cc75fa
Contents%2FFrameworks%2FLogic.framework%2FVersions%2FA%2FResources%2FLocalizable.strings	ja	Used%2C%20Unused	value#ci	cad897cc75fa
Contents%2FFrameworks%2FLogic.framework%2FVersions%2FA%2FResources%2FLocalizable.strings	ja	Val	value	19126213b0d1
Contents%2FFrameworks%2FLogic.framework%2FVersions%2FA%2FResources%2FLocalizable.strings	ja	Val	value#ci	19126213b0d1
Contents%2FFrameworks%2FLogic.framework%2FVersions%2FA%2FResources%2FLocalizable.strings	ja	View%23mti	value	17efc6654ed2
Contents%2FFrameworks%2FLogic.framework%2FVersions%2FA%2FResources%2FLocalizable.strings	ja	View%23mti	value#ci	17efc6654ed2
Contents%2FFrameworks%2FLogic.framework%2FVersions%2FA%2FResources%2FLocalizable.strings	ja	Window%23mti	value	1a0a64158316
Contents%2FFrameworks%2FLogic.framework%2FVersions%2FA%2FResources%2FLocalizable.strings	ja	Window%23mti	value#ci	1a0a64158316
Contents%2FFrameworks%2FLogic.framework%2FVersions%2FA%2FResources%2FLocalizable.strings	ja	bar	value	fcde2b2edba5
Contents%2FFrameworks%2FLogic.framework%2FVersions%2FA%2FResources%2FLocalizable.strings	ja	bar	value#ci	fcde2b2edba5
Contents%2FFrameworks%2FLogic.framework%2FVersions%2FA%2FResources%2FLocalizable.strings	ja	beats	value	a23c93546acc
Contents%2FFrameworks%2FLogic.framework%2FVersions%2FA%2FResources%2FLocalizable.strings	ja	beats	value#ci	a23c93546acc
Contents%2FFrameworks%2FLogic.framework%2FVersions%2FA%2FResources%2FLocalizable.strings	ja	division	value	5d1739592b03
Contents%2FFrameworks%2FLogic.framework%2FVersions%2FA%2FResources%2FLocalizable.strings	ja	division	value#ci	5d1739592b03
Contents%2FFrameworks%2FLogic.framework%2FVersions%2FA%2FResources%2FLocalizable.strings	ja	play	value	d25e1490afd4
Contents%2FFrameworks%2FLogic.framework%2FVersions%2FA%2FResources%2FLocalizable.strings	ja	play	value#ci	d25e1490afd4
Contents%2FFrameworks%2FLogic.framework%2FVersions%2FA%2FResources%2FLocalizable.strings	ko	All%20Plug-in%20Windows%23acc	value	c22f6849ea81
Contents%2FFrameworks%2FLogic.framework%2FVersions%2FA%2FResources%2FLocalizable.strings	ko	All%20Plug-in%20Windows%23acc	value#ci	c22f6849ea81
Contents%2FFrameworks%2FLogic.framework%2FVersions%2FA%2FResources%2FLocalizable.strings	ko	All%20Tracks%20as%20Audio%20Files%E2%80%A6	value	a5526592ff2c
Contents%2FFrameworks%2FLogic.framework%2FVersions%2FA%2FResources%2FLocalizable.strings	ko	All%20Tracks%20as%20Audio%20Files%E2%80%A6	value#ci	a5526592ff2c
Contents%2FFrameworks%2FLogic.framework%2FVersions%2FA%2FResources%2FLocalizable.strings	ko	Audio%20Channel	value	8d469e9608dd
Contents%2FFrameworks%2FLogic.framework%2FVersions%2FA%2FResources%2FLocalizable.strings	ko	Audio%20Channel	value#ci	8d469e9608dd
Contents%2FFrameworks%2FLogic.framework%2FVersions%2FA%2FResources%2FLocalizable.strings	ko	Audio%20Units	value	c8cf2c25cd0f
Contents%2FFrameworks%2FLogic.framework%2FVersions%2FA%2FResources%2FLocalizable.strings	ko	Audio%20Units	value#ci	ebb1fc0d387c
Contents%2FFrameworks%2FLogic.framework%2FVersions%2FA%2FResources%2FLocalizable.strings	ko	Autopunch	value	51d0cfc5a300
Contents%2FFrameworks%2FLogic.framework%2FVersions%2FA%2FResources%2FLocalizable.strings	ko	Autopunch	value#ci	51d0cfc5a300
Contents%2FFrameworks%2FLogic.framework%2FVersions%2FA%2FResources%2FLocalizable.strings	ko	Ch	value	a391a59a3eb6
Contents%2FFrameworks%2FLogic.framework%2FVersions%2FA%2FResources%2FLocalizable.strings	ko	Ch	value#ci	a391a59a3eb6
Contents%2FFrameworks%2FLogic.framework%2FVersions%2FA%2FResources%2FLocalizable.strings	ko	Choose	value	8d1a750c9351
Contents%2FFrameworks%2FLogic.framework%2FVersions%2FA%2FResources%2FLocalizable.strings	ko	Choose	value#ci	8d1a750c9351
Contents%2FFrameworks%2FLogic.framework%2FVersions%2FA%2FResources%2FLocalizable.strings	ko	Choose%20a%20Project	value	11348dc4ca7e
Contents%2FFrameworks%2FLogic.framework%2FVersions%2FA%2FResources%2FLocalizable.strings	ko	Choose%20a%20Project	value#ci	11348dc4ca7e
Contents%2FFrameworks%2FLogic.framework%2FVersions%2FA%2FResources%2FLocalizable.strings	ko	Control%20Bar%23acc	value	9fffdb7d36f7
Contents%2FFrameworks%2FLogic.framework%2FVersions%2FA%2FResources%2FLocalizable.strings	ko	Control%20Bar%23acc	value#ci	9fffdb7d36f7
Contents%2FFrameworks%2FLogic.framework%2FVersions%2FA%2FResources%2FLocalizable.strings	ko	Create%23und	value	167eff2736c3
Contents%2FFrameworks%2FLogic.framework%2FVersions%2FA%2FResources%2FLocalizable.strings	ko	Create%23und	value#ci	167eff2736c3
Contents%2FFrameworks%2FLogic.framework%2FVersions%2FA%2FResources%2FLocalizable.strings	ko	Creation%20Date	value	5efd3ddd4584
Contents%2FFrameworks%2FLogic.framework%2FVersions%2FA%2FResources%2FLocalizable.strings	ko	Creation%20Date	value#ci	5efd3ddd4584
Contents%2FFrameworks%2FLogic.framework%2FVersions%2FA%2FResources%2FLocalizable.strings	ko	Cycle	value	bd6cdc584df5
Contents%2FFrameworks%2FLogic.framework%2FVersions%2FA%2FResources%2FLocalizable.strings	ko	Cycle	value#ci	bd6cdc584df5
Contents%2FFrameworks%2FLogic.framework%2FVersions%2FA%2FResources%2FLocalizable.strings	ko	Delete%20Track	value	b1a8627ebfc2
Contents%2FFrameworks%2FLogic.framework%2FVersions%2FA%2FResources%2FLocalizable.strings	ko	Delete%20Track	value#ci	b1a8627ebfc2
Contents%2FFrameworks%2FLogic.framework%2FVersions%2FA%2FResources%2FLocalizable.strings	ko	Delete%23key	value	6139b6c3ed73
Contents%2FFrameworks%2FLogic.framework%2FVersions%2FA%2FResources%2FLocalizable.strings	ko	Delete%23key	value#ci	6139b6c3ed73
Contents%2FFrameworks%2FLogic.framework%2FVersions%2FA%2FResources%2FLocalizable.strings	ko	Display%20%25%40%20Channel%20Strips	value	f1db0b92f09d
Contents%2FFrameworks%2FLogic.framework%2FVersions%2FA%2FResources%2FLocalizable.strings	ko	Display%20%25%40%20Channel%20Strips	value#ci	f1db0b92f09d
Contents%2FFrameworks%2FLogic.framework%2FVersions%2FA%2FResources%2FLocalizable.strings	ko	Display%20Mode	value	e9e50d34e44c
Contents%2FFrameworks%2FLogic.framework%2FVersions%2FA%2FResources%2FLocalizable.strings	ko	Display%20Mode	value#ci	e9e50d34e44c
Contents%2FFrameworks%2FLogic.framework%2FVersions%2FA%2FResources%2FLocalizable.strings	ko	Dual%20Mono	value	5decd4918442
Contents%2FFrameworks%2FLogic.framework%2FVersions%2FA%2FResources%2FLocalizable.strings	ko	Dual%20Mono	value#ci	5decd4918442
Contents%2FFrameworks%2FLogic.framework%2FVersions%2FA%2FResources%2FLocalizable.strings	ko	Edit%20Marker%23und	value	46bc9987963f
Contents%2FFrameworks%2FLogic.framework%2FVersions%2FA%2FResources%2FLocalizable.strings	ko	Edit%20Marker%23und	value#ci	46bc9987963f
Contents%2FFrameworks%2FLogic.framework%2FVersions%2FA%2FResources%2FLocalizable.strings	ko	Edit%23mti	value	87b0acef85a7
Contents%2FFrameworks%2FLogic.framework%2FVersions%2FA%2FResources%2FLocalizable.strings	ko	Edit%23mti	value#ci	87b0acef85a7
Contents%2FFrameworks%2FLogic.framework%2FVersions%2FA%2FResources%2FLocalizable.strings	ko	Editor%23acc	value	444ad021ad50
Contents%2FFrameworks%2FLogic.framework%2FVersions%2FA%2FResources%2FLocalizable.strings	ko	Editor%23acc	value#ci	444ad021ad50
Contents%2FFrameworks%2FLogic.framework%2FVersions%2FA%2FResources%2FLocalizable.strings	ko	Empty%20Project	value	b5c5e05fe352
Contents%2FFrameworks%2FLogic.framework%2FVersions%2FA%2FResources%2FLocalizable.strings	ko	Empty%20Project	value#ci	b5c5e05fe352
Contents%2FFrameworks%2FLogic.framework%2FVersions%2FA%2FResources%2FLocalizable.strings	ko	End	value	086bb5335d17
Contents%2FFrameworks%2FLogic.framework%2FVersions%2FA%2FResources%2FLocalizable.strings	ko	End	value#ci	086bb5335d17
Contents%2FFrameworks%2FLogic.framework%2FVersions%2FA%2FResources%2FLocalizable.strings	ko	Event%20Position%20and%20Length%20as%20Time	value	37ce92387d92
Contents%2FFrameworks%2FLogic.framework%2FVersions%2FA%2FResources%2FLocalizable.strings	ko	Event%20Position%20and%20Length%20as%20Time	value#ci	37ce92387d92
Contents%2FFrameworks%2FLogic.framework%2FVersions%2FA%2FResources%2FLocalizable.strings	ko	Export%23mti	value	0c2737643640
Contents%2FFrameworks%2FLogic.framework%2FVersions%2FA%2FResources%2FLocalizable.strings	ko	Export%23mti	value#ci	0c2737643640
Contents%2FFrameworks%2FLogic.framework%2FVersions%2FA%2FResources%2FLocalizable.strings	ko	File%23mti	value	0c8354d0e51a
Contents%2FFrameworks%2FLogic.framework%2FVersions%2FA%2FResources%2FLocalizable.strings	ko	File%23mti	value#ci	0c8354d0e51a
Contents%2FFrameworks%2FLogic.framework%2FVersions%2FA%2FResources%2FLocalizable.strings	ko	Folder%23mti	value	e5561a2b0101
Contents%2FFrameworks%2FLogic.framework%2FVersions%2FA%2FResources%2FLocalizable.strings	ko	Folder%23mti	value#ci	e5561a2b0101
Contents%2FFrameworks%2FLogic.framework%2FVersions%2FA%2FResources%2FLocalizable.strings	ko	Go%20To	value	83b651b85e13
Contents%2FFrameworks%2FLogic.framework%2FVersions%2FA%2FResources%2FLocalizable.strings	ko	Go%20To	value#ci	83b651b85e13
Contents%2FFrameworks%2FLogic.framework%2FVersions%2FA%2FResources%2FLocalizable.strings	ko	Import%23mti	value	c3b2704b9425
Contents%2FFrameworks%2FLogic.framework%2FVersions%2FA%2FResources%2FLocalizable.strings	ko	Import%23mti	value#ci	c3b2704b9425
Contents%2FFrameworks%2FLogic.framework%2FVersions%2FA%2FResources%2FLocalizable.strings	ko	Input%20Port	value	5dadebe746da
Contents%2FFrameworks%2FLogic.framework%2FVersions%2FA%2FResources%2FLocalizable.strings	ko	Input%20Port	value#ci	5dadebe746da
Contents%2FFrameworks%2FLogic.framework%2FVersions%2FA%2FResources%2FLocalizable.strings	ko	Inspector%23acc	value	9a83aae5c327
Contents%2FFrameworks%2FLogic.framework%2FVersions%2FA%2FResources%2FLocalizable.strings	ko	Inspector%23acc	value#ci	9a83aae5c327
Contents%2FFrameworks%2FLogic.framework%2FVersions%2FA%2FResources%2FLocalizable.strings	ko	Instrument%20Names%23acc	value	91cc6ad82a6c
Contents%2FFrameworks%2FLogic.framework%2FVersions%2FA%2FResources%2FLocalizable.strings	ko	Instrument%20Names%23acc	value#ci	91cc6ad82a6c
Contents%2FFrameworks%2FLogic.framework%2FVersions%2FA%2FResources%2FLocalizable.strings	ko	L	value	72dfcfb0c470
Contents%2FFrameworks%2FLogic.framework%2FVersions%2FA%2FResources%2FLocalizable.strings	ko	L	value#ci	acac86c0e609
Contents%2FFrameworks%2FLogic.framework%2FVersions%2FA%2FResources%2FLocalizable.strings	ko	Length%23und	value	75aba55303fb
Contents%2FFrameworks%2FLogic.framework%2FVersions%2FA%2FResources%2FLocalizable.strings	ko	Length%23und	value#ci	75aba55303fb
Contents%2FFrameworks%2FLogic.framework%2FVersions%2FA%2FResources%2FLocalizable.strings	ko	Length%2FInfo	value	7839d4846d12
Contents%2FFrameworks%2FLogic.framework%2FVersions%2FA%2FResources%2FLocalizable.strings	ko	Length%2FInfo	value#ci	7839d4846d12
Contents%2FFrameworks%2FLogic.framework%2FVersions%2FA%2FResources%2FLocalizable.strings	ko	Library%23acc	value	6a0f998c2819
Contents%2FFrameworks%2FLogic.framework%2FVersions%2FA%2FResources%2FLocalizable.strings	ko	Library%23acc	value#ci	6a0f998c2819
Contents%2FFrameworks%2FLogic.framework%2FVersions%2FA%2FResources%2FLocalizable.strings	ko	Logic%20Pro	value	89d4cb070d7f
Contents%2FFrameworks%2FLogic.framework%2FVersions%2FA%2FResources%2FLocalizable.strings	ko	Logic%20Pro	value#ci	a2c7aa6e8f8f
Contents%2FFrameworks%2FLogic.framework%2FVersions%2FA%2FResources%2FLocalizable.strings	ko	MIDI%20Channels%23mti	value	4675674a2944
Contents%2FFrameworks%2FLogic.framework%2FVersions%2FA%2FResources%2FLocalizable.strings	ko	MIDI%20Channels%23mti	value#ci	af099607d1b6
Contents%2FFrameworks%2FLogic.framework%2FVersions%2FA%2FResources%2FLocalizable.strings	ko	MIDI%20File%E2%80%A6	value	d9662a1888b5
Contents%2FFrameworks%2FLogic.framework%2FVersions%2FA%2FResources%2FLocalizable.strings	ko	MIDI%20File%E2%80%A6	value#ci	9900f11db9cf
Contents%2FFrameworks%2FLogic.framework%2FVersions%2FA%2FResources%2FLocalizable.strings	ko	Mixer%23acc	value	95f3b9f63c81
Contents%2FFrameworks%2FLogic.framework%2FVersions%2FA%2FResources%2FLocalizable.strings	ko	Mixer%23acc	value#ci	95f3b9f63c81
Contents%2FFrameworks%2FLogic.framework%2FVersions%2FA%2FResources%2FLocalizable.strings	ko	Mono	value	4bf8910df4eb
Contents%2FFrameworks%2FLogic.framework%2FVersions%2FA%2FResources%2FLocalizable.strings	ko	Mono	value#ci	4bf8910df4eb
Contents%2FFrameworks%2FLogic.framework%2FVersions%2FA%2FResources%2FLocalizable.strings	ko	Mono-%3EStereo	value	c6eb3f439c71
Contents%2FFrameworks%2FLogic.framework%2FVersions%2FA%2FResources%2FLocalizable.strings	ko	Mono-%3EStereo	value#ci	c6eb3f439c71
Contents%2FFrameworks%2FLogic.framework%2FVersions%2FA%2FResources%2FLocalizable.strings	ko	Move	value	83b651b85e13
Contents%2FFrameworks%2FLogic.framework%2FVersions%2FA%2FResources%2FLocalizable.strings	ko	Move	value#ci	83b651b85e13
Contents%2FFrameworks%2FLogic.framework%2FVersions%2FA%2FResources%2FLocalizable.strings	ko	Mute%23acc	value	9b5760f8263d
Contents%2FFrameworks%2FLogic.framework%2FVersions%2FA%2FResources%2FLocalizable.strings	ko	Mute%23acc	value#ci	9b5760f8263d
Contents%2FFrameworks%2FLogic.framework%2FVersions%2FA%2FResources%2FLocalizable.strings	ko	Navigate%23mti	value	4ea159b30a6b
Contents%2FFrameworks%2FLogic.framework%2FVersions%2FA%2FResources%2FLocalizable.strings	ko	Navigate%23mti	value#ci	4ea159b30a6b
Contents%2FFrameworks%2FLogic.framework%2FVersions%2FA%2FResources%2FLocalizable.strings	ko	New%20Audio%20Track	value	d88540e959e3
Contents%2FFrameworks%2FLogic.framework%2FVersions%2FA%2FResources%2FLocalizable.strings	ko	New%20Audio%20Track	value#ci	d88540e959e3
Contents%2FFrameworks%2FLogic.framework%2FVersions%2FA%2FResources%2FLocalizable.strings	ko	New%20External%20MIDI%20Track	value	589306a8d3fa
Contents%2FFrameworks%2FLogic.framework%2FVersions%2FA%2FResources%2FLocalizable.strings	ko	New%20External%20MIDI%20Track	value#ci	a0d8b923851e
Contents%2FFrameworks%2FLogic.framework%2FVersions%2FA%2FResources%2FLocalizable.strings	ko	New%20Session%20Player%20SI%20Track%E2%80%A6	value	9957edb2360d
Contents%2FFrameworks%2FLogic.framework%2FVersions%2FA%2FResources%2FLocalizable.strings	ko	New%20Session%20Player%20SI%20Track%E2%80%A6	value#ci	2517389e33e4
Contents%2FFrameworks%2FLogic.framework%2FVersions%2FA%2FResources%2FLocalizable.strings	ko	New%20Software%20Instrument%20Track	value	8168b05c3e1c
Contents%2FFrameworks%2FLogic.framework%2FVersions%2FA%2FResources%2FLocalizable.strings	ko	New%20Software%20Instrument%20Track	value#ci	8168b05c3e1c
Contents%2FFrameworks%2FLogic.framework%2FVersions%2FA%2FResources%2FLocalizable.strings	ko	New%23mti	value	113ce17492d3
Contents%2FFrameworks%2FLogic.framework%2FVersions%2FA%2FResources%2FLocalizable.strings	ko	New%23mti	value#ci	113ce17492d3
Contents%2FFrameworks%2FLogic.framework%2FVersions%2FA%2FResources%2FLocalizable.strings	ko	No	value	9474acc7539b
Contents%2FFrameworks%2FLogic.framework%2FVersions%2FA%2FResources%2FLocalizable.strings	ko	No	value#ci	9474acc7539b
Contents%2FFrameworks%2FLogic.framework%2FVersions%2FA%2FResources%2FLocalizable.strings	ko	Num	value	00e65ebb3d8a
Contents%2FFrameworks%2FLogic.framework%2FVersions%2FA%2FResources%2FLocalizable.strings	ko	Num	value#ci	00e65ebb3d8a
Contents%2FFrameworks%2FLogic.framework%2FVersions%2FA%2FResources%2FLocalizable.strings	ko	Number%20of%20Items	value	01f4a8ec495c
Contents%2FFrameworks%2FLogic.framework%2FVersions%2FA%2FResources%2FLocalizable.strings	ko	Number%20of%20Items	value#ci	01f4a8ec495c
Contents%2FFrameworks%2FLogic.framework%2FVersions%2FA%2FResources%2FLocalizable.strings	ko	Open%20Marker%20List	value	086bb2ae36c8
Contents%2FFrameworks%2FLogic.framework%2FVersions%2FA%2FResources%2FLocalizable.strings	ko	Open%20Marker%20List	value#ci	086bb2ae36c8
Contents%2FFrameworks%2FLogic.framework%2FVersions%2FA%2FResources%2FLocalizable.strings	ko	Output%20Channel	value	5a70cb0d632e
Contents%2FFrameworks%2FLogic.framework%2FVersions%2FA%2FResources%2FLocalizable.strings	ko	Output%20Channel	value#ci	5a70cb0d632e
Contents%2FFrameworks%2FLogic.framework%2FVersions%2FA%2FResources%2FLocalizable.strings	ko	Position%E2%80%A6	value	a49006810994
Contents%2FFrameworks%2FLogic.framework%2FVersions%2FA%2FResources%2FLocalizable.strings	ko	Position%E2%80%A6	value#ci	a49006810994
Contents%2FFrameworks%2FLogic.framework%2FVersions%2FA%2FResources%2FLocalizable.strings	ko	Project%20or%20Section%E2%80%A6	value	73d664af1497
Contents%2FFrameworks%2FLogic.framework%2FVersions%2FA%2FResources%2FLocalizable.strings	ko	Project%20or%20Section%E2%80%A6	value#ci	73d664af1497
Contents%2FFrameworks%2FLogic.framework%2FVersions%2FA%2FResources%2FLocalizable.strings	ko	Region	value	10af6db665b0
Contents%2FFrameworks%2FLogic.framework%2FVersions%2FA%2FResources%2FLocalizable.strings	ko	Region	value#ci	10af6db665b0
Contents%2FFrameworks%2FLogic.framework%2FVersions%2FA%2FResources%2FLocalizable.strings	ko	Region%20starts%20at%20%25%40%20and%20ends%20at%20%25%40	value	d9dc00483d9b
Contents%2FFrameworks%2FLogic.framework%2FVersions%2FA%2FResources%2FLocalizable.strings	ko	Region%20starts%20at%20%25%40%20and%20ends%20at%20%25%40	value#ci	d9dc00483d9b
Contents%2FFrameworks%2FLogic.framework%2FVersions%2FA%2FResources%2FLocalizable.strings	ko	Rename%20Track	value	9028cd0efec0
Contents%2FFrameworks%2FLogic.framework%2FVersions%2FA%2FResources%2FLocalizable.strings	ko	Rename%20Track	value#ci	9028cd0efec0
Contents%2FFrameworks%2FLogic.framework%2FVersions%2FA%2FResources%2FLocalizable.strings	ko	Show%20%25%40	value	7864a68d58fc
Contents%2FFrameworks%2FLogic.framework%2FVersions%2FA%2FResources%2FLocalizable.strings	ko	Show%20%25%40	value#ci	7864a68d58fc
Contents%2FFrameworks%2FLogic.framework%2FVersions%2FA%2FResources%2FLocalizable.strings	ko	Show%20Tempo%20List	value	270995d734a6
Contents%2FFrameworks%2FLogic.framework%2FVersions%2FA%2FResources%2FLocalizable.strings	ko	Show%20Tempo%20List	value#ci	270995d734a6
Contents%2FFrameworks%2FLogic.framework%2FVersions%2FA%2FResources%2FLocalizable.strings	ko	Show%2FHide%20Automation	value	7142b4c43c41
Contents%2FFrameworks%2FLogic.framework%2FVersions%2FA%2FResources%2FLocalizable.strings	ko	Show%2FHide%20Automation	value#ci	7142b4c43c41
Contents%2FFrameworks%2FLogic.framework%2FVersions%2FA%2FResources%2FLocalizable.strings	ko	Solo%23acc	value	f6664768f272
Contents%2FFrameworks%2FLogic.framework%2FVersions%2FA%2FResources%2FLocalizable.strings	ko	Solo%23acc	value#ci	f6664768f272
Contents%2FFrameworks%2FLogic.framework%2FVersions%2FA%2FResources%2FLocalizable.strings	ko	Sort%20Tracks%20by	value	2a12e9bfd4aa
Contents%2FFrameworks%2FLogic.framework%2FVersions%2FA%2FResources%2FLocalizable.strings	ko	Sort%20Tracks%20by	value#ci	2a12e9bfd4aa
Contents%2FFrameworks%2FLogic.framework%2FVersions%2FA%2FResources%2FLocalizable.strings	ko	Start	value	b1f28cd21af7
Contents%2FFrameworks%2FLogic.framework%2FVersions%2FA%2FResources%2FLocalizable.strings	ko	Start	value#ci	b1f28cd21af7
Contents%2FFrameworks%2FLogic.framework%2FVersions%2FA%2FResources%2FLocalizable.strings	ko	Step%20Input%20Keyboard%23acc	value	56bdb581637d
Contents%2FFrameworks%2FLogic.framework%2FVersions%2FA%2FResources%2FLocalizable.strings	ko	Step%20Input%20Keyboard%23acc	value#ci	56bdb581637d
Contents%2FFrameworks%2FLogic.framework%2FVersions%2FA%2FResources%2FLocalizable.strings	ko	Stereo	value	caae0510ef5b
Contents%2FFrameworks%2FLogic.framework%2FVersions%2FA%2FResources%2FLocalizable.strings	ko	Stereo	value#ci	caae0510ef5b
Contents%2FFrameworks%2FLogic.framework%2FVersions%2FA%2FResources%2FLocalizable.strings	ko	StrTabBtnLabel%7C%7C%7CEvent	value	46b289bb0a9e
Contents%2FFrameworks%2FLogic.framework%2FVersions%2FA%2FResources%2FLocalizable.strings	ko	StrTabBtnLabel%7C%7C%7CEvent	value#ci	46b289bb0a9e
Contents%2FFrameworks%2FLogic.framework%2FVersions%2FA%2FResources%2FLocalizable.strings	ko	StrTabBtnLabel%7C%7C%7CMarker	value	4684a87f3cc6
Contents%2FFrameworks%2FLogic.framework%2FVersions%2FA%2FResources%2FLocalizable.strings	ko	StrTabBtnLabel%7C%7C%7CMarker	value#ci	4684a87f3cc6
Contents%2FFrameworks%2FLogic.framework%2FVersions%2FA%2FResources%2FLocalizable.strings	ko	StrTabBtnLabel%7C%7C%7CTracks	value	b25f803abac2
Contents%2FFrameworks%2FLogic.framework%2FVersions%2FA%2FResources%2FLocalizable.strings	ko	StrTabBtnLabel%7C%7C%7CTracks	value#ci	b25f803abac2
Contents%2FFrameworks%2FLogic.framework%2FVersions%2FA%2FResources%2FLocalizable.strings	ko	StrToolbItemName%7C%7C%7CBounce	value	6f412b0ec07e
Contents%2FFrameworks%2FLogic.framework%2FVersions%2FA%2FResources%2FLocalizable.strings	ko	StrToolbItemName%7C%7C%7CBounce	value#ci	6f412b0ec07e
Contents%2FFrameworks%2FLogic.framework%2FVersions%2FA%2FResources%2FLocalizable.strings	ko	StrToolbItemName%7C%7C%7CCreate%20Marker	value	de3f8710b2a3
Contents%2FFrameworks%2FLogic.framework%2FVersions%2FA%2FResources%2FLocalizable.strings	ko	StrToolbItemName%7C%7C%7CCreate%20Marker	value#ci	de3f8710b2a3
Contents%2FFrameworks%2FLogic.framework%2FVersions%2FA%2FResources%2FLocalizable.strings	ko	StrToolbItemName%7C%7C%7CSet%20Locators	value	cdfb569a98d6
Contents%2FFrameworks%2FLogic.framework%2FVersions%2FA%2FResources%2FLocalizable.strings	ko	StrToolbItemName%7C%7C%7CSet%20Locators	value#ci	cdfb569a98d6
Contents%2FFrameworks%2FLogic.framework%2FVersions%2FA%2FResources%2FLocalizable.strings	ko	StrTransportBtns%7C%7C%7CCount%20In	value	740b611090ac
Contents%2FFrameworks%2FLogic.framework%2FVersions%2FA%2FResources%2FLocalizable.strings	ko	StrTransportBtns%7C%7C%7CCount%20In	value#ci	740b611090ac
Contents%2FFrameworks%2FLogic.framework%2FVersions%2FA%2FResources%2FLocalizable.strings	ko	Tempo%23mti	value	4e099ec6abf9
Contents%2FFrameworks%2FLogic.framework%2FVersions%2FA%2FResources%2FLocalizable.strings	ko	Tempo%23mti	value#ci	4e099ec6abf9
Contents%2FFrameworks%2FLogic.framework%2FVersions%2FA%2FResources%2FLocalizable.strings	ko	To%20Playhead	value	65e8a3307d89
Contents%2FFrameworks%2FLogic.framework%2FVersions%2FA%2FResources%2FLocalizable.strings	ko	To%20Playhead	value#ci	65e8a3307d89
Contents%2FFrameworks%2FLogic.framework%2FVersions%2FA%2FResources%2FLocalizable.strings	ko	Track%20Name	value	92c4f8494104
Contents%2FFrameworks%2FLogic.framework%2FVersions%2FA%2FResources%2FLocalizable.strings	ko	Track%20Name	value#ci	92c4f8494104
Contents%2FFrameworks%2FLogic.framework%2FVersions%2FA%2FResources%2FLocalizable.strings	ko	Track%23mti	value	b25f803abac2
Contents%2FFrameworks%2FLogic.framework%2FVersions%2FA%2FResources%2FLocalizable.strings	ko	Track%23mti	value#ci	b25f803abac2
Contents%2FFrameworks%2FLogic.framework%2FVersions%2FA%2FResources%2FLocalizable.strings	ko	Trk	value	b25f803abac2
Contents%2FFrameworks%2FLogic.framework%2FVersions%2FA%2FResources%2FLocalizable.strings	ko	Trk	value#ci	b25f803abac2
Contents%2FFrameworks%2FLogic.framework%2FVersions%2FA%2FResources%2FLocalizable.strings	ko	Used%2C%20Unused	value	dddeec006741
Contents%2FFrameworks%2FLogic.framework%2FVersions%2FA%2FResources%2FLocalizable.strings	ko	Used%2C%20Unused	value#ci	dddeec006741
Contents%2FFrameworks%2FLogic.framework%2FVersions%2FA%2FResources%2FLocalizable.strings	ko	Val	value	b19ddf94b4c9
Contents%2FFrameworks%2FLogic.framework%2FVersions%2FA%2FResources%2FLocalizable.strings	ko	Val	value#ci	b19ddf94b4c9
Contents%2FFrameworks%2FLogic.framework%2FVersions%2FA%2FResources%2FLocalizable.strings	ko	View%23mti	value	ac5b575fff0f
Contents%2FFrameworks%2FLogic.framework%2FVersions%2FA%2FResources%2FLocalizable.strings	ko	View%23mti	value#ci	ac5b575fff0f
Contents%2FFrameworks%2FLogic.framework%2FVersions%2FA%2FResources%2FLocalizable.strings	ko	Window%23mti	value	4c6ff7d5fa8f
Contents%2FFrameworks%2FLogic.framework%2FVersions%2FA%2FResources%2FLocalizable.strings	ko	Window%23mti	value#ci	4c6ff7d5fa8f
Contents%2FFrameworks%2FLogic.framework%2FVersions%2FA%2FResources%2FLocalizable.strings	ko	bar	value	2fb0eaf6dcf7
Contents%2FFrameworks%2FLogic.framework%2FVersions%2FA%2FResources%2FLocalizable.strings	ko	bar	value#ci	2fb0eaf6dcf7
Contents%2FFrameworks%2FLogic.framework%2FVersions%2FA%2FResources%2FLocalizable.strings	ko	beats	value	0a58c245fe6c
Contents%2FFrameworks%2FLogic.framework%2FVersions%2FA%2FResources%2FLocalizable.strings	ko	beats	value#ci	0a58c245fe6c
Contents%2FFrameworks%2FLogic.framework%2FVersions%2FA%2FResources%2FLocalizable.strings	ko	division	value	c7f4a2dc4d7c
Contents%2FFrameworks%2FLogic.framework%2FVersions%2FA%2FResources%2FLocalizable.strings	ko	division	value#ci	c7f4a2dc4d7c
Contents%2FFrameworks%2FLogic.framework%2FVersions%2FA%2FResources%2FLocalizable.strings	ko	play	value	d43a776c5e28
Contents%2FFrameworks%2FLogic.framework%2FVersions%2FA%2FResources%2FLocalizable.strings	ko	play	value#ci	d43a776c5e28
Contents%2FFrameworks%2FLogic.framework%2FVersions%2FA%2FResources%2FLocalizable.strings	pt	All%20Plug-in%20Windows%23acc	value	0f4b42636a95
Contents%2FFrameworks%2FLogic.framework%2FVersions%2FA%2FResources%2FLocalizable.strings	pt	All%20Plug-in%20Windows%23acc	value#ci	cc4eae7d7800
Contents%2FFrameworks%2FLogic.framework%2FVersions%2FA%2FResources%2FLocalizable.strings	pt	All%20Tracks%20as%20Audio%20Files%E2%80%A6	value	95003e67422b
Contents%2FFrameworks%2FLogic.framework%2FVersions%2FA%2FResources%2FLocalizable.strings	pt	All%20Tracks%20as%20Audio%20Files%E2%80%A6	value#ci	af7cb984b40f
Contents%2FFrameworks%2FLogic.framework%2FVersions%2FA%2FResources%2FLocalizable.strings	pt	Audio%20Channel	value	96e087563927
Contents%2FFrameworks%2FLogic.framework%2FVersions%2FA%2FResources%2FLocalizable.strings	pt	Audio%20Channel	value#ci	cd840dae9d24
Contents%2FFrameworks%2FLogic.framework%2FVersions%2FA%2FResources%2FLocalizable.strings	pt	Audio%20Units	value	c8cf2c25cd0f
Contents%2FFrameworks%2FLogic.framework%2FVersions%2FA%2FResources%2FLocalizable.strings	pt	Audio%20Units	value#ci	ebb1fc0d387c
Contents%2FFrameworks%2FLogic.framework%2FVersions%2FA%2FResources%2FLocalizable.strings	pt	Autopunch	value	1f1ad7be8f81
Contents%2FFrameworks%2FLogic.framework%2FVersions%2FA%2FResources%2FLocalizable.strings	pt	Autopunch	value#ci	86b57525be79
Contents%2FFrameworks%2FLogic.framework%2FVersions%2FA%2FResources%2FLocalizable.strings	pt	Ch	value	0119803da011
Contents%2FFrameworks%2FLogic.framework%2FVersions%2FA%2FResources%2FLocalizable.strings	pt	Ch	value#ci	1501284e7c84
Contents%2FFrameworks%2FLogic.framework%2FVersions%2FA%2FResources%2FLocalizable.strings	pt	Choose	value	f1fbc08af75d
Contents%2FFrameworks%2FLogic.framework%2FVersions%2FA%2FResources%2FLocalizable.strings	pt	Choose	value#ci	12d1cda9914c
Contents%2FFrameworks%2FLogic.framework%2FVersions%2FA%2FResources%2FLocalizable.strings	pt	Choose%20a%20Project	value	af10d154824b
Contents%2FFrameworks%2FLogic.framework%2FVersions%2FA%2FResources%2FLocalizable.strings	pt	Choose%20a%20Project	value#ci	5d7e2862942f
Contents%2FFrameworks%2FLogic.framework%2FVersions%2FA%2FResources%2FLocalizable.strings	pt	Control%20Bar%23acc	value	06323b534601
Contents%2FFrameworks%2FLogic.framework%2FVersions%2FA%2FResources%2FLocalizable.strings	pt	Control%20Bar%23acc	value#ci	36ebec40ad83
Contents%2FFrameworks%2FLogic.framework%2FVersions%2FA%2FResources%2FLocalizable.strings	pt	Create%23und	value	49ba5d18d8c4
Contents%2FFrameworks%2FLogic.framework%2FVersions%2FA%2FResources%2FLocalizable.strings	pt	Create%23und	value#ci	765dad6753a2
Contents%2FFrameworks%2FLogic.framework%2FVersions%2FA%2FResources%2FLocalizable.strings	pt	Creation%20Date	value	1c11ec26ebc3
Contents%2FFrameworks%2FLogic.framework%2FVersions%2FA%2FResources%2FLocalizable.strings	pt	Creation%20Date	value#ci	c87f4d6bdd7f
Contents%2FFrameworks%2FLogic.framework%2FVersions%2FA%2FResources%2FLocalizable.strings	pt	Cycle	value	c94e378e8168
Contents%2FFrameworks%2FLogic.framework%2FVersions%2FA%2FResources%2FLocalizable.strings	pt	Cycle	value#ci	90078d7bf027
Contents%2FFrameworks%2FLogic.framework%2FVersions%2FA%2FResources%2FLocalizable.strings	pt	Delete%20Track	value	119a038b29ce
Contents%2FFrameworks%2FLogic.framework%2FVersions%2FA%2FResources%2FLocalizable.strings	pt	Delete%20Track	value#ci	421f7a8d0cb5
Contents%2FFrameworks%2FLogic.framework%2FVersions%2FA%2FResources%2FLocalizable.strings	pt	Delete%23key	value	e2d0a54968ea
Contents%2FFrameworks%2FLogic.framework%2FVersions%2FA%2FResources%2FLocalizable.strings	pt	Delete%23key	value#ci	6197595503f0
Contents%2FFrameworks%2FLogic.framework%2FVersions%2FA%2FResources%2FLocalizable.strings	pt	Display%20%25%40%20Channel%20Strips	value	24fcd5199339
Contents%2FFrameworks%2FLogic.framework%2FVersions%2FA%2FResources%2FLocalizable.strings	pt	Display%20%25%40%20Channel%20Strips	value#ci	1cdf0fc771a2
Contents%2FFrameworks%2FLogic.framework%2FVersions%2FA%2FResources%2FLocalizable.strings	pt	Display%20Mode	value	af738ae4bb79
Contents%2FFrameworks%2FLogic.framework%2FVersions%2FA%2FResources%2FLocalizable.strings	pt	Display%20Mode	value#ci	28024b74175b
Contents%2FFrameworks%2FLogic.framework%2FVersions%2FA%2FResources%2FLocalizable.strings	pt	Dual%20Mono	value	b014fffbfc4e
Contents%2FFrameworks%2FLogic.framework%2FVersions%2FA%2FResources%2FLocalizable.strings	pt	Dual%20Mono	value#ci	554a5bf46ee7
Contents%2FFrameworks%2FLogic.framework%2FVersions%2FA%2FResources%2FLocalizable.strings	pt	Edit%20Marker%23und	value	59032196dad3
Contents%2FFrameworks%2FLogic.framework%2FVersions%2FA%2FResources%2FLocalizable.strings	pt	Edit%20Marker%23und	value#ci	1675c469d585
Contents%2FFrameworks%2FLogic.framework%2FVersions%2FA%2FResources%2FLocalizable.strings	pt	Edit%23mti	value	2eba946b2e1e
Contents%2FFrameworks%2FLogic.framework%2FVersions%2FA%2FResources%2FLocalizable.strings	pt	Edit%23mti	value#ci	d17b5a0f0fac
Contents%2FFrameworks%2FLogic.framework%2FVersions%2FA%2FResources%2FLocalizable.strings	pt	Editor%23acc	value	936a161c3931
Contents%2FFrameworks%2FLogic.framework%2FVersions%2FA%2FResources%2FLocalizable.strings	pt	Editor%23acc	value#ci	1553cc62ff24
Contents%2FFrameworks%2FLogic.framework%2FVersions%2FA%2FResources%2FLocalizable.strings	pt	Empty%20Project	value	480c25b2deb6
Contents%2FFrameworks%2FLogic.framework%2FVersions%2FA%2FResources%2FLocalizable.strings	pt	Empty%20Project	value#ci	b14145802cf0
Contents%2FFrameworks%2FLogic.framework%2FVersions%2FA%2FResources%2FLocalizable.strings	pt	End	value	672ff2e837d3
Contents%2FFrameworks%2FLogic.framework%2FVersions%2FA%2FResources%2FLocalizable.strings	pt	End	value#ci	469b7098e2fc
Contents%2FFrameworks%2FLogic.framework%2FVersions%2FA%2FResources%2FLocalizable.strings	pt	Event%20Position%20and%20Length%20as%20Time	value	db052ee64f9c
Contents%2FFrameworks%2FLogic.framework%2FVersions%2FA%2FResources%2FLocalizable.strings	pt	Event%20Position%20and%20Length%20as%20Time	value#ci	3fdd5e36a49f
Contents%2FFrameworks%2FLogic.framework%2FVersions%2FA%2FResources%2FLocalizable.strings	pt	Export%23mti	value	292f20ee64bc
Contents%2FFrameworks%2FLogic.framework%2FVersions%2FA%2FResources%2FLocalizable.strings	pt	Export%23mti	value#ci	ce8737c72f69
Contents%2FFrameworks%2FLogic.framework%2FVersions%2FA%2FResources%2FLocalizable.strings	pt	File%23mti	value	ba8a452f2f83
Contents%2FFrameworks%2FLogic.framework%2FVersions%2FA%2FResources%2FLocalizable.strings	pt	File%23mti	value#ci	9cc50439b3ae
Contents%2FFrameworks%2FLogic.framework%2FVersions%2FA%2FResources%2FLocalizable.strings	pt	Folder%23mti	value	518e479153a3
Contents%2FFrameworks%2FLogic.framework%2FVersions%2FA%2FResources%2FLocalizable.strings	pt	Folder%23mti	value#ci	a4c18ee0ada5
Contents%2FFrameworks%2FLogic.framework%2FVersions%2FA%2FResources%2FLocalizable.strings	pt	Go%20To	value	99970c27f61f
Contents%2FFrameworks%2FLogic.framework%2FVersions%2FA%2FResources%2FLocalizable.strings	pt	Go%20To	value#ci	414caf2ddb8c
Contents%2FFrameworks%2FLogic.framework%2FVersions%2FA%2FResources%2FLocalizable.strings	pt	Import%23mti	value	e7f0e6d956c1
Contents%2FFrameworks%2FLogic.framework%2FVersions%2FA%2FResources%2FLocalizable.strings	pt	Import%23mti	value#ci	dce62d25a088
Contents%2FFrameworks%2FLogic.framework%2FVersions%2FA%2FResources%2FLocalizable.strings	pt	Input%20Port	value	17cc5014b558
Contents%2FFrameworks%2FLogic.framework%2FVersions%2FA%2FResources%2FLocalizable.strings	pt	Input%20Port	value#ci	f0b3043fd271
Contents%2FFrameworks%2FLogic.framework%2FVersions%2FA%2FResources%2FLocalizable.strings	pt	Inspector%23acc	value	b69faa2bb387
Contents%2FFrameworks%2FLogic.framework%2FVersions%2FA%2FResources%2FLocalizable.strings	pt	Inspector%23acc	value#ci	7632827189e4
Contents%2FFrameworks%2FLogic.framework%2FVersions%2FA%2FResources%2FLocalizable.strings	pt	Instrument%20Names%23acc	value	f8b245af3586
Contents%2FFrameworks%2FLogic.framework%2FVersions%2FA%2FResources%2FLocalizable.strings	pt	Instrument%20Names%23acc	value#ci	0a08adaa0f55
Contents%2FFrameworks%2FLogic.framework%2FVersions%2FA%2FResources%2FLocalizable.strings	pt	L	value	a9f51566bd67
Contents%2FFrameworks%2FLogic.framework%2FVersions%2FA%2FResources%2FLocalizable.strings	pt	L	value#ci	3f79bb7b435b
Contents%2FFrameworks%2FLogic.framework%2FVersions%2FA%2FResources%2FLocalizable.strings	pt	Length%23und	value	6cecb49a79df
Contents%2FFrameworks%2FLogic.framework%2FVersions%2FA%2FResources%2FLocalizable.strings	pt	Length%23und	value#ci	c24ab6afa425
Contents%2FFrameworks%2FLogic.framework%2FVersions%2FA%2FResources%2FLocalizable.strings	pt	Length%2FInfo	value	beaa8e282f50
Contents%2FFrameworks%2FLogic.framework%2FVersions%2FA%2FResources%2FLocalizable.strings	pt	Length%2FInfo	value#ci	8286fec68a5a
Contents%2FFrameworks%2FLogic.framework%2FVersions%2FA%2FResources%2FLocalizable.strings	pt	Library%23acc	value	c9169c12cba9
Contents%2FFrameworks%2FLogic.framework%2FVersions%2FA%2FResources%2FLocalizable.strings	pt	Library%23acc	value#ci	8d6341258d8d
Contents%2FFrameworks%2FLogic.framework%2FVersions%2FA%2FResources%2FLocalizable.strings	pt	Logic%20Pro	value	89d4cb070d7f
Contents%2FFrameworks%2FLogic.framework%2FVersions%2FA%2FResources%2FLocalizable.strings	pt	Logic%20Pro	value#ci	a2c7aa6e8f8f
Contents%2FFrameworks%2FLogic.framework%2FVersions%2FA%2FResources%2FLocalizable.strings	pt	MIDI%20Channels%23mti	value	24e1a5602c87
Contents%2FFrameworks%2FLogic.framework%2FVersions%2FA%2FResources%2FLocalizable.strings	pt	MIDI%20Channels%23mti	value#ci	4103b80338bb
Contents%2FFrameworks%2FLogic.framework%2FVersions%2FA%2FResources%2FLocalizable.strings	pt	MIDI%20File%E2%80%A6	value	c581b9655b30
Contents%2FFrameworks%2FLogic.framework%2FVersions%2FA%2FResources%2FLocalizable.strings	pt	MIDI%20File%E2%80%A6	value#ci	cc54cc72308e
Contents%2FFrameworks%2FLogic.framework%2FVersions%2FA%2FResources%2FLocalizable.strings	pt	Mixer%23acc	value	8ae012d51747
Contents%2FFrameworks%2FLogic.framework%2FVersions%2FA%2FResources%2FLocalizable.strings	pt	Mixer%23acc	value#ci	7ce74b56300b
Contents%2FFrameworks%2FLogic.framework%2FVersions%2FA%2FResources%2FLocalizable.strings	pt	Mono	value	6f00156cec07
Contents%2FFrameworks%2FLogic.framework%2FVersions%2FA%2FResources%2FLocalizable.strings	pt	Mono	value#ci	d7de34b17b46
Contents%2FFrameworks%2FLogic.framework%2FVersions%2FA%2FResources%2FLocalizable.strings	pt	Mono-%3EStereo	value	460d471ae211
Contents%2FFrameworks%2FLogic.framework%2FVersions%2FA%2FResources%2FLocalizable.strings	pt	Mono-%3EStereo	value#ci	33ff101183c6
Contents%2FFrameworks%2FLogic.framework%2FVersions%2FA%2FResources%2FLocalizable.strings	pt	Move	value	6624c0d31888
Contents%2FFrameworks%2FLogic.framework%2FVersions%2FA%2FResources%2FLocalizable.strings	pt	Move	value#ci	ff5c2cf0f1ec
Contents%2FFrameworks%2FLogic.framework%2FVersions%2FA%2FResources%2FLocalizable.strings	pt	Mute%23acc	value	8dd6857baf02
Contents%2FFrameworks%2FLogic.framework%2FVersions%2FA%2FResources%2FLocalizable.strings	pt	Mute%23acc	value#ci	a7aa1b979074
Contents%2FFrameworks%2FLogic.framework%2FVersions%2FA%2FResources%2FLocalizable.strings	pt	Navigate%23mti	value	88088f31d729
Contents%2FFrameworks%2FLogic.framework%2FVersions%2FA%2FResources%2FLocalizable.strings	pt	Navigate%23mti	value#ci	e907f5d07d99
Contents%2FFrameworks%2FLogic.framework%2FVersions%2FA%2FResources%2FLocalizable.strings	pt	New%20Audio%20Track	value	71eebf20de25
Contents%2FFrameworks%2FLogic.framework%2FVersions%2FA%2FResources%2FLocalizable.strings	pt	New%20Audio%20Track	value#ci	2c7167442940
Contents%2FFrameworks%2FLogic.framework%2FVersions%2FA%2FResources%2FLocalizable.strings	pt	New%20External%20MIDI%20Track	value	2d2984e5dc95
Contents%2FFrameworks%2FLogic.framework%2FVersions%2FA%2FResources%2FLocalizable.strings	pt	New%20External%20MIDI%20Track	value#ci	3affe922c6b4
Contents%2FFrameworks%2FLogic.framework%2FVersions%2FA%2FResources%2FLocalizable.strings	pt	New%20Session%20Player%20SI%20Track%E2%80%A6	value	751d6ac9ff49
Contents%2FFrameworks%2FLogic.framework%2FVersions%2FA%2FResources%2FLocalizable.strings	pt	New%20Session%20Player%20SI%20Track%E2%80%A6	value#ci	b3c0515f2ee9
Contents%2FFrameworks%2FLogic.framework%2FVersions%2FA%2FResources%2FLocalizable.strings	pt	New%20Software%20Instrument%20Track	value	0ae1d6207ac8
Contents%2FFrameworks%2FLogic.framework%2FVersions%2FA%2FResources%2FLocalizable.strings	pt	New%20Software%20Instrument%20Track	value#ci	24cfd21c2419
Contents%2FFrameworks%2FLogic.framework%2FVersions%2FA%2FResources%2FLocalizable.strings	pt	New%23mti	value	2b1d9b4b4ba4
Contents%2FFrameworks%2FLogic.framework%2FVersions%2FA%2FResources%2FLocalizable.strings	pt	New%23mti	value#ci	332a35baaefc
Contents%2FFrameworks%2FLogic.framework%2FVersions%2FA%2FResources%2FLocalizable.strings	pt	No	value	9bc947e58b62
Contents%2FFrameworks%2FLogic.framework%2FVersions%2FA%2FResources%2FLocalizable.strings	pt	No	value#ci	76daee1631fe
Contents%2FFrameworks%2FLogic.framework%2FVersions%2FA%2FResources%2FLocalizable.strings	pt	Num	value	6fa12f5d9248
Contents%2FFrameworks%2FLogic.framework%2FVersions%2FA%2FResources%2FLocalizable.strings	pt	Num	value#ci	21a475bcc7e8
Contents%2FFrameworks%2FLogic.framework%2FVersions%2FA%2FResources%2FLocalizable.strings	pt	Number%20of%20Items	value	296be404b5f8
Contents%2FFrameworks%2FLogic.framework%2FVersions%2FA%2FResources%2FLocalizable.strings	pt	Number%20of%20Items	value#ci	2bb31e52ffb2
Contents%2FFrameworks%2FLogic.framework%2FVersions%2FA%2FResources%2FLocalizable.strings	pt	Open%20Marker%20List	value	5df799a53a84
Contents%2FFrameworks%2FLogic.framework%2FVersions%2FA%2FResources%2FLocalizable.strings	pt	Open%20Marker%20List	value#ci	5dab276b05d4
Contents%2FFrameworks%2FLogic.framework%2FVersions%2FA%2FResources%2FLocalizable.strings	pt	Output%20Channel	value	d8a0c4d3c4ca
Contents%2FFrameworks%2FLogic.framework%2FVersions%2FA%2FResources%2FLocalizable.strings	pt	Output%20Channel	value#ci	25e15391097e
Contents%2FFrameworks%2FLogic.framework%2FVersions%2FA%2FResources%2FLocalizable.strings	pt	Position%E2%80%A6	value	a98fe8bd96a6
Contents%2FFrameworks%2FLogic.framework%2FVersions%2FA%2FResources%2FLocalizable.strings	pt	Position%E2%80%A6	value#ci	b8d43b9ba85b
Contents%2FFrameworks%2FLogic.framework%2FVersions%2FA%2FResources%2FLocalizable.strings	pt	Project%20or%20Section%E2%80%A6	value	057ddeb4c0fe
Contents%2FFrameworks%2FLogic.framework%2FVersions%2FA%2FResources%2FLocalizable.strings	pt	Project%20or%20Section%E2%80%A6	value#ci	960c2c384f91
Contents%2FFrameworks%2FLogic.framework%2FVersions%2FA%2FResources%2FLocalizable.strings	pt	Region	value	1433152b0c58
Contents%2FFrameworks%2FLogic.framework%2FVersions%2FA%2FResources%2FLocalizable.strings	pt	Region	value#ci	41152a93c5dd
Contents%2FFrameworks%2FLogic.framework%2FVersions%2FA%2FResources%2FLocalizable.strings	pt	Region%20starts%20at%20%25%40%20and%20ends%20at%20%25%40	value	3ff96d595493
Contents%2FFrameworks%2FLogic.framework%2FVersions%2FA%2FResources%2FLocalizable.strings	pt	Region%20starts%20at%20%25%40%20and%20ends%20at%20%25%40	value#ci	74fc70e6cc67
Contents%2FFrameworks%2FLogic.framework%2FVersions%2FA%2FResources%2FLocalizable.strings	pt	Rename%20Track	value	3e70b1f3d5b8
Contents%2FFrameworks%2FLogic.framework%2FVersions%2FA%2FResources%2FLocalizable.strings	pt	Rename%20Track	value#ci	62005af045b6
Contents%2FFrameworks%2FLogic.framework%2FVersions%2FA%2FResources%2FLocalizable.strings	pt	Show%20%25%40	value	83ea2041f895
Contents%2FFrameworks%2FLogic.framework%2FVersions%2FA%2FResources%2FLocalizable.strings	pt	Show%20%25%40	value#ci	085495b68af5
Contents%2FFrameworks%2FLogic.framework%2FVersions%2FA%2FResources%2FLocalizable.strings	pt	Show%20Tempo%20List	value	3bb5bc4f8e2a
Contents%2FFrameworks%2FLogic.framework%2FVersions%2FA%2FResources%2FLocalizable.strings	pt	Show%20Tempo%20List	value#ci	2e35b93ee3fb
Contents%2FFrameworks%2FLogic.framework%2FVersions%2FA%2FResources%2FLocalizable.strings	pt	Show%2FHide%20Automation	value	784595d6feb2
Contents%2FFrameworks%2FLogic.framework%2FVersions%2FA%2FResources%2FLocalizable.strings	pt	Show%2FHide%20Automation	value#ci	5054dc809610
Contents%2FFrameworks%2FLogic.framework%2FVersions%2FA%2FResources%2FLocalizable.strings	pt	Solo%23acc	value	a6db48009495
Contents%2FFrameworks%2FLogic.framework%2FVersions%2FA%2FResources%2FLocalizable.strings	pt	Solo%23acc	value#ci	5364f2f2fc4f
Contents%2FFrameworks%2FLogic.framework%2FVersions%2FA%2FResources%2FLocalizable.strings	pt	Sort%20Tracks%20by	value	778bb1898f9d
Contents%2FFrameworks%2FLogic.framework%2FVersions%2FA%2FResources%2FLocalizable.strings	pt	Sort%20Tracks%20by	value#ci	0b52da7d1621
Contents%2FFrameworks%2FLogic.framework%2FVersions%2FA%2FResources%2FLocalizable.strings	pt	Start	value	6dfbcc6fb285
Contents%2FFrameworks%2FLogic.framework%2FVersions%2FA%2FResources%2FLocalizable.strings	pt	Start	value#ci	13021ba5fbfa
Contents%2FFrameworks%2FLogic.framework%2FVersions%2FA%2FResources%2FLocalizable.strings	pt	Step%20Input%20Keyboard%23acc	value	1cf1e996e036
Contents%2FFrameworks%2FLogic.framework%2FVersions%2FA%2FResources%2FLocalizable.strings	pt	Step%20Input%20Keyboard%23acc	value#ci	d64561f4cec6
Contents%2FFrameworks%2FLogic.framework%2FVersions%2FA%2FResources%2FLocalizable.strings	pt	Stereo	value	b8f41fc22bc2
Contents%2FFrameworks%2FLogic.framework%2FVersions%2FA%2FResources%2FLocalizable.strings	pt	Stereo	value#ci	d15917b6ec92
Contents%2FFrameworks%2FLogic.framework%2FVersions%2FA%2FResources%2FLocalizable.strings	pt	StrTabBtnLabel%7C%7C%7CEvent	value	43f6698cdd81
Contents%2FFrameworks%2FLogic.framework%2FVersions%2FA%2FResources%2FLocalizable.strings	pt	StrTabBtnLabel%7C%7C%7CEvent	value#ci	b9de731495fd
Contents%2FFrameworks%2FLogic.framework%2FVersions%2FA%2FResources%2FLocalizable.strings	pt	StrTabBtnLabel%7C%7C%7CMarker	value	a6056a89fdea
Contents%2FFrameworks%2FLogic.framework%2FVersions%2FA%2FResources%2FLocalizable.strings	pt	StrTabBtnLabel%7C%7C%7CMarker	value#ci	08ff46408702
Contents%2FFrameworks%2FLogic.framework%2FVersions%2FA%2FResources%2FLocalizable.strings	pt	StrTabBtnLabel%7C%7C%7CTracks	value	1464cceb759f
Contents%2FFrameworks%2FLogic.framework%2FVersions%2FA%2FResources%2FLocalizable.strings	pt	StrTabBtnLabel%7C%7C%7CTracks	value#ci	d7dde817b3ad
Contents%2FFrameworks%2FLogic.framework%2FVersions%2FA%2FResources%2FLocalizable.strings	pt	StrToolbItemName%7C%7C%7CBounce	value	854afec9dc5b
Contents%2FFrameworks%2FLogic.framework%2FVersions%2FA%2FResources%2FLocalizable.strings	pt	StrToolbItemName%7C%7C%7CBounce	value#ci	7e34d9b03996
Contents%2FFrameworks%2FLogic.framework%2FVersions%2FA%2FResources%2FLocalizable.strings	pt	StrToolbItemName%7C%7C%7CCreate%20Marker	value	4891f0621b07
Contents%2FFrameworks%2FLogic.framework%2FVersions%2FA%2FResources%2FLocalizable.strings	pt	StrToolbItemName%7C%7C%7CCreate%20Marker	value#ci	e9dbbb175f22
Contents%2FFrameworks%2FLogic.framework%2FVersions%2FA%2FResources%2FLocalizable.strings	pt	StrToolbItemName%7C%7C%7CSet%20Locators	value	dd7cc340a482
Contents%2FFrameworks%2FLogic.framework%2FVersions%2FA%2FResources%2FLocalizable.strings	pt	StrToolbItemName%7C%7C%7CSet%20Locators	value#ci	3eeb9176e02a
Contents%2FFrameworks%2FLogic.framework%2FVersions%2FA%2FResources%2FLocalizable.strings	pt	StrTransportBtns%7C%7C%7CCount%20In	value	d1cb909893a5
Contents%2FFrameworks%2FLogic.framework%2FVersions%2FA%2FResources%2FLocalizable.strings	pt	StrTransportBtns%7C%7C%7CCount%20In	value#ci	5434cd8b83e5
Contents%2FFrameworks%2FLogic.framework%2FVersions%2FA%2FResources%2FLocalizable.strings	pt	Tempo%23mti	value	5b5b96643e4d
Contents%2FFrameworks%2FLogic.framework%2FVersions%2FA%2FResources%2FLocalizable.strings	pt	Tempo%23mti	value#ci	f7c6ea1e0627
Contents%2FFrameworks%2FLogic.framework%2FVersions%2FA%2FResources%2FLocalizable.strings	pt	To%20Playhead	value	27e9a485e410
Contents%2FFrameworks%2FLogic.framework%2FVersions%2FA%2FResources%2FLocalizable.strings	pt	To%20Playhead	value#ci	096d94afdb76
Contents%2FFrameworks%2FLogic.framework%2FVersions%2FA%2FResources%2FLocalizable.strings	pt	Track%20Name	value	3835c85179e7
Contents%2FFrameworks%2FLogic.framework%2FVersions%2FA%2FResources%2FLocalizable.strings	pt	Track%20Name	value#ci	32f6a1332c8c
Contents%2FFrameworks%2FLogic.framework%2FVersions%2FA%2FResources%2FLocalizable.strings	pt	Track%23mti	value	f3a2b24a9b14
Contents%2FFrameworks%2FLogic.framework%2FVersions%2FA%2FResources%2FLocalizable.strings	pt	Track%23mti	value#ci	961220d4da69
Contents%2FFrameworks%2FLogic.framework%2FVersions%2FA%2FResources%2FLocalizable.strings	pt	Trk	value	68ed3f85d862
Contents%2FFrameworks%2FLogic.framework%2FVersions%2FA%2FResources%2FLocalizable.strings	pt	Trk	value#ci	af871e69c0ac
Contents%2FFrameworks%2FLogic.framework%2FVersions%2FA%2FResources%2FLocalizable.strings	pt	Used%2C%20Unused	value	447fd9f3a4a9
Contents%2FFrameworks%2FLogic.framework%2FVersions%2FA%2FResources%2FLocalizable.strings	pt	Used%2C%20Unused	value#ci	c6253a1c574b
Contents%2FFrameworks%2FLogic.framework%2FVersions%2FA%2FResources%2FLocalizable.strings	pt	Val	value	9845196bfdd6
Contents%2FFrameworks%2FLogic.framework%2FVersions%2FA%2FResources%2FLocalizable.strings	pt	Val	value#ci	97dfc65f7428
Contents%2FFrameworks%2FLogic.framework%2FVersions%2FA%2FResources%2FLocalizable.strings	pt	View%23mti	value	1acb4b8fd2aa
Contents%2FFrameworks%2FLogic.framework%2FVersions%2FA%2FResources%2FLocalizable.strings	pt	View%23mti	value#ci	f1879dee1718
Contents%2FFrameworks%2FLogic.framework%2FVersions%2FA%2FResources%2FLocalizable.strings	pt	Window%23mti	value	28014ef35252
Contents%2FFrameworks%2FLogic.framework%2FVersions%2FA%2FResources%2FLocalizable.strings	pt	Window%23mti	value#ci	cbe1dbcd749e
Contents%2FFrameworks%2FLogic.framework%2FVersions%2FA%2FResources%2FLocalizable.strings	pt	bar	value	407cd95d023e
Contents%2FFrameworks%2FLogic.framework%2FVersions%2FA%2FResources%2FLocalizable.strings	pt	bar	value#ci	407cd95d023e
Contents%2FFrameworks%2FLogic.framework%2FVersions%2FA%2FResources%2FLocalizable.strings	pt	beats	value	7f2f68e57ef1
Contents%2FFrameworks%2FLogic.framework%2FVersions%2FA%2FResources%2FLocalizable.strings	pt	beats	value#ci	7f2f68e57ef1
Contents%2FFrameworks%2FLogic.framework%2FVersions%2FA%2FResources%2FLocalizable.strings	pt	division	value	80f65338f6f0
Contents%2FFrameworks%2FLogic.framework%2FVersions%2FA%2FResources%2FLocalizable.strings	pt	division	value#ci	80f65338f6f0
Contents%2FFrameworks%2FLogic.framework%2FVersions%2FA%2FResources%2FLocalizable.strings	pt	play	value	10e0b533ef27
Contents%2FFrameworks%2FLogic.framework%2FVersions%2FA%2FResources%2FLocalizable.strings	pt	play	value#ci	10e0b533ef27
Contents%2FFrameworks%2FLogic.framework%2FVersions%2FA%2FResources%2FLocalizable.strings	zh_CN	All%20Plug-in%20Windows%23acc	value	331ef3154a3d
Contents%2FFrameworks%2FLogic.framework%2FVersions%2FA%2FResources%2FLocalizable.strings	zh_CN	All%20Plug-in%20Windows%23acc	value#ci	331ef3154a3d
Contents%2FFrameworks%2FLogic.framework%2FVersions%2FA%2FResources%2FLocalizable.strings	zh_CN	All%20Tracks%20as%20Audio%20Files%E2%80%A6	value	14ef88fbbc4b
Contents%2FFrameworks%2FLogic.framework%2FVersions%2FA%2FResources%2FLocalizable.strings	zh_CN	All%20Tracks%20as%20Audio%20Files%E2%80%A6	value#ci	14ef88fbbc4b
Contents%2FFrameworks%2FLogic.framework%2FVersions%2FA%2FResources%2FLocalizable.strings	zh_CN	Audio%20Channel	value	5910f35ad7cf
Contents%2FFrameworks%2FLogic.framework%2FVersions%2FA%2FResources%2FLocalizable.strings	zh_CN	Audio%20Channel	value#ci	5910f35ad7cf
Contents%2FFrameworks%2FLogic.framework%2FVersions%2FA%2FResources%2FLocalizable.strings	zh_CN	Audio%20Units	value	917be056cfa1
Contents%2FFrameworks%2FLogic.framework%2FVersions%2FA%2FResources%2FLocalizable.strings	zh_CN	Audio%20Units	value#ci	917be056cfa1
Contents%2FFrameworks%2FLogic.framework%2FVersions%2FA%2FResources%2FLocalizable.strings	zh_CN	Autopunch	value	ed2b6240c629
Contents%2FFrameworks%2FLogic.framework%2FVersions%2FA%2FResources%2FLocalizable.strings	zh_CN	Autopunch	value#ci	ed2b6240c629
Contents%2FFrameworks%2FLogic.framework%2FVersions%2FA%2FResources%2FLocalizable.strings	zh_CN	Ch	value	0c04098e48ab
Contents%2FFrameworks%2FLogic.framework%2FVersions%2FA%2FResources%2FLocalizable.strings	zh_CN	Ch	value#ci	0c04098e48ab
Contents%2FFrameworks%2FLogic.framework%2FVersions%2FA%2FResources%2FLocalizable.strings	zh_CN	Choose	value	638da724f459
Contents%2FFrameworks%2FLogic.framework%2FVersions%2FA%2FResources%2FLocalizable.strings	zh_CN	Choose	value#ci	638da724f459
Contents%2FFrameworks%2FLogic.framework%2FVersions%2FA%2FResources%2FLocalizable.strings	zh_CN	Choose%20a%20Project	value	df6192c12ed2
Contents%2FFrameworks%2FLogic.framework%2FVersions%2FA%2FResources%2FLocalizable.strings	zh_CN	Choose%20a%20Project	value#ci	df6192c12ed2
Contents%2FFrameworks%2FLogic.framework%2FVersions%2FA%2FResources%2FLocalizable.strings	zh_CN	Control%20Bar%23acc	value	5234bc45aa11
Contents%2FFrameworks%2FLogic.framework%2FVersions%2FA%2FResources%2FLocalizable.strings	zh_CN	Control%20Bar%23acc	value#ci	5234bc45aa11
Contents%2FFrameworks%2FLogic.framework%2FVersions%2FA%2FResources%2FLocalizable.strings	zh_CN	Create%23und	value	cde2cd071d25
Contents%2FFrameworks%2FLogic.framework%2FVersions%2FA%2FResources%2FLocalizable.strings	zh_CN	Create%23und	value#ci	cde2cd071d25
Contents%2FFrameworks%2FLogic.framework%2FVersions%2FA%2FResources%2FLocalizable.strings	zh_CN	Creation%20Date	value	07aa0ebd247f
Contents%2FFrameworks%2FLogic.framework%2FVersions%2FA%2FResources%2FLocalizable.strings	zh_CN	Creation%20Date	value#ci	07aa0ebd247f
Contents%2FFrameworks%2FLogic.framework%2FVersions%2FA%2FResources%2FLocalizable.strings	zh_CN	Cycle	value	ad3221dd6681
Contents%2FFrameworks%2FLogic.framework%2FVersions%2FA%2FResources%2FLocalizable.strings	zh_CN	Cycle	value#ci	ad3221dd6681
Contents%2FFrameworks%2FLogic.framework%2FVersions%2FA%2FResources%2FLocalizable.strings	zh_CN	Delete%20Track	value	2ac81b9d17f2
Contents%2FFrameworks%2FLogic.framework%2FVersions%2FA%2FResources%2FLocalizable.strings	zh_CN	Delete%20Track	value#ci	2ac81b9d17f2
Contents%2FFrameworks%2FLogic.framework%2FVersions%2FA%2FResources%2FLocalizable.strings	zh_CN	Delete%23key	value	e2d0a54968ea
Contents%2FFrameworks%2FLogic.framework%2FVersions%2FA%2FResources%2FLocalizable.strings	zh_CN	Delete%23key	value#ci	6197595503f0
Contents%2FFrameworks%2FLogic.framework%2FVersions%2FA%2FResources%2FLocalizable.strings	zh_CN	Display%20%25%40%20Channel%20Strips	value	9cea86aea6db
Contents%2FFrameworks%2FLogic.framework%2FVersions%2FA%2FResources%2FLocalizable.strings	zh_CN	Display%20%25%40%20Channel%20Strips	value#ci	9cea86aea6db
Contents%2FFrameworks%2FLogic.framework%2FVersions%2FA%2FResources%2FLocalizable.strings	zh_CN	Display%20Mode	value	8b91a131263f
Contents%2FFrameworks%2FLogic.framework%2FVersions%2FA%2FResources%2FLocalizable.strings	zh_CN	Display%20Mode	value#ci	8b91a131263f
Contents%2FFrameworks%2FLogic.framework%2FVersions%2FA%2FResources%2FLocalizable.strings	zh_CN	Dual%20Mono	value	6f1aeb37cee7
Contents%2FFrameworks%2FLogic.framework%2FVersions%2FA%2FResources%2FLocalizable.strings	zh_CN	Dual%20Mono	value#ci	6f1aeb37cee7
Contents%2FFrameworks%2FLogic.framework%2FVersions%2FA%2FResources%2FLocalizable.strings	zh_CN	Edit%20Marker%23und	value	f8bb345d7abe
Contents%2FFrameworks%2FLogic.framework%2FVersions%2FA%2FResources%2FLocalizable.strings	zh_CN	Edit%20Marker%23und	value#ci	f8bb345d7abe
Contents%2FFrameworks%2FLogic.framework%2FVersions%2FA%2FResources%2FLocalizable.strings	zh_CN	Edit%23mti	value	051836569928
Contents%2FFrameworks%2FLogic.framework%2FVersions%2FA%2FResources%2FLocalizable.strings	zh_CN	Edit%23mti	value#ci	051836569928
Contents%2FFrameworks%2FLogic.framework%2FVersions%2FA%2FResources%2FLocalizable.strings	zh_CN	Editor%23acc	value	3b7f5965bdbf
Contents%2FFrameworks%2FLogic.framework%2FVersions%2FA%2FResources%2FLocalizable.strings	zh_CN	Editor%23acc	value#ci	3b7f5965bdbf
Contents%2FFrameworks%2FLogic.framework%2FVersions%2FA%2FResources%2FLocalizable.strings	zh_CN	Empty%20Project	value	5521be0d991b
Contents%2FFrameworks%2FLogic.framework%2FVersions%2FA%2FResources%2FLocalizable.strings	zh_CN	Empty%20Project	value#ci	5521be0d991b
Contents%2FFrameworks%2FLogic.framework%2FVersions%2FA%2FResources%2FLocalizable.strings	zh_CN	End	value	c7b24e7997e9
Contents%2FFrameworks%2FLogic.framework%2FVersions%2FA%2FResources%2FLocalizable.strings	zh_CN	End	value#ci	c7b24e7997e9
Contents%2FFrameworks%2FLogic.framework%2FVersions%2FA%2FResources%2FLocalizable.strings	zh_CN	Event%20Position%20and%20Length%20as%20Time	value	25c533f29934
Contents%2FFrameworks%2FLogic.framework%2FVersions%2FA%2FResources%2FLocalizable.strings	zh_CN	Event%20Position%20and%20Length%20as%20Time	value#ci	25c533f29934
Contents%2FFrameworks%2FLogic.framework%2FVersions%2FA%2FResources%2FLocalizable.strings	zh_CN	Export%23mti	value	76420433f22d
Contents%2FFrameworks%2FLogic.framework%2FVersions%2FA%2FResources%2FLocalizable.strings	zh_CN	Export%23mti	value#ci	76420433f22d
Contents%2FFrameworks%2FLogic.framework%2FVersions%2FA%2FResources%2FLocalizable.strings	zh_CN	File%23mti	value	39932f24fe11
Contents%2FFrameworks%2FLogic.framework%2FVersions%2FA%2FResources%2FLocalizable.strings	zh_CN	File%23mti	value#ci	39932f24fe11
Contents%2FFrameworks%2FLogic.framework%2FVersions%2FA%2FResources%2FLocalizable.strings	zh_CN	Folder%23mti	value	7c7802d8adae
Contents%2FFrameworks%2FLogic.framework%2FVersions%2FA%2FResources%2FLocalizable.strings	zh_CN	Folder%23mti	value#ci	7c7802d8adae
Contents%2FFrameworks%2FLogic.framework%2FVersions%2FA%2FResources%2FLocalizable.strings	zh_CN	Go%20To	value	fa96079c3b2f
Contents%2FFrameworks%2FLogic.framework%2FVersions%2FA%2FResources%2FLocalizable.strings	zh_CN	Go%20To	value#ci	fa96079c3b2f
Contents%2FFrameworks%2FLogic.framework%2FVersions%2FA%2FResources%2FLocalizable.strings	zh_CN	Import%23mti	value	576d81bb0631
Contents%2FFrameworks%2FLogic.framework%2FVersions%2FA%2FResources%2FLocalizable.strings	zh_CN	Import%23mti	value#ci	576d81bb0631
Contents%2FFrameworks%2FLogic.framework%2FVersions%2FA%2FResources%2FLocalizable.strings	zh_CN	Input%20Port	value	743acd5e2d78
Contents%2FFrameworks%2FLogic.framework%2FVersions%2FA%2FResources%2FLocalizable.strings	zh_CN	Input%20Port	value#ci	743acd5e2d78
Contents%2FFrameworks%2FLogic.framework%2FVersions%2FA%2FResources%2FLocalizable.strings	zh_CN	Inspector%23acc	value	fc48a7f2334a
Contents%2FFrameworks%2FLogic.framework%2FVersions%2FA%2FResources%2FLocalizable.strings	zh_CN	Inspector%23acc	value#ci	fc48a7f2334a
Contents%2FFrameworks%2FLogic.framework%2FVersions%2FA%2FResources%2FLocalizable.strings	zh_CN	Instrument%20Names%23acc	value	197d84ce6745
Contents%2FFrameworks%2FLogic.framework%2FVersions%2FA%2FResources%2FLocalizable.strings	zh_CN	Instrument%20Names%23acc	value#ci	197d84ce6745
Contents%2FFrameworks%2FLogic.framework%2FVersions%2FA%2FResources%2FLocalizable.strings	zh_CN	L	value	ff9872a023e3
Contents%2FFrameworks%2FLogic.framework%2FVersions%2FA%2FResources%2FLocalizable.strings	zh_CN	L	value#ci	ff9872a023e3
Contents%2FFrameworks%2FLogic.framework%2FVersions%2FA%2FResources%2FLocalizable.strings	zh_CN	Length%23und	value	fcd53935fd79
Contents%2FFrameworks%2FLogic.framework%2FVersions%2FA%2FResources%2FLocalizable.strings	zh_CN	Length%23und	value#ci	fcd53935fd79
Contents%2FFrameworks%2FLogic.framework%2FVersions%2FA%2FResources%2FLocalizable.strings	zh_CN	Length%2FInfo	value	87a6d13afece
Contents%2FFrameworks%2FLogic.framework%2FVersions%2FA%2FResources%2FLocalizable.strings	zh_CN	Length%2FInfo	value#ci	87a6d13afece
Contents%2FFrameworks%2FLogic.framework%2FVersions%2FA%2FResources%2FLocalizable.strings	zh_CN	Library%23acc	value	b5551f66a524
Contents%2FFrameworks%2FLogic.framework%2FVersions%2FA%2FResources%2FLocalizable.strings	zh_CN	Library%23acc	value#ci	b5551f66a524
Contents%2FFrameworks%2FLogic.framework%2FVersions%2FA%2FResources%2FLocalizable.strings	zh_CN	Logic%20Pro	value	89d4cb070d7f
Contents%2FFrameworks%2FLogic.framework%2FVersions%2FA%2FResources%2FLocalizable.strings	zh_CN	Logic%20Pro	value#ci	a2c7aa6e8f8f
Contents%2FFrameworks%2FLogic.framework%2FVersions%2FA%2FResources%2FLocalizable.strings	zh_CN	MIDI%20Channels%23mti	value	2a2196ebdcb6
Contents%2FFrameworks%2FLogic.framework%2FVersions%2FA%2FResources%2FLocalizable.strings	zh_CN	MIDI%20Channels%23mti	value#ci	86624b229c07
Contents%2FFrameworks%2FLogic.framework%2FVersions%2FA%2FResources%2FLocalizable.strings	zh_CN	MIDI%20File%E2%80%A6	value	5fda35ba79ad
Contents%2FFrameworks%2FLogic.framework%2FVersions%2FA%2FResources%2FLocalizable.strings	zh_CN	MIDI%20File%E2%80%A6	value#ci	ad3869d660ba
Contents%2FFrameworks%2FLogic.framework%2FVersions%2FA%2FResources%2FLocalizable.strings	zh_CN	Mixer%23acc	value	e25b4e3ce038
Contents%2FFrameworks%2FLogic.framework%2FVersions%2FA%2FResources%2FLocalizable.strings	zh_CN	Mixer%23acc	value#ci	e25b4e3ce038
Contents%2FFrameworks%2FLogic.framework%2FVersions%2FA%2FResources%2FLocalizable.strings	zh_CN	Mono	value	d64650de26d2
Contents%2FFrameworks%2FLogic.framework%2FVersions%2FA%2FResources%2FLocalizable.strings	zh_CN	Mono	value#ci	d64650de26d2
Contents%2FFrameworks%2FLogic.framework%2FVersions%2FA%2FResources%2FLocalizable.strings	zh_CN	Mono-%3EStereo	value	3441c29dbc82
Contents%2FFrameworks%2FLogic.framework%2FVersions%2FA%2FResources%2FLocalizable.strings	zh_CN	Mono-%3EStereo	value#ci	3441c29dbc82
Contents%2FFrameworks%2FLogic.framework%2FVersions%2FA%2FResources%2FLocalizable.strings	zh_CN	Move	value	fc6bb436b8ca
Contents%2FFrameworks%2FLogic.framework%2FVersions%2FA%2FResources%2FLocalizable.strings	zh_CN	Move	value#ci	fc6bb436b8ca
Contents%2FFrameworks%2FLogic.framework%2FVersions%2FA%2FResources%2FLocalizable.strings	zh_CN	Mute%23acc	value	7db2e189ecb0
Contents%2FFrameworks%2FLogic.framework%2FVersions%2FA%2FResources%2FLocalizable.strings	zh_CN	Mute%23acc	value#ci	7db2e189ecb0
Contents%2FFrameworks%2FLogic.framework%2FVersions%2FA%2FResources%2FLocalizable.strings	zh_CN	Navigate%23mti	value	a8c81f93f2e0
Contents%2FFrameworks%2FLogic.framework%2FVersions%2FA%2FResources%2FLocalizable.strings	zh_CN	Navigate%23mti	value#ci	a8c81f93f2e0
Contents%2FFrameworks%2FLogic.framework%2FVersions%2FA%2FResources%2FLocalizable.strings	zh_CN	New%20Audio%20Track	value	e25e6a7edc84
Contents%2FFrameworks%2FLogic.framework%2FVersions%2FA%2FResources%2FLocalizable.strings	zh_CN	New%20Audio%20Track	value#ci	e25e6a7edc84
Contents%2FFrameworks%2FLogic.framework%2FVersions%2FA%2FResources%2FLocalizable.strings	zh_CN	New%20External%20MIDI%20Track	value	77958ffe9a62
Contents%2FFrameworks%2FLogic.framework%2FVersions%2FA%2FResources%2FLocalizable.strings	zh_CN	New%20External%20MIDI%20Track	value#ci	c03b845042dc
Contents%2FFrameworks%2FLogic.framework%2FVersions%2FA%2FResources%2FLocalizable.strings	zh_CN	New%20Session%20Player%20SI%20Track%E2%80%A6	value	a1f0dffdead8
Contents%2FFrameworks%2FLogic.framework%2FVersions%2FA%2FResources%2FLocalizable.strings	zh_CN	New%20Session%20Player%20SI%20Track%E2%80%A6	value#ci	26be8fd1cfbc
Contents%2FFrameworks%2FLogic.framework%2FVersions%2FA%2FResources%2FLocalizable.strings	zh_CN	New%20Software%20Instrument%20Track	value	20b262c805f7
Contents%2FFrameworks%2FLogic.framework%2FVersions%2FA%2FResources%2FLocalizable.strings	zh_CN	New%20Software%20Instrument%20Track	value#ci	20b262c805f7
Contents%2FFrameworks%2FLogic.framework%2FVersions%2FA%2FResources%2FLocalizable.strings	zh_CN	New%23mti	value	50ef2f4cf6a4
Contents%2FFrameworks%2FLogic.framework%2FVersions%2FA%2FResources%2FLocalizable.strings	zh_CN	New%23mti	value#ci	50ef2f4cf6a4
Contents%2FFrameworks%2FLogic.framework%2FVersions%2FA%2FResources%2FLocalizable.strings	zh_CN	No	value	0c70665b6eb6
Contents%2FFrameworks%2FLogic.framework%2FVersions%2FA%2FResources%2FLocalizable.strings	zh_CN	No	value#ci	0c70665b6eb6
Contents%2FFrameworks%2FLogic.framework%2FVersions%2FA%2FResources%2FLocalizable.strings	zh_CN	Num	value	fc14772145c2
Contents%2FFrameworks%2FLogic.framework%2FVersions%2FA%2FResources%2FLocalizable.strings	zh_CN	Num	value#ci	fc14772145c2
Contents%2FFrameworks%2FLogic.framework%2FVersions%2FA%2FResources%2FLocalizable.strings	zh_CN	Number%20of%20Items	value	da11a47c4bb9
Contents%2FFrameworks%2FLogic.framework%2FVersions%2FA%2FResources%2FLocalizable.strings	zh_CN	Number%20of%20Items	value#ci	da11a47c4bb9
Contents%2FFrameworks%2FLogic.framework%2FVersions%2FA%2FResources%2FLocalizable.strings	zh_CN	Open%20Marker%20List	value	be2c6e95b632
Contents%2FFrameworks%2FLogic.framework%2FVersions%2FA%2FResources%2FLocalizable.strings	zh_CN	Open%20Marker%20List	value#ci	be2c6e95b632
Contents%2FFrameworks%2FLogic.framework%2FVersions%2FA%2FResources%2FLocalizable.strings	zh_CN	Output%20Channel	value	26ccac39f1d3
Contents%2FFrameworks%2FLogic.framework%2FVersions%2FA%2FResources%2FLocalizable.strings	zh_CN	Output%20Channel	value#ci	26ccac39f1d3
Contents%2FFrameworks%2FLogic.framework%2FVersions%2FA%2FResources%2FLocalizable.strings	zh_CN	Position%E2%80%A6	value	4588ed1c9f55
Contents%2FFrameworks%2FLogic.framework%2FVersions%2FA%2FResources%2FLocalizable.strings	zh_CN	Position%E2%80%A6	value#ci	4588ed1c9f55
Contents%2FFrameworks%2FLogic.framework%2FVersions%2FA%2FResources%2FLocalizable.strings	zh_CN	Project%20or%20Section%E2%80%A6	value	c7d17d60725c
Contents%2FFrameworks%2FLogic.framework%2FVersions%2FA%2FResources%2FLocalizable.strings	zh_CN	Project%20or%20Section%E2%80%A6	value#ci	c7d17d60725c
Contents%2FFrameworks%2FLogic.framework%2FVersions%2FA%2FResources%2FLocalizable.strings	zh_CN	Region	value	908e56fe5ed8
Contents%2FFrameworks%2FLogic.framework%2FVersions%2FA%2FResources%2FLocalizable.strings	zh_CN	Region	value#ci	908e56fe5ed8
Contents%2FFrameworks%2FLogic.framework%2FVersions%2FA%2FResources%2FLocalizable.strings	zh_CN	Region%20starts%20at%20%25%40%20and%20ends%20at%20%25%40	value	9e13a27526b5
Contents%2FFrameworks%2FLogic.framework%2FVersions%2FA%2FResources%2FLocalizable.strings	zh_CN	Region%20starts%20at%20%25%40%20and%20ends%20at%20%25%40	value#ci	9e13a27526b5
Contents%2FFrameworks%2FLogic.framework%2FVersions%2FA%2FResources%2FLocalizable.strings	zh_CN	Rename%20Track	value	83425ca32a46
Contents%2FFrameworks%2FLogic.framework%2FVersions%2FA%2FResources%2FLocalizable.strings	zh_CN	Rename%20Track	value#ci	83425ca32a46
Contents%2FFrameworks%2FLogic.framework%2FVersions%2FA%2FResources%2FLocalizable.strings	zh_CN	Show%20%25%40	value	bb05748c0e07
Contents%2FFrameworks%2FLogic.framework%2FVersions%2FA%2FResources%2FLocalizable.strings	zh_CN	Show%20%25%40	value#ci	bb05748c0e07
Contents%2FFrameworks%2FLogic.framework%2FVersions%2FA%2FResources%2FLocalizable.strings	zh_CN	Show%20Tempo%20List	value	51d1b1b7f390
Contents%2FFrameworks%2FLogic.framework%2FVersions%2FA%2FResources%2FLocalizable.strings	zh_CN	Show%20Tempo%20List	value#ci	51d1b1b7f390
Contents%2FFrameworks%2FLogic.framework%2FVersions%2FA%2FResources%2FLocalizable.strings	zh_CN	Show%2FHide%20Automation	value	9cd184bfb5f5
Contents%2FFrameworks%2FLogic.framework%2FVersions%2FA%2FResources%2FLocalizable.strings	zh_CN	Show%2FHide%20Automation	value#ci	9cd184bfb5f5
Contents%2FFrameworks%2FLogic.framework%2FVersions%2FA%2FResources%2FLocalizable.strings	zh_CN	Solo%23acc	value	a1f98e1d9b0f
Contents%2FFrameworks%2FLogic.framework%2FVersions%2FA%2FResources%2FLocalizable.strings	zh_CN	Solo%23acc	value#ci	a1f98e1d9b0f
Contents%2FFrameworks%2FLogic.framework%2FVersions%2FA%2FResources%2FLocalizable.strings	zh_CN	Sort%20Tracks%20by	value	816a191beef3
Contents%2FFrameworks%2FLogic.framework%2FVersions%2FA%2FResources%2FLocalizable.strings	zh_CN	Sort%20Tracks%20by	value#ci	816a191beef3
Contents%2FFrameworks%2FLogic.framework%2FVersions%2FA%2FResources%2FLocalizable.strings	zh_CN	Start	value	d2bb025a2e51
Contents%2FFrameworks%2FLogic.framework%2FVersions%2FA%2FResources%2FLocalizable.strings	zh_CN	Start	value#ci	d2bb025a2e51
Contents%2FFrameworks%2FLogic.framework%2FVersions%2FA%2FResources%2FLocalizable.strings	zh_CN	Step%20Input%20Keyboard%23acc	value	634956b8e05b
Contents%2FFrameworks%2FLogic.framework%2FVersions%2FA%2FResources%2FLocalizable.strings	zh_CN	Step%20Input%20Keyboard%23acc	value#ci	634956b8e05b
Contents%2FFrameworks%2FLogic.framework%2FVersions%2FA%2FResources%2FLocalizable.strings	zh_CN	Stereo	value	3acc9333db7a
Contents%2FFrameworks%2FLogic.framework%2FVersions%2FA%2FResources%2FLocalizable.strings	zh_CN	Stereo	value#ci	3acc9333db7a
Contents%2FFrameworks%2FLogic.framework%2FVersions%2FA%2FResources%2FLocalizable.strings	zh_CN	StrTabBtnLabel%7C%7C%7CEvent	value	c560201b331c
Contents%2FFrameworks%2FLogic.framework%2FVersions%2FA%2FResources%2FLocalizable.strings	zh_CN	StrTabBtnLabel%7C%7C%7CEvent	value#ci	c560201b331c
Contents%2FFrameworks%2FLogic.framework%2FVersions%2FA%2FResources%2FLocalizable.strings	zh_CN	StrTabBtnLabel%7C%7C%7CMarker	value	269635727321
Contents%2FFrameworks%2FLogic.framework%2FVersions%2FA%2FResources%2FLocalizable.strings	zh_CN	StrTabBtnLabel%7C%7C%7CMarker	value#ci	269635727321
Contents%2FFrameworks%2FLogic.framework%2FVersions%2FA%2FResources%2FLocalizable.strings	zh_CN	StrTabBtnLabel%7C%7C%7CTracks	value	9532ddfeb39c
Contents%2FFrameworks%2FLogic.framework%2FVersions%2FA%2FResources%2FLocalizable.strings	zh_CN	StrTabBtnLabel%7C%7C%7CTracks	value#ci	9532ddfeb39c
Contents%2FFrameworks%2FLogic.framework%2FVersions%2FA%2FResources%2FLocalizable.strings	zh_CN	StrToolbItemName%7C%7C%7CBounce	value	894bcae565bf
Contents%2FFrameworks%2FLogic.framework%2FVersions%2FA%2FResources%2FLocalizable.strings	zh_CN	StrToolbItemName%7C%7C%7CBounce	value#ci	894bcae565bf
Contents%2FFrameworks%2FLogic.framework%2FVersions%2FA%2FResources%2FLocalizable.strings	zh_CN	StrToolbItemName%7C%7C%7CCreate%20Marker	value	76fd489d2c72
Contents%2FFrameworks%2FLogic.framework%2FVersions%2FA%2FResources%2FLocalizable.strings	zh_CN	StrToolbItemName%7C%7C%7CCreate%20Marker	value#ci	76fd489d2c72
Contents%2FFrameworks%2FLogic.framework%2FVersions%2FA%2FResources%2FLocalizable.strings	zh_CN	StrToolbItemName%7C%7C%7CSet%20Locators	value	4988ac21befa
Contents%2FFrameworks%2FLogic.framework%2FVersions%2FA%2FResources%2FLocalizable.strings	zh_CN	StrToolbItemName%7C%7C%7CSet%20Locators	value#ci	4988ac21befa
Contents%2FFrameworks%2FLogic.framework%2FVersions%2FA%2FResources%2FLocalizable.strings	zh_CN	StrTransportBtns%7C%7C%7CCount%20In	value	23876e0d56ed
Contents%2FFrameworks%2FLogic.framework%2FVersions%2FA%2FResources%2FLocalizable.strings	zh_CN	StrTransportBtns%7C%7C%7CCount%20In	value#ci	23876e0d56ed
Contents%2FFrameworks%2FLogic.framework%2FVersions%2FA%2FResources%2FLocalizable.strings	zh_CN	Tempo%23mti	value	0e14d148b46b
Contents%2FFrameworks%2FLogic.framework%2FVersions%2FA%2FResources%2FLocalizable.strings	zh_CN	Tempo%23mti	value#ci	0e14d148b46b
Contents%2FFrameworks%2FLogic.framework%2FVersions%2FA%2FResources%2FLocalizable.strings	zh_CN	To%20Playhead	value	ed1d9c1433de
Contents%2FFrameworks%2FLogic.framework%2FVersions%2FA%2FResources%2FLocalizable.strings	zh_CN	To%20Playhead	value#ci	ed1d9c1433de
Contents%2FFrameworks%2FLogic.framework%2FVersions%2FA%2FResources%2FLocalizable.strings	zh_CN	Track%20Name	value	01f05ee009f3
Contents%2FFrameworks%2FLogic.framework%2FVersions%2FA%2FResources%2FLocalizable.strings	zh_CN	Track%20Name	value#ci	01f05ee009f3
Contents%2FFrameworks%2FLogic.framework%2FVersions%2FA%2FResources%2FLocalizable.strings	zh_CN	Track%23mti	value	9532ddfeb39c
Contents%2FFrameworks%2FLogic.framework%2FVersions%2FA%2FResources%2FLocalizable.strings	zh_CN	Track%23mti	value#ci	9532ddfeb39c
Contents%2FFrameworks%2FLogic.framework%2FVersions%2FA%2FResources%2FLocalizable.strings	zh_CN	Trk	value	9532ddfeb39c
Contents%2FFrameworks%2FLogic.framework%2FVersions%2FA%2FResources%2FLocalizable.strings	zh_CN	Trk	value#ci	9532ddfeb39c
Contents%2FFrameworks%2FLogic.framework%2FVersions%2FA%2FResources%2FLocalizable.strings	zh_CN	Used%2C%20Unused	value	36329ceeff9f
Contents%2FFrameworks%2FLogic.framework%2FVersions%2FA%2FResources%2FLocalizable.strings	zh_CN	Used%2C%20Unused	value#ci	36329ceeff9f
Contents%2FFrameworks%2FLogic.framework%2FVersions%2FA%2FResources%2FLocalizable.strings	zh_CN	Val	value	cda1d55c5231
Contents%2FFrameworks%2FLogic.framework%2FVersions%2FA%2FResources%2FLocalizable.strings	zh_CN	Val	value#ci	cda1d55c5231
Contents%2FFrameworks%2FLogic.framework%2FVersions%2FA%2FResources%2FLocalizable.strings	zh_CN	View%23mti	value	4e1449e7d5e5
Contents%2FFrameworks%2FLogic.framework%2FVersions%2FA%2FResources%2FLocalizable.strings	zh_CN	View%23mti	value#ci	4e1449e7d5e5
Contents%2FFrameworks%2FLogic.framework%2FVersions%2FA%2FResources%2FLocalizable.strings	zh_CN	Window%23mti	value	9efe01f647d6
Contents%2FFrameworks%2FLogic.framework%2FVersions%2FA%2FResources%2FLocalizable.strings	zh_CN	Window%23mti	value#ci	9efe01f647d6
Contents%2FFrameworks%2FLogic.framework%2FVersions%2FA%2FResources%2FLocalizable.strings	zh_CN	bar	value	b8f436ef6295
Contents%2FFrameworks%2FLogic.framework%2FVersions%2FA%2FResources%2FLocalizable.strings	zh_CN	bar	value#ci	b8f436ef6295
Contents%2FFrameworks%2FLogic.framework%2FVersions%2FA%2FResources%2FLocalizable.strings	zh_CN	beats	value	aa3d240304ad
Contents%2FFrameworks%2FLogic.framework%2FVersions%2FA%2FResources%2FLocalizable.strings	zh_CN	beats	value#ci	aa3d240304ad
Contents%2FFrameworks%2FLogic.framework%2FVersions%2FA%2FResources%2FLocalizable.strings	zh_CN	division	value	73a8702ef9f3
Contents%2FFrameworks%2FLogic.framework%2FVersions%2FA%2FResources%2FLocalizable.strings	zh_CN	division	value#ci	73a8702ef9f3
Contents%2FFrameworks%2FLogic.framework%2FVersions%2FA%2FResources%2FLocalizable.strings	zh_CN	play	value	c3396195e91c
Contents%2FFrameworks%2FLogic.framework%2FVersions%2FA%2FResources%2FLocalizable.strings	zh_CN	play	value#ci	c3396195e91c
Contents%2FFrameworks%2FLogic.framework%2FVersions%2FA%2FResources%2FLocalizable.strings	zh_TW	All%20Plug-in%20Windows%23acc	value	cd8e1b5dd79e
Contents%2FFrameworks%2FLogic.framework%2FVersions%2FA%2FResources%2FLocalizable.strings	zh_TW	All%20Plug-in%20Windows%23acc	value#ci	cd8e1b5dd79e
Contents%2FFrameworks%2FLogic.framework%2FVersions%2FA%2FResources%2FLocalizable.strings	zh_TW	All%20Tracks%20as%20Audio%20Files%E2%80%A6	value	7d30ef8ed2cf
Contents%2FFrameworks%2FLogic.framework%2FVersions%2FA%2FResources%2FLocalizable.strings	zh_TW	All%20Tracks%20as%20Audio%20Files%E2%80%A6	value#ci	7d30ef8ed2cf
Contents%2FFrameworks%2FLogic.framework%2FVersions%2FA%2FResources%2FLocalizable.strings	zh_TW	Audio%20Channel	value	ca15e2893f9f
Contents%2FFrameworks%2FLogic.framework%2FVersions%2FA%2FResources%2FLocalizable.strings	zh_TW	Audio%20Channel	value#ci	ca15e2893f9f
Contents%2FFrameworks%2FLogic.framework%2FVersions%2FA%2FResources%2FLocalizable.strings	zh_TW	Audio%20Units	value	ef64f2129748
Contents%2FFrameworks%2FLogic.framework%2FVersions%2FA%2FResources%2FLocalizable.strings	zh_TW	Audio%20Units	value#ci	ef64f2129748
Contents%2FFrameworks%2FLogic.framework%2FVersions%2FA%2FResources%2FLocalizable.strings	zh_TW	Autopunch	value	5e0dd1525ff8
Contents%2FFrameworks%2FLogic.framework%2FVersions%2FA%2FResources%2FLocalizable.strings	zh_TW	Autopunch	value#ci	5e0dd1525ff8
Contents%2FFrameworks%2FLogic.framework%2FVersions%2FA%2FResources%2FLocalizable.strings	zh_TW	Ch	value	ca15e2893f9f
Contents%2FFrameworks%2FLogic.framework%2FVersions%2FA%2FResources%2FLocalizable.strings	zh_TW	Ch	value#ci	ca15e2893f9f
Contents%2FFrameworks%2FLogic.framework%2FVersions%2FA%2FResources%2FLocalizable.strings	zh_TW	Choose	value	a50371cbc241
Contents%2FFrameworks%2FLogic.framework%2FVersions%2FA%2FResources%2FLocalizable.strings	zh_TW	Choose	value#ci	a50371cbc241
Contents%2FFrameworks%2FLogic.framework%2FVersions%2FA%2FResources%2FLocalizable.strings	zh_TW	Choose%20a%20Project	value	5e3debb1ab63
Contents%2FFrameworks%2FLogic.framework%2FVersions%2FA%2FResources%2FLocalizable.strings	zh_TW	Choose%20a%20Project	value#ci	5e3debb1ab63
Contents%2FFrameworks%2FLogic.framework%2FVersions%2FA%2FResources%2FLocalizable.strings	zh_TW	Control%20Bar%23acc	value	d527a6792fd9
Contents%2FFrameworks%2FLogic.framework%2FVersions%2FA%2FResources%2FLocalizable.strings	zh_TW	Control%20Bar%23acc	value#ci	d527a6792fd9
Contents%2FFrameworks%2FLogic.framework%2FVersions%2FA%2FResources%2FLocalizable.strings	zh_TW	Create%23und	value	137c6f1c9072
Contents%2FFrameworks%2FLogic.framework%2FVersions%2FA%2FResources%2FLocalizable.strings	zh_TW	Create%23und	value#ci	137c6f1c9072
Contents%2FFrameworks%2FLogic.framework%2FVersions%2FA%2FResources%2FLocalizable.strings	zh_TW	Creation%20Date	value	1c28730922f0
Contents%2FFrameworks%2FLogic.framework%2FVersions%2FA%2FResources%2FLocalizable.strings	zh_TW	Creation%20Date	value#ci	1c28730922f0
Contents%2FFrameworks%2FLogic.framework%2FVersions%2FA%2FResources%2FLocalizable.strings	zh_TW	Cycle	value	9d3d44afd2ff
Contents%2FFrameworks%2FLogic.framework%2FVersions%2FA%2FResources%2FLocalizable.strings	zh_TW	Cycle	value#ci	9d3d44afd2ff
Contents%2FFrameworks%2FLogic.framework%2FVersions%2FA%2FResources%2FLocalizable.strings	zh_TW	Delete%20Track	value	d54005bd8e3c
Contents%2FFrameworks%2FLogic.framework%2FVersions%2FA%2FResources%2FLocalizable.strings	zh_TW	Delete%20Track	value#ci	d54005bd8e3c
Contents%2FFrameworks%2FLogic.framework%2FVersions%2FA%2FResources%2FLocalizable.strings	zh_TW	Delete%23key	value	3c8f5b363ab3
Contents%2FFrameworks%2FLogic.framework%2FVersions%2FA%2FResources%2FLocalizable.strings	zh_TW	Delete%23key	value#ci	3c8f5b363ab3
Contents%2FFrameworks%2FLogic.framework%2FVersions%2FA%2FResources%2FLocalizable.strings	zh_TW	Display%20%25%40%20Channel%20Strips	value	5a91a5bfa926
Contents%2FFrameworks%2FLogic.framework%2FVersions%2FA%2FResources%2FLocalizable.strings	zh_TW	Display%20%25%40%20Channel%20Strips	value#ci	5a91a5bfa926
Contents%2FFrameworks%2FLogic.framework%2FVersions%2FA%2FResources%2FLocalizable.strings	zh_TW	Display%20Mode	value	36a4896e242b
Contents%2FFrameworks%2FLogic.framework%2FVersions%2FA%2FResources%2FLocalizable.strings	zh_TW	Display%20Mode	value#ci	36a4896e242b
Contents%2FFrameworks%2FLogic.framework%2FVersions%2FA%2FResources%2FLocalizable.strings	zh_TW	Dual%20Mono	value	072f8e421da9
Contents%2FFrameworks%2FLogic.framework%2FVersions%2FA%2FResources%2FLocalizable.strings	zh_TW	Dual%20Mono	value#ci	072f8e421da9
Contents%2FFrameworks%2FLogic.framework%2FVersions%2FA%2FResources%2FLocalizable.strings	zh_TW	Edit%20Marker%23und	value	c36df30c9753
Contents%2FFrameworks%2FLogic.framework%2FVersions%2FA%2FResources%2FLocalizable.strings	zh_TW	Edit%20Marker%23und	value#ci	c36df30c9753
Contents%2FFrameworks%2FLogic.framework%2FVersions%2FA%2FResources%2FLocalizable.strings	zh_TW	Edit%23mti	value	e0d4485966bd
Contents%2FFrameworks%2FLogic.framework%2FVersions%2FA%2FResources%2FLocalizable.strings	zh_TW	Edit%23mti	value#ci	e0d4485966bd
Contents%2FFrameworks%2FLogic.framework%2FVersions%2FA%2FResources%2FLocalizable.strings	zh_TW	Editor%23acc	value	76ea678e0069
Contents%2FFrameworks%2FLogic.framework%2FVersions%2FA%2FResources%2FLocalizable.strings	zh_TW	Editor%23acc	value#ci	76ea678e0069
Contents%2FFrameworks%2FLogic.framework%2FVersions%2FA%2FResources%2FLocalizable.strings	zh_TW	Empty%20Project	value	fd05e74a13f2
Contents%2FFrameworks%2FLogic.framework%2FVersions%2FA%2FResources%2FLocalizable.strings	zh_TW	Empty%20Project	value#ci	fd05e74a13f2
Contents%2FFrameworks%2FLogic.framework%2FVersions%2FA%2FResources%2FLocalizable.strings	zh_TW	End	value	ee1f5ad7d73a
Contents%2FFrameworks%2FLogic.framework%2FVersions%2FA%2FResources%2FLocalizable.strings	zh_TW	End	value#ci	ee1f5ad7d73a
Contents%2FFrameworks%2FLogic.framework%2FVersions%2FA%2FResources%2FLocalizable.strings	zh_TW	Event%20Position%20and%20Length%20as%20Time	value	662a38a45c0c
Contents%2FFrameworks%2FLogic.framework%2FVersions%2FA%2FResources%2FLocalizable.strings	zh_TW	Event%20Position%20and%20Length%20as%20Time	value#ci	662a38a45c0c
Contents%2FFrameworks%2FLogic.framework%2FVersions%2FA%2FResources%2FLocalizable.strings	zh_TW	Export%23mti	value	252c6d8f4b8d
Contents%2FFrameworks%2FLogic.framework%2FVersions%2FA%2FResources%2FLocalizable.strings	zh_TW	Export%23mti	value#ci	252c6d8f4b8d
Contents%2FFrameworks%2FLogic.framework%2FVersions%2FA%2FResources%2FLocalizable.strings	zh_TW	File%23mti	value	a11ac5efe91d
Contents%2FFrameworks%2FLogic.framework%2FVersions%2FA%2FResources%2FLocalizable.strings	zh_TW	File%23mti	value#ci	a11ac5efe91d
Contents%2FFrameworks%2FLogic.framework%2FVersions%2FA%2FResources%2FLocalizable.strings	zh_TW	Folder%23mti	value	2ad0439b02d3
Contents%2FFrameworks%2FLogic.framework%2FVersions%2FA%2FResources%2FLocalizable.strings	zh_TW	Folder%23mti	value#ci	2ad0439b02d3
Contents%2FFrameworks%2FLogic.framework%2FVersions%2FA%2FResources%2FLocalizable.strings	zh_TW	Go%20To	value	fa96079c3b2f
Contents%2FFrameworks%2FLogic.framework%2FVersions%2FA%2FResources%2FLocalizable.strings	zh_TW	Go%20To	value#ci	fa96079c3b2f
Contents%2FFrameworks%2FLogic.framework%2FVersions%2FA%2FResources%2FLocalizable.strings	zh_TW	Import%23mti	value	ec7518b474dc
Contents%2FFrameworks%2FLogic.framework%2FVersions%2FA%2FResources%2FLocalizable.strings	zh_TW	Import%23mti	value#ci	ec7518b474dc
Contents%2FFrameworks%2FLogic.framework%2FVersions%2FA%2FResources%2FLocalizable.strings	zh_TW	Input%20Port	value	a602302c3bbd
Contents%2FFrameworks%2FLogic.framework%2FVersions%2FA%2FResources%2FLocalizable.strings	zh_TW	Input%20Port	value#ci	a602302c3bbd
Contents%2FFrameworks%2FLogic.framework%2FVersions%2FA%2FResources%2FLocalizable.strings	zh_TW	Inspector%23acc	value	8e24a12f52d5
Contents%2FFrameworks%2FLogic.framework%2FVersions%2FA%2FResources%2FLocalizable.strings	zh_TW	Inspector%23acc	value#ci	8e24a12f52d5
Contents%2FFrameworks%2FLogic.framework%2FVersions%2FA%2FResources%2FLocalizable.strings	zh_TW	Instrument%20Names%23acc	value	cdaa1888c8b6
Contents%2FFrameworks%2FLogic.framework%2FVersions%2FA%2FResources%2FLocalizable.strings	zh_TW	Instrument%20Names%23acc	value#ci	cdaa1888c8b6
Contents%2FFrameworks%2FLogic.framework%2FVersions%2FA%2FResources%2FLocalizable.strings	zh_TW	L	value	e2e0c454e5d5
Contents%2FFrameworks%2FLogic.framework%2FVersions%2FA%2FResources%2FLocalizable.strings	zh_TW	L	value#ci	e2e0c454e5d5
Contents%2FFrameworks%2FLogic.framework%2FVersions%2FA%2FResources%2FLocalizable.strings	zh_TW	Length%23und	value	a11b1f7b14a7
Contents%2FFrameworks%2FLogic.framework%2FVersions%2FA%2FResources%2FLocalizable.strings	zh_TW	Length%23und	value#ci	a11b1f7b14a7
Contents%2FFrameworks%2FLogic.framework%2FVersions%2FA%2FResources%2FLocalizable.strings	zh_TW	Length%2FInfo	value	8b8439265870
Contents%2FFrameworks%2FLogic.framework%2FVersions%2FA%2FResources%2FLocalizable.strings	zh_TW	Length%2FInfo	value#ci	8b8439265870
Contents%2FFrameworks%2FLogic.framework%2FVersions%2FA%2FResources%2FLocalizable.strings	zh_TW	Library%23acc	value	1b2c8c90d277
Contents%2FFrameworks%2FLogic.framework%2FVersions%2FA%2FResources%2FLocalizable.strings	zh_TW	Library%23acc	value#ci	1b2c8c90d277
Contents%2FFrameworks%2FLogic.framework%2FVersions%2FA%2FResources%2FLocalizable.strings	zh_TW	Logic%20Pro	value	89d4cb070d7f
Contents%2FFrameworks%2FLogic.framework%2FVersions%2FA%2FResources%2FLocalizable.strings	zh_TW	Logic%20Pro	value#ci	a2c7aa6e8f8f
Contents%2FFrameworks%2FLogic.framework%2FVersions%2FA%2FResources%2FLocalizable.strings	zh_TW	MIDI%20Channels%23mti	value	4d63873b967b
Contents%2FFrameworks%2FLogic.framework%2FVersions%2FA%2FResources%2FLocalizable.strings	zh_TW	MIDI%20Channels%23mti	value#ci	f624d5cdfc18
Contents%2FFrameworks%2FLogic.framework%2FVersions%2FA%2FResources%2FLocalizable.strings	zh_TW	MIDI%20File%E2%80%A6	value	17979e854bbf
Contents%2FFrameworks%2FLogic.framework%2FVersions%2FA%2FResources%2FLocalizable.strings	zh_TW	MIDI%20File%E2%80%A6	value#ci	cc74a593317c
Contents%2FFrameworks%2FLogic.framework%2FVersions%2FA%2FResources%2FLocalizable.strings	zh_TW	Mixer%23acc	value	e25b4e3ce038
Contents%2FFrameworks%2FLogic.framework%2FVersions%2FA%2FResources%2FLocalizable.strings	zh_TW	Mixer%23acc	value#ci	e25b4e3ce038
Contents%2FFrameworks%2FLogic.framework%2FVersions%2FA%2FResources%2FLocalizable.strings	zh_TW	Mono	value	c52073b9e9bc
Contents%2FFrameworks%2FLogic.framework%2FVersions%2FA%2FResources%2FLocalizable.strings	zh_TW	Mono	value#ci	c52073b9e9bc
Contents%2FFrameworks%2FLogic.framework%2FVersions%2FA%2FResources%2FLocalizable.strings	zh_TW	Mono-%3EStereo	value	74b52dbe14b5
Contents%2FFrameworks%2FLogic.framework%2FVersions%2FA%2FResources%2FLocalizable.strings	zh_TW	Mono-%3EStereo	value#ci	74b52dbe14b5
Contents%2FFrameworks%2FLogic.framework%2FVersions%2FA%2FResources%2FLocalizable.strings	zh_TW	Move	value	de2596ff8552
Contents%2FFrameworks%2FLogic.framework%2FVersions%2FA%2FResources%2FLocalizable.strings	zh_TW	Move	value#ci	de2596ff8552
Contents%2FFrameworks%2FLogic.framework%2FVersions%2FA%2FResources%2FLocalizable.strings	zh_TW	Mute%23acc	value	b4113bb5c7cd
Contents%2FFrameworks%2FLogic.framework%2FVersions%2FA%2FResources%2FLocalizable.strings	zh_TW	Mute%23acc	value#ci	b4113bb5c7cd
Contents%2FFrameworks%2FLogic.framework%2FVersions%2FA%2FResources%2FLocalizable.strings	zh_TW	Navigate%23mti	value	eb60ad403039
Contents%2FFrameworks%2FLogic.framework%2FVersions%2FA%2FResources%2FLocalizable.strings	zh_TW	Navigate%23mti	value#ci	eb60ad403039
Contents%2FFrameworks%2FLogic.framework%2FVersions%2FA%2FResources%2FLocalizable.strings	zh_TW	New%20Audio%20Track	value	cf50dff49b5a
Contents%2FFrameworks%2FLogic.framework%2FVersions%2FA%2FResources%2FLocalizable.strings	zh_TW	New%20Audio%20Track	value#ci	cf50dff49b5a
Contents%2FFrameworks%2FLogic.framework%2FVersions%2FA%2FResources%2FLocalizable.strings	zh_TW	New%20External%20MIDI%20Track	value	bf6257fce153
Contents%2FFrameworks%2FLogic.framework%2FVersions%2FA%2FResources%2FLocalizable.strings	zh_TW	New%20External%20MIDI%20Track	value#ci	774a046c2ab3
Contents%2FFrameworks%2FLogic.framework%2FVersions%2FA%2FResources%2FLocalizable.strings	zh_TW	New%20Session%20Player%20SI%20Track%E2%80%A6	value	2d7c3adfc531
Contents%2FFrameworks%2FLogic.framework%2FVersions%2FA%2FResources%2FLocalizable.strings	zh_TW	New%20Session%20Player%20SI%20Track%E2%80%A6	value#ci	3ba764d49538
Contents%2FFrameworks%2FLogic.framework%2FVersions%2FA%2FResources%2FLocalizable.strings	zh_TW	New%20Software%20Instrument%20Track	value	93e0ba096457
Contents%2FFrameworks%2FLogic.framework%2FVersions%2FA%2FResources%2FLocalizable.strings	zh_TW	New%20Software%20Instrument%20Track	value#ci	93e0ba096457
Contents%2FFrameworks%2FLogic.framework%2FVersions%2FA%2FResources%2FLocalizable.strings	zh_TW	New%23mti	value	0006d696d8e1
Contents%2FFrameworks%2FLogic.framework%2FVersions%2FA%2FResources%2FLocalizable.strings	zh_TW	New%23mti	value#ci	0006d696d8e1
Contents%2FFrameworks%2FLogic.framework%2FVersions%2FA%2FResources%2FLocalizable.strings	zh_TW	No	value	0c70665b6eb6
Contents%2FFrameworks%2FLogic.framework%2FVersions%2FA%2FResources%2FLocalizable.strings	zh_TW	No	value#ci	0c70665b6eb6
Contents%2FFrameworks%2FLogic.framework%2FVersions%2FA%2FResources%2FLocalizable.strings	zh_TW	Num	value	be547beabfb6
Contents%2FFrameworks%2FLogic.framework%2FVersions%2FA%2FResources%2FLocalizable.strings	zh_TW	Num	value#ci	be547beabfb6
Contents%2FFrameworks%2FLogic.framework%2FVersions%2FA%2FResources%2FLocalizable.strings	zh_TW	Number%20of%20Items	value	8840675ce7c2
Contents%2FFrameworks%2FLogic.framework%2FVersions%2FA%2FResources%2FLocalizable.strings	zh_TW	Number%20of%20Items	value#ci	8840675ce7c2
Contents%2FFrameworks%2FLogic.framework%2FVersions%2FA%2FResources%2FLocalizable.strings	zh_TW	Open%20Marker%20List	value	252e2582dc3f
Contents%2FFrameworks%2FLogic.framework%2FVersions%2FA%2FResources%2FLocalizable.strings	zh_TW	Open%20Marker%20List	value#ci	252e2582dc3f
Contents%2FFrameworks%2FLogic.framework%2FVersions%2FA%2FResources%2FLocalizable.strings	zh_TW	Output%20Channel	value	86f8228cb0b7
Contents%2FFrameworks%2FLogic.framework%2FVersions%2FA%2FResources%2FLocalizable.strings	zh_TW	Output%20Channel	value#ci	86f8228cb0b7
Contents%2FFrameworks%2FLogic.framework%2FVersions%2FA%2FResources%2FLocalizable.strings	zh_TW	Position%E2%80%A6	value	d449494b68e0
Contents%2FFrameworks%2FLogic.framework%2FVersions%2FA%2FResources%2FLocalizable.strings	zh_TW	Position%E2%80%A6	value#ci	d449494b68e0
Contents%2FFrameworks%2FLogic.framework%2FVersions%2FA%2FResources%2FLocalizable.strings	zh_TW	Project%20or%20Section%E2%80%A6	value	421f439fbdd8
Contents%2FFrameworks%2FLogic.framework%2FVersions%2FA%2FResources%2FLocalizable.strings	zh_TW	Project%20or%20Section%E2%80%A6	value#ci	421f439fbdd8
Contents%2FFrameworks%2FLogic.framework%2FVersions%2FA%2FResources%2FLocalizable.strings	zh_TW	Region	value	e03a86825cec
Contents%2FFrameworks%2FLogic.framework%2FVersions%2FA%2FResources%2FLocalizable.strings	zh_TW	Region	value#ci	e03a86825cec
Contents%2FFrameworks%2FLogic.framework%2FVersions%2FA%2FResources%2FLocalizable.strings	zh_TW	Region%20starts%20at%20%25%40%20and%20ends%20at%20%25%40	value	f6716c470c08
Contents%2FFrameworks%2FLogic.framework%2FVersions%2FA%2FResources%2FLocalizable.strings	zh_TW	Region%20starts%20at%20%25%40%20and%20ends%20at%20%25%40	value#ci	f6716c470c08
Contents%2FFrameworks%2FLogic.framework%2FVersions%2FA%2FResources%2FLocalizable.strings	zh_TW	Rename%20Track	value	1e7c9e669db0
Contents%2FFrameworks%2FLogic.framework%2FVersions%2FA%2FResources%2FLocalizable.strings	zh_TW	Rename%20Track	value#ci	1e7c9e669db0
Contents%2FFrameworks%2FLogic.framework%2FVersions%2FA%2FResources%2FLocalizable.strings	zh_TW	Show%20%25%40	value	7699f833a65a
Contents%2FFrameworks%2FLogic.framework%2FVersions%2FA%2FResources%2FLocalizable.strings	zh_TW	Show%20%25%40	value#ci	7699f833a65a
Contents%2FFrameworks%2FLogic.framework%2FVersions%2FA%2FResources%2FLocalizable.strings	zh_TW	Show%20Tempo%20List	value	1ffab26240c3
Contents%2FFrameworks%2FLogic.framework%2FVersions%2FA%2FResources%2FLocalizable.strings	zh_TW	Show%20Tempo%20List	value#ci	1ffab26240c3
Contents%2FFrameworks%2FLogic.framework%2FVersions%2FA%2FResources%2FLocalizable.strings	zh_TW	Show%2FHide%20Automation	value	0deef9d57244
Contents%2FFrameworks%2FLogic.framework%2FVersions%2FA%2FResources%2FLocalizable.strings	zh_TW	Show%2FHide%20Automation	value#ci	0deef9d57244
Contents%2FFrameworks%2FLogic.framework%2FVersions%2FA%2FResources%2FLocalizable.strings	zh_TW	Solo%23acc	value	7d107cf4d03a
Contents%2FFrameworks%2FLogic.framework%2FVersions%2FA%2FResources%2FLocalizable.strings	zh_TW	Solo%23acc	value#ci	7d107cf4d03a
Contents%2FFrameworks%2FLogic.framework%2FVersions%2FA%2FResources%2FLocalizable.strings	zh_TW	Sort%20Tracks%20by	value	611182f26c81
Contents%2FFrameworks%2FLogic.framework%2FVersions%2FA%2FResources%2FLocalizable.strings	zh_TW	Sort%20Tracks%20by	value#ci	611182f26c81
Contents%2FFrameworks%2FLogic.framework%2FVersions%2FA%2FResources%2FLocalizable.strings	zh_TW	Start	value	cc147e162c82
Contents%2FFrameworks%2FLogic.framework%2FVersions%2FA%2FResources%2FLocalizable.strings	zh_TW	Start	value#ci	cc147e162c82
Contents%2FFrameworks%2FLogic.framework%2FVersions%2FA%2FResources%2FLocalizable.strings	zh_TW	Step%20Input%20Keyboard%23acc	value	e784914c0c05
Contents%2FFrameworks%2FLogic.framework%2FVersions%2FA%2FResources%2FLocalizable.strings	zh_TW	Step%20Input%20Keyboard%23acc	value#ci	e784914c0c05
Contents%2FFrameworks%2FLogic.framework%2FVersions%2FA%2FResources%2FLocalizable.strings	zh_TW	Stereo	value	628f8cd72758
Contents%2FFrameworks%2FLogic.framework%2FVersions%2FA%2FResources%2FLocalizable.strings	zh_TW	Stereo	value#ci	628f8cd72758
Contents%2FFrameworks%2FLogic.framework%2FVersions%2FA%2FResources%2FLocalizable.strings	zh_TW	StrTabBtnLabel%7C%7C%7CEvent	value	c560201b331c
Contents%2FFrameworks%2FLogic.framework%2FVersions%2FA%2FResources%2FLocalizable.strings	zh_TW	StrTabBtnLabel%7C%7C%7CEvent	value#ci	c560201b331c
Contents%2FFrameworks%2FLogic.framework%2FVersions%2FA%2FResources%2FLocalizable.strings	zh_TW	StrTabBtnLabel%7C%7C%7CMarker	value	e7e2e9daf29b
Contents%2FFrameworks%2FLogic.framework%2FVersions%2FA%2FResources%2FLocalizable.strings	zh_TW	StrTabBtnLabel%7C%7C%7CMarker	value#ci	e7e2e9daf29b
Contents%2FFrameworks%2FLogic.framework%2FVersions%2FA%2FResources%2FLocalizable.strings	zh_TW	StrTabBtnLabel%7C%7C%7CTracks	value	98ab597095e4
Contents%2FFrameworks%2FLogic.framework%2FVersions%2FA%2FResources%2FLocalizable.strings	zh_TW	StrTabBtnLabel%7C%7C%7CTracks	value#ci	98ab597095e4
Contents%2FFrameworks%2FLogic.framework%2FVersions%2FA%2FResources%2FLocalizable.strings	zh_TW	StrToolbItemName%7C%7C%7CBounce	value	8f241929a6ab
Contents%2FFrameworks%2FLogic.framework%2FVersions%2FA%2FResources%2FLocalizable.strings	zh_TW	StrToolbItemName%7C%7C%7CBounce	value#ci	8f241929a6ab
Contents%2FFrameworks%2FLogic.framework%2FVersions%2FA%2FResources%2FLocalizable.strings	zh_TW	StrToolbItemName%7C%7C%7CCreate%20Marker	value	dd3ac8d97207
Contents%2FFrameworks%2FLogic.framework%2FVersions%2FA%2FResources%2FLocalizable.strings	zh_TW	StrToolbItemName%7C%7C%7CCreate%20Marker	value#ci	dd3ac8d97207
Contents%2FFrameworks%2FLogic.framework%2FVersions%2FA%2FResources%2FLocalizable.strings	zh_TW	StrToolbItemName%7C%7C%7CSet%20Locators	value	b452228f4391
Contents%2FFrameworks%2FLogic.framework%2FVersions%2FA%2FResources%2FLocalizable.strings	zh_TW	StrToolbItemName%7C%7C%7CSet%20Locators	value#ci	b452228f4391
Contents%2FFrameworks%2FLogic.framework%2FVersions%2FA%2FResources%2FLocalizable.strings	zh_TW	StrTransportBtns%7C%7C%7CCount%20In	value	4fe3ec48a169
Contents%2FFrameworks%2FLogic.framework%2FVersions%2FA%2FResources%2FLocalizable.strings	zh_TW	StrTransportBtns%7C%7C%7CCount%20In	value#ci	4fe3ec48a169
Contents%2FFrameworks%2FLogic.framework%2FVersions%2FA%2FResources%2FLocalizable.strings	zh_TW	Tempo%23mti	value	7c1f0dfc4aa8
Contents%2FFrameworks%2FLogic.framework%2FVersions%2FA%2FResources%2FLocalizable.strings	zh_TW	Tempo%23mti	value#ci	7c1f0dfc4aa8
Contents%2FFrameworks%2FLogic.framework%2FVersions%2FA%2FResources%2FLocalizable.strings	zh_TW	To%20Playhead	value	ab802105b512
Contents%2FFrameworks%2FLogic.framework%2FVersions%2FA%2FResources%2FLocalizable.strings	zh_TW	To%20Playhead	value#ci	ab802105b512
Contents%2FFrameworks%2FLogic.framework%2FVersions%2FA%2FResources%2FLocalizable.strings	zh_TW	Track%20Name	value	2c7e54939852
Contents%2FFrameworks%2FLogic.framework%2FVersions%2FA%2FResources%2FLocalizable.strings	zh_TW	Track%20Name	value#ci	2c7e54939852
Contents%2FFrameworks%2FLogic.framework%2FVersions%2FA%2FResources%2FLocalizable.strings	zh_TW	Track%23mti	value	98ab597095e4
Contents%2FFrameworks%2FLogic.framework%2FVersions%2FA%2FResources%2FLocalizable.strings	zh_TW	Track%23mti	value#ci	98ab597095e4
Contents%2FFrameworks%2FLogic.framework%2FVersions%2FA%2FResources%2FLocalizable.strings	zh_TW	Trk	value	98ab597095e4
Contents%2FFrameworks%2FLogic.framework%2FVersions%2FA%2FResources%2FLocalizable.strings	zh_TW	Trk	value#ci	98ab597095e4
Contents%2FFrameworks%2FLogic.framework%2FVersions%2FA%2FResources%2FLocalizable.strings	zh_TW	Used%2C%20Unused	value	ce3fde8e70b3
Contents%2FFrameworks%2FLogic.framework%2FVersions%2FA%2FResources%2FLocalizable.strings	zh_TW	Used%2C%20Unused	value#ci	ce3fde8e70b3
Contents%2FFrameworks%2FLogic.framework%2FVersions%2FA%2FResources%2FLocalizable.strings	zh_TW	Val	value	cda1d55c5231
Contents%2FFrameworks%2FLogic.framework%2FVersions%2FA%2FResources%2FLocalizable.strings	zh_TW	Val	value#ci	cda1d55c5231
Contents%2FFrameworks%2FLogic.framework%2FVersions%2FA%2FResources%2FLocalizable.strings	zh_TW	View%23mti	value	b0352a944f49
Contents%2FFrameworks%2FLogic.framework%2FVersions%2FA%2FResources%2FLocalizable.strings	zh_TW	View%23mti	value#ci	b0352a944f49
Contents%2FFrameworks%2FLogic.framework%2FVersions%2FA%2FResources%2FLocalizable.strings	zh_TW	Window%23mti	value	0a66d7740c1f
Contents%2FFrameworks%2FLogic.framework%2FVersions%2FA%2FResources%2FLocalizable.strings	zh_TW	Window%23mti	value#ci	0a66d7740c1f
Contents%2FFrameworks%2FLogic.framework%2FVersions%2FA%2FResources%2FLocalizable.strings	zh_TW	bar	value	1188b8e32e60
Contents%2FFrameworks%2FLogic.framework%2FVersions%2FA%2FResources%2FLocalizable.strings	zh_TW	bar	value#ci	1188b8e32e60
Contents%2FFrameworks%2FLogic.framework%2FVersions%2FA%2FResources%2FLocalizable.strings	zh_TW	beats	value	9b9c8ce3d11c
Contents%2FFrameworks%2FLogic.framework%2FVersions%2FA%2FResources%2FLocalizable.strings	zh_TW	beats	value#ci	9b9c8ce3d11c
Contents%2FFrameworks%2FLogic.framework%2FVersions%2FA%2FResources%2FLocalizable.strings	zh_TW	division	value	8b50c20298bd
Contents%2FFrameworks%2FLogic.framework%2FVersions%2FA%2FResources%2FLocalizable.strings	zh_TW	division	value#ci	8b50c20298bd
Contents%2FFrameworks%2FLogic.framework%2FVersions%2FA%2FResources%2FLocalizable.strings	zh_TW	play	value	c3396195e91c
Contents%2FFrameworks%2FLogic.framework%2FVersions%2FA%2FResources%2FLocalizable.strings	zh_TW	play	value#ci	c3396195e91c
Contents%2FFrameworks%2FLogic.framework%2FVersions%2FA%2FResources%2FSaveAsOptionsView.strings	de	Zb7-X8-NPE.title	value	b58bd16905d2
Contents%2FFrameworks%2FLogic.framework%2FVersions%2FA%2FResources%2FSaveAsOptionsView.strings	de	Zb7-X8-NPE.title	value#ci	7755d70c2970
Contents%2FFrameworks%2FLogic.framework%2FVersions%2FA%2FResources%2FSaveAsOptionsView.strings	es	Zb7-X8-NPE.title	value	ad4da2817ec2
Contents%2FFrameworks%2FLogic.framework%2FVersions%2FA%2FResources%2FSaveAsOptionsView.strings	es	Zb7-X8-NPE.title	value#ci	84a68012ab19
Contents%2FFrameworks%2FLogic.framework%2FVersions%2FA%2FResources%2FSaveAsOptionsView.strings	fr	Zb7-X8-NPE.title	value	e226631a0e21
Contents%2FFrameworks%2FLogic.framework%2FVersions%2FA%2FResources%2FSaveAsOptionsView.strings	fr	Zb7-X8-NPE.title	value#ci	df4ef319fd92
Contents%2FFrameworks%2FLogic.framework%2FVersions%2FA%2FResources%2FSaveAsOptionsView.strings	it	Zb7-X8-NPE.title	value	6b338de2994c
Contents%2FFrameworks%2FLogic.framework%2FVersions%2FA%2FResources%2FSaveAsOptionsView.strings	it	Zb7-X8-NPE.title	value#ci	373ab9477933
Contents%2FFrameworks%2FLogic.framework%2FVersions%2FA%2FResources%2FSaveAsOptionsView.strings	ja	Zb7-X8-NPE.title	value	faca15b19ede
Contents%2FFrameworks%2FLogic.framework%2FVersions%2FA%2FResources%2FSaveAsOptionsView.strings	ja	Zb7-X8-NPE.title	value#ci	faca15b19ede
Contents%2FFrameworks%2FLogic.framework%2FVersions%2FA%2FResources%2FSaveAsOptionsView.strings	ko	Zb7-X8-NPE.title	value	bd542ee0495d
Contents%2FFrameworks%2FLogic.framework%2FVersions%2FA%2FResources%2FSaveAsOptionsView.strings	ko	Zb7-X8-NPE.title	value#ci	bd542ee0495d
Contents%2FFrameworks%2FLogic.framework%2FVersions%2FA%2FResources%2FSaveAsOptionsView.strings	pt	Zb7-X8-NPE.title	value	0fb52db4a697
Contents%2FFrameworks%2FLogic.framework%2FVersions%2FA%2FResources%2FSaveAsOptionsView.strings	pt	Zb7-X8-NPE.title	value#ci	c00fe5041979
Contents%2FFrameworks%2FLogic.framework%2FVersions%2FA%2FResources%2FSaveAsOptionsView.strings	zh_CN	Zb7-X8-NPE.title	value	26b9c4d2448e
Contents%2FFrameworks%2FLogic.framework%2FVersions%2FA%2FResources%2FSaveAsOptionsView.strings	zh_CN	Zb7-X8-NPE.title	value#ci	26b9c4d2448e
Contents%2FFrameworks%2FLogic.framework%2FVersions%2FA%2FResources%2FSaveAsOptionsView.strings	zh_TW	Zb7-X8-NPE.title	value	58be5abb3cf5
Contents%2FFrameworks%2FLogic.framework%2FVersions%2FA%2FResources%2FSaveAsOptionsView.strings	zh_TW	Zb7-X8-NPE.title	value#ci	58be5abb3cf5
Contents%2FFrameworks%2FMAGUI.framework%2FVersions%2FA%2FResources%2FLocalizable.strings	de	list	value	7343841e724e
Contents%2FFrameworks%2FMAGUI.framework%2FVersions%2FA%2FResources%2FLocalizable.strings	de	list	value#ci	e727f75bc1c6
Contents%2FFrameworks%2FMAGUI.framework%2FVersions%2FA%2FResources%2FLocalizable.strings	de	open	value	ec5e95d38cb0
Contents%2FFrameworks%2FMAGUI.framework%2FVersions%2FA%2FResources%2FLocalizable.strings	de	open	value#ci	ec5e95d38cb0
Contents%2FFrameworks%2FMAGUI.framework%2FVersions%2FA%2FResources%2FLocalizable.strings	en	list	value	a330395cc0a5
Contents%2FFrameworks%2FMAGUI.framework%2FVersions%2FA%2FResources%2FLocalizable.strings	en	list	value#ci	a330395cc0a5
Contents%2FFrameworks%2FMAGUI.framework%2FVersions%2FA%2FResources%2FLocalizable.strings	en	open	value	2348f9987442
Contents%2FFrameworks%2FMAGUI.framework%2FVersions%2FA%2FResources%2FLocalizable.strings	en	open	value#ci	2348f9987442
Contents%2FFrameworks%2FMAGUI.framework%2FVersions%2FA%2FResources%2FLocalizable.strings	es	list	value	0296c43c240a
Contents%2FFrameworks%2FMAGUI.framework%2FVersions%2FA%2FResources%2FLocalizable.strings	es	list	value#ci	0296c43c240a
Contents%2FFrameworks%2FMAGUI.framework%2FVersions%2FA%2FResources%2FLocalizable.strings	es	open	value	5d47f96d4360
Contents%2FFrameworks%2FMAGUI.framework%2FVersions%2FA%2FResources%2FLocalizable.strings	es	open	value#ci	5d47f96d4360
Contents%2FFrameworks%2FMAGUI.framework%2FVersions%2FA%2FResources%2FLocalizable.strings	fr	list	value	e727f75bc1c6
Contents%2FFrameworks%2FMAGUI.framework%2FVersions%2FA%2FResources%2FLocalizable.strings	fr	list	value#ci	e727f75bc1c6
Contents%2FFrameworks%2FMAGUI.framework%2FVersions%2FA%2FResources%2FLocalizable.strings	fr	open	value	9935b4c6fdd3
Contents%2FFrameworks%2FMAGUI.framework%2FVersions%2FA%2FResources%2FLocalizable.strings	fr	open	value#ci	9935b4c6fdd3
Contents%2FFrameworks%2FMAGUI.framework%2FVersions%2FA%2FResources%2FLocalizable.strings	it	list	value	f8bab24aa7aa
Contents%2FFrameworks%2FMAGUI.framework%2FVersions%2FA%2FResources%2FLocalizable.strings	it	list	value#ci	f8bab24aa7aa
Contents%2FFrameworks%2FMAGUI.framework%2FVersions%2FA%2FResources%2FLocalizable.strings	it	open	value	c970ee10df70
Contents%2FFrameworks%2FMAGUI.framework%2FVersions%2FA%2FResources%2FLocalizable.strings	it	open	value#ci	c970ee10df70
Contents%2FFrameworks%2FMAGUI.framework%2FVersions%2FA%2FResources%2FLocalizable.strings	ja	list	value	6ab7e53c7595
Contents%2FFrameworks%2FMAGUI.framework%2FVersions%2FA%2FResources%2FLocalizable.strings	ja	list	value#ci	6ab7e53c7595
Contents%2FFrameworks%2FMAGUI.framework%2FVersions%2FA%2FResources%2FLocalizable.strings	ja	open	value	3aa692fcaae4
Contents%2FFrameworks%2FMAGUI.framework%2FVersions%2FA%2FResources%2FLocalizable.strings	ja	open	value#ci	3aa692fcaae4
Contents%2FFrameworks%2FMAGUI.framework%2FVersions%2FA%2FResources%2FLocalizable.strings	ko	list	value	f07b32009d77
Contents%2FFrameworks%2FMAGUI.framework%2FVersions%2FA%2FResources%2FLocalizable.strings	ko	list	value#ci	f07b32009d77
Contents%2FFrameworks%2FMAGUI.framework%2FVersions%2FA%2FResources%2FLocalizable.strings	ko	open	value	2668bc818e5b
Contents%2FFrameworks%2FMAGUI.framework%2FVersions%2FA%2FResources%2FLocalizable.strings	ko	open	value#ci	2668bc818e5b
Contents%2FFrameworks%2FMAGUI.framework%2FVersions%2FA%2FResources%2FLocalizable.strings	pt	list	value	0296c43c240a
Contents%2FFrameworks%2FMAGUI.framework%2FVersions%2FA%2FResources%2FLocalizable.strings	pt	list	value#ci	0296c43c240a
Contents%2FFrameworks%2FMAGUI.framework%2FVersions%2FA%2FResources%2FLocalizable.strings	pt	open	value	5d47f96d4360
Contents%2FFrameworks%2FMAGUI.framework%2FVersions%2FA%2FResources%2FLocalizable.strings	pt	open	value#ci	5d47f96d4360
Contents%2FFrameworks%2FMAGUI.framework%2FVersions%2FA%2FResources%2FLocalizable.strings	zh_CN	list	value	aedd6814ff8c
Contents%2FFrameworks%2FMAGUI.framework%2FVersions%2FA%2FResources%2FLocalizable.strings	zh_CN	list	value#ci	aedd6814ff8c
Contents%2FFrameworks%2FMAGUI.framework%2FVersions%2FA%2FResources%2FLocalizable.strings	zh_CN	open	value	c771248e511f
Contents%2FFrameworks%2FMAGUI.framework%2FVersions%2FA%2FResources%2FLocalizable.strings	zh_CN	open	value#ci	c771248e511f
Contents%2FFrameworks%2FMAGUI.framework%2FVersions%2FA%2FResources%2FLocalizable.strings	zh_TW	list	value	aedd6814ff8c
Contents%2FFrameworks%2FMAGUI.framework%2FVersions%2FA%2FResources%2FLocalizable.strings	zh_TW	list	value#ci	aedd6814ff8c
Contents%2FFrameworks%2FMAGUI.framework%2FVersions%2FA%2FResources%2FLocalizable.strings	zh_TW	open	value	d57366ca4f4f
Contents%2FFrameworks%2FMAGUI.framework%2FVersions%2FA%2FResources%2FLocalizable.strings	zh_TW	open	value#ci	d57366ca4f4f
Contents%2FFrameworks%2FMALiveLoopsUI.framework%2FVersions%2FA%2FResources%2FLocalizable.strings	de	record	value	57b7a97b5795
Contents%2FFrameworks%2FMALiveLoopsUI.framework%2FVersions%2FA%2FResources%2FLocalizable.strings	de	record	value#ci	0a9ee20e589c
Contents%2FFrameworks%2FMALiveLoopsUI.framework%2FVersions%2FA%2FResources%2FLocalizable.strings	en	record	value	70ce871f8a3d
Contents%2FFrameworks%2FMALiveLoopsUI.framework%2FVersions%2FA%2FResources%2FLocalizable.strings	en	record	value#ci	70ce871f8a3d
Contents%2FFrameworks%2FMALiveLoopsUI.framework%2FVersions%2FA%2FResources%2FLocalizable.strings	es	record	value	5a1e684cb7f0
Contents%2FFrameworks%2FMALiveLoopsUI.framework%2FVersions%2FA%2FResources%2FLocalizable.strings	es	record	value#ci	5a1e684cb7f0
Contents%2FFrameworks%2FMALiveLoopsUI.framework%2FVersions%2FA%2FResources%2FLocalizable.strings	fr	record	value	99b301be8578
Contents%2FFrameworks%2FMALiveLoopsUI.framework%2FVersions%2FA%2FResources%2FLocalizable.strings	fr	record	value#ci	99b301be8578
Contents%2FFrameworks%2FMALiveLoopsUI.framework%2FVersions%2FA%2FResources%2FLocalizable.strings	it	record	value	4cc05f463a47
Contents%2FFrameworks%2FMALiveLoopsUI.framework%2FVersions%2FA%2FResources%2FLocalizable.strings	it	record	value#ci	4cc05f463a47
Contents%2FFrameworks%2FMALiveLoopsUI.framework%2FVersions%2FA%2FResources%2FLocalizable.strings	ja	record	value	99aa78081093
Contents%2FFrameworks%2FMALiveLoopsUI.framework%2FVersions%2FA%2FResources%2FLocalizable.strings	ja	record	value#ci	99aa78081093
Contents%2FFrameworks%2FMALiveLoopsUI.framework%2FVersions%2FA%2FResources%2FLocalizable.strings	ko	record	value	4dc8430fe709
Contents%2FFrameworks%2FMALiveLoopsUI.framework%2FVersions%2FA%2FResources%2FLocalizable.strings	ko	record	value#ci	4dc8430fe709
Contents%2FFrameworks%2FMALiveLoopsUI.framework%2FVersions%2FA%2FResources%2FLocalizable.strings	pt	record	value	16eb86df4151
Contents%2FFrameworks%2FMALiveLoopsUI.framework%2FVersions%2FA%2FResources%2FLocalizable.strings	pt	record	value#ci	16eb86df4151
Contents%2FFrameworks%2FMALiveLoopsUI.framework%2FVersions%2FA%2FResources%2FLocalizable.strings	zh_CN	record	value	ef28216629be
Contents%2FFrameworks%2FMALiveLoopsUI.framework%2FVersions%2FA%2FResources%2FLocalizable.strings	zh_CN	record	value#ci	ef28216629be
Contents%2FFrameworks%2FMALiveLoopsUI.framework%2FVersions%2FA%2FResources%2FLocalizable.strings	zh_TW	record	value	4324d8ded60b
Contents%2FFrameworks%2FMALiveLoopsUI.framework%2FVersions%2FA%2FResources%2FLocalizable.strings	zh_TW	record	value#ci	4324d8ded60b
Contents%2FFrameworks%2FMAMixer.framework%2FVersions%2FA%2FResources%2FLocalizable.strings	de	Open%20plug-in%20menu%20with%20legacy%20plug-ins	value	0f595d367af7
Contents%2FFrameworks%2FMAMixer.framework%2FVersions%2FA%2FResources%2FLocalizable.strings	de	Open%20plug-in%20menu%20with%20legacy%20plug-ins	value#ci	d5f83ea56dee
Contents%2FFrameworks%2FMAMixer.framework%2FVersions%2FA%2FResources%2FLocalizable.strings	de	Read	value	9b9a8d05a7ec
Contents%2FFrameworks%2FMAMixer.framework%2FVersions%2FA%2FResources%2FLocalizable.strings	de	Read	value#ci	3316348dbadf
Contents%2FFrameworks%2FMAMixer.framework%2FVersions%2FA%2FResources%2FLocalizable.strings	de	UTILITY	value	a53167d37cd0
Contents%2FFrameworks%2FMAMixer.framework%2FVersions%2FA%2FResources%2FLocalizable.strings	de	UTILITY	value#ci	57ffcc28d4b9
Contents%2FFrameworks%2FMAMixer.framework%2FVersions%2FA%2FResources%2FLocalizable.strings	de	automation	value	d909750b1bbb
Contents%2FFrameworks%2FMAMixer.framework%2FVersions%2FA%2FResources%2FLocalizable.strings	de	automation	value#ci	6d65ed5c7500
Contents%2FFrameworks%2FMAMixer.framework%2FVersions%2FA%2FResources%2FLocalizable.strings	en	Open%20plug-in%20menu%20with%20legacy%20plug-ins	value	a4217b7305f1
Contents%2FFrameworks%2FMAMixer.framework%2FVersions%2FA%2FResources%2FLocalizable.strings	en	Open%20plug-in%20menu%20with%20legacy%20plug-ins	value#ci	7f0a0e774885
Contents%2FFrameworks%2FMAMixer.framework%2FVersions%2FA%2FResources%2FLocalizable.strings	en	Read	value	9b9a8d05a7ec
Contents%2FFrameworks%2FMAMixer.framework%2FVersions%2FA%2FResources%2FLocalizable.strings	en	Read	value#ci	3316348dbadf
Contents%2FFrameworks%2FMAMixer.framework%2FVersions%2FA%2FResources%2FLocalizable.strings	en	UTILITY	value	a53167d37cd0
Contents%2FFrameworks%2FMAMixer.framework%2FVersions%2FA%2FResources%2FLocalizable.strings	en	UTILITY	value#ci	57ffcc28d4b9
Contents%2FFrameworks%2FMAMixer.framework%2FVersions%2FA%2FResources%2FLocalizable.strings	en	automation	value	6d65ed5c7500
Contents%2FFrameworks%2FMAMixer.framework%2FVersions%2FA%2FResources%2FLocalizable.strings	en	automation	value#ci	6d65ed5c7500
Contents%2FFrameworks%2FMAMixer.framework%2FVersions%2FA%2FResources%2FLocalizable.strings	es	Open%20plug-in%20menu%20with%20legacy%20plug-ins	value	2319d7af66d4
Contents%2FFrameworks%2FMAMixer.framework%2FVersions%2FA%2FResources%2FLocalizable.strings	es	Open%20plug-in%20menu%20with%20legacy%20plug-ins	value#ci	5f8049070ac6
Contents%2FFrameworks%2FMAMixer.framework%2FVersions%2FA%2FResources%2FLocalizable.strings	es	Read	value	9b9a8d05a7ec
Contents%2FFrameworks%2FMAMixer.framework%2FVersions%2FA%2FResources%2FLocalizable.strings	es	Read	value#ci	3316348dbadf
Contents%2FFrameworks%2FMAMixer.framework%2FVersions%2FA%2FResources%2FLocalizable.strings	es	UTILITY	value	5ae29ca31738
Contents%2FFrameworks%2FMAMixer.framework%2FVersions%2FA%2FResources%2FLocalizable.strings	es	UTILITY	value#ci	27298ecafe4a
Contents%2FFrameworks%2FMAMixer.framework%2FVersions%2FA%2FResources%2FLocalizable.strings	es	automation	value	321314cd8ef4
Contents%2FFrameworks%2FMAMixer.framework%2FVersions%2FA%2FResources%2FLocalizable.strings	es	automation	value#ci	321314cd8ef4
Contents%2FFrameworks%2FMAMixer.framework%2FVersions%2FA%2FResources%2FLocalizable.strings	fr	Open%20plug-in%20menu%20with%20legacy%20plug-ins	value	5ca24d3c1ec5
Contents%2FFrameworks%2FMAMixer.framework%2FVersions%2FA%2FResources%2FLocalizable.strings	fr	Open%20plug-in%20menu%20with%20legacy%20plug-ins	value#ci	bdfaa9bb5ac5
Contents%2FFrameworks%2FMAMixer.framework%2FVersions%2FA%2FResources%2FLocalizable.strings	fr	Read	value	9b9a8d05a7ec
Contents%2FFrameworks%2FMAMixer.framework%2FVersions%2FA%2FResources%2FLocalizable.strings	fr	Read	value#ci	3316348dbadf
Contents%2FFrameworks%2FMAMixer.framework%2FVersions%2FA%2FResources%2FLocalizable.strings	fr	UTILITY	value	cd6bd8717e75
Contents%2FFrameworks%2FMAMixer.framework%2FVersions%2FA%2FResources%2FLocalizable.strings	fr	UTILITY	value#ci	f743c5f67179
Contents%2FFrameworks%2FMAMixer.framework%2FVersions%2FA%2FResources%2FLocalizable.strings	fr	automation	value	6d65ed5c7500
Contents%2FFrameworks%2FMAMixer.framework%2FVersions%2FA%2FResources%2FLocalizable.strings	fr	automation	value#ci	6d65ed5c7500
Contents%2FFrameworks%2FMAMixer.framework%2FVersions%2FA%2FResources%2FLocalizable.strings	it	Open%20plug-in%20menu%20with%20legacy%20plug-ins	value	83e490a35516
Contents%2FFrameworks%2FMAMixer.framework%2FVersions%2FA%2FResources%2FLocalizable.strings	it	Open%20plug-in%20menu%20with%20legacy%20plug-ins	value#ci	fd7ee8b611a9
Contents%2FFrameworks%2FMAMixer.framework%2FVersions%2FA%2FResources%2FLocalizable.strings	it	Read	value	9b9a8d05a7ec
Contents%2FFrameworks%2FMAMixer.framework%2FVersions%2FA%2FResources%2FLocalizable.strings	it	Read	value#ci	3316348dbadf
Contents%2FFrameworks%2FMAMixer.framework%2FVersions%2FA%2FResources%2FLocalizable.strings	it	UTILITY	value	a53167d37cd0
Contents%2FFrameworks%2FMAMixer.framework%2FVersions%2FA%2FResources%2FLocalizable.strings	it	UTILITY	value#ci	57ffcc28d4b9
Contents%2FFrameworks%2FMAMixer.framework%2FVersions%2FA%2FResources%2FLocalizable.strings	it	automation	value	6c2067065dcb
Contents%2FFrameworks%2FMAMixer.framework%2FVersions%2FA%2FResources%2FLocalizable.strings	it	automation	value#ci	6c2067065dcb
Contents%2FFrameworks%2FMAMixer.framework%2FVersions%2FA%2FResources%2FLocalizable.strings	ja	Open%20plug-in%20menu%20with%20legacy%20plug-ins	value	5f16c8a0ba02
Contents%2FFrameworks%2FMAMixer.framework%2FVersions%2FA%2FResources%2FLocalizable.strings	ja	Open%20plug-in%20menu%20with%20legacy%20plug-ins	value#ci	5f16c8a0ba02
Contents%2FFrameworks%2FMAMixer.framework%2FVersions%2FA%2FResources%2FLocalizable.strings	ja	Read	value	9b9a8d05a7ec
Contents%2FFrameworks%2FMAMixer.framework%2FVersions%2FA%2FResources%2FLocalizable.strings	ja	Read	value#ci	3316348dbadf
Contents%2FFrameworks%2FMAMixer.framework%2FVersions%2FA%2FResources%2FLocalizable.strings	ja	UTILITY	value	5202cf327dd7
Contents%2FFrameworks%2FMAMixer.framework%2FVersions%2FA%2FResources%2FLocalizable.strings	ja	UTILITY	value#ci	5202cf327dd7
Contents%2FFrameworks%2FMAMixer.framework%2FVersions%2FA%2FResources%2FLocalizable.strings	ja	automation	value	d54340a79b6b
Contents%2FFrameworks%2FMAMixer.framework%2FVersions%2FA%2FResources%2FLocalizable.strings	ja	automation	value#ci	d54340a79b6b
Contents%2FFrameworks%2FMAMixer.framework%2FVersions%2FA%2FResources%2FLocalizable.strings	ko	Open%20plug-in%20menu%20with%20legacy%20plug-ins	value	4837e7b25fa1
Contents%2FFrameworks%2FMAMixer.framework%2FVersions%2FA%2FResources%2FLocalizable.strings	ko	Open%20plug-in%20menu%20with%20legacy%20plug-ins	value#ci	8c464e5c6c86
Contents%2FFrameworks%2FMAMixer.framework%2FVersions%2FA%2FResources%2FLocalizable.strings	ko	Read	value	107b4aeadfc3
Contents%2FFrameworks%2FMAMixer.framework%2FVersions%2FA%2FResources%2FLocalizable.strings	ko	Read	value#ci	107b4aeadfc3
Contents%2FFrameworks%2FMAMixer.framework%2FVersions%2FA%2FResources%2FLocalizable.strings	ko	UTILITY	value	4fddae8b584b
Contents%2FFrameworks%2FMAMixer.framework%2FVersions%2FA%2FResources%2FLocalizable.strings	ko	UTILITY	value#ci	4fddae8b584b
Contents%2FFrameworks%2FMAMixer.framework%2FVersions%2FA%2FResources%2FLocalizable.strings	ko	automation	value	cc091af40798
Contents%2FFrameworks%2FMAMixer.framework%2FVersions%2FA%2FResources%2FLocalizable.strings	ko	automation	value#ci	cc091af40798
Contents%2FFrameworks%2FMAMixer.framework%2FVersions%2FA%2FResources%2FLocalizable.strings	pt	Open%20plug-in%20menu%20with%20legacy%20plug-ins	value	af9ccf575651
Contents%2FFrameworks%2FMAMixer.framework%2FVersions%2FA%2FResources%2FLocalizable.strings	pt	Open%20plug-in%20menu%20with%20legacy%20plug-ins	value#ci	8874ce798064
Contents%2FFrameworks%2FMAMixer.framework%2FVersions%2FA%2FResources%2FLocalizable.strings	pt	Read	value	9b9a8d05a7ec
Contents%2FFrameworks%2FMAMixer.framework%2FVersions%2FA%2FResources%2FLocalizable.strings	pt	Read	value#ci	3316348dbadf
Contents%2FFrameworks%2FMAMixer.framework%2FVersions%2FA%2FResources%2FLocalizable.strings	pt	UTILITY	value	0060af293848
Contents%2FFrameworks%2FMAMixer.framework%2FVersions%2FA%2FResources%2FLocalizable.strings	pt	UTILITY	value#ci	86fa2fe3f8a0
Contents%2FFrameworks%2FMAMixer.framework%2FVersions%2FA%2FResources%2FLocalizable.strings	pt	automation	value	1b113ad9c878
Contents%2FFrameworks%2FMAMixer.framework%2FVersions%2FA%2FResources%2FLocalizable.strings	pt	automation	value#ci	1b113ad9c878
Contents%2FFrameworks%2FMAMixer.framework%2FVersions%2FA%2FResources%2FLocalizable.strings	zh_CN	Open%20plug-in%20menu%20with%20legacy%20plug-ins	value	4d2ee9b96a6a
Contents%2FFrameworks%2FMAMixer.framework%2FVersions%2FA%2FResources%2FLocalizable.strings	zh_CN	Open%20plug-in%20menu%20with%20legacy%20plug-ins	value#ci	4d2ee9b96a6a
Contents%2FFrameworks%2FMAMixer.framework%2FVersions%2FA%2FResources%2FLocalizable.strings	zh_CN	Read	value	9b9a8d05a7ec
Contents%2FFrameworks%2FMAMixer.framework%2FVersions%2FA%2FResources%2FLocalizable.strings	zh_CN	Read	value#ci	3316348dbadf
Contents%2FFrameworks%2FMAMixer.framework%2FVersions%2FA%2FResources%2FLocalizable.strings	zh_CN	UTILITY	value	da21b765b36d
Contents%2FFrameworks%2FMAMixer.framework%2FVersions%2FA%2FResources%2FLocalizable.strings	zh_CN	UTILITY	value#ci	da21b765b36d
Contents%2FFrameworks%2FMAMixer.framework%2FVersions%2FA%2FResources%2FLocalizable.strings	zh_CN	automation	value	829a35554fa1
Contents%2FFrameworks%2FMAMixer.framework%2FVersions%2FA%2FResources%2FLocalizable.strings	zh_CN	automation	value#ci	829a35554fa1
Contents%2FFrameworks%2FMAMixer.framework%2FVersions%2FA%2FResources%2FLocalizable.strings	zh_TW	Open%20plug-in%20menu%20with%20legacy%20plug-ins	value	a673f05d085b
Contents%2FFrameworks%2FMAMixer.framework%2FVersions%2FA%2FResources%2FLocalizable.strings	zh_TW	Open%20plug-in%20menu%20with%20legacy%20plug-ins	value#ci	a673f05d085b
Contents%2FFrameworks%2FMAMixer.framework%2FVersions%2FA%2FResources%2FLocalizable.strings	zh_TW	Read	value	9b9a8d05a7ec
Contents%2FFrameworks%2FMAMixer.framework%2FVersions%2FA%2FResources%2FLocalizable.strings	zh_TW	Read	value#ci	3316348dbadf
Contents%2FFrameworks%2FMAMixer.framework%2FVersions%2FA%2FResources%2FLocalizable.strings	zh_TW	UTILITY	value	d6a739f39d28
Contents%2FFrameworks%2FMAMixer.framework%2FVersions%2FA%2FResources%2FLocalizable.strings	zh_TW	UTILITY	value#ci	d6a739f39d28
Contents%2FFrameworks%2FMAMixer.framework%2FVersions%2FA%2FResources%2FLocalizable.strings	zh_TW	automation	value	bfef2b2cc21d
Contents%2FFrameworks%2FMAMixer.framework%2FVersions%2FA%2FResources%2FLocalizable.strings	zh_TW	automation	value#ci	bfef2b2cc21d
Contents%2FFrameworks%2FMAMobileGeneralUI.framework%2FVersions%2FA%2FResources%2FLocalizable.strings	de	Show%20Mixer	value	ac3a4d6786a3
Contents%2FFrameworks%2FMAMobileGeneralUI.framework%2FVersions%2FA%2FResources%2FLocalizable.strings	de	Show%20Mixer	value#ci	ef035532a1d3
Contents%2FFrameworks%2FMAMobileGeneralUI.framework%2FVersions%2FA%2FResources%2FLocalizable.strings	en	Show%20Mixer	value	a7697860c1e5
Contents%2FFrameworks%2FMAMobileGeneralUI.framework%2FVersions%2FA%2FResources%2FLocalizable.strings	en	Show%20Mixer	value#ci	16c6f4fac12d
Contents%2FFrameworks%2FMAMobileGeneralUI.framework%2FVersions%2FA%2FResources%2FLocalizable.strings	es	Show%20Mixer	value	f98b02b365ed
Contents%2FFrameworks%2FMAMobileGeneralUI.framework%2FVersions%2FA%2FResources%2FLocalizable.strings	es	Show%20Mixer	value#ci	1978d358dd8d
Contents%2FFrameworks%2FMAMobileGeneralUI.framework%2FVersions%2FA%2FResources%2FLocalizable.strings	fr	Show%20Mixer	value	1732008366ee
Contents%2FFrameworks%2FMAMobileGeneralUI.framework%2FVersions%2FA%2FResources%2FLocalizable.strings	fr	Show%20Mixer	value#ci	9b3fd1c17e1d
Contents%2FFrameworks%2FMAMobileGeneralUI.framework%2FVersions%2FA%2FResources%2FLocalizable.strings	it	Show%20Mixer	value	198784d8f69c
Contents%2FFrameworks%2FMAMobileGeneralUI.framework%2FVersions%2FA%2FResources%2FLocalizable.strings	it	Show%20Mixer	value#ci	1a59ab5e9bd1
Contents%2FFrameworks%2FMAMobileGeneralUI.framework%2FVersions%2FA%2FResources%2FLocalizable.strings	ja	Show%20Mixer	value	094d188864e6
Contents%2FFrameworks%2FMAMobileGeneralUI.framework%2FVersions%2FA%2FResources%2FLocalizable.strings	ja	Show%20Mixer	value#ci	094d188864e6
Contents%2FFrameworks%2FMAMobileGeneralUI.framework%2FVersions%2FA%2FResources%2FLocalizable.strings	ko	Show%20Mixer	value	7eeaab2fc6fc
Contents%2FFrameworks%2FMAMobileGeneralUI.framework%2FVersions%2FA%2FResources%2FLocalizable.strings	ko	Show%20Mixer	value#ci	7eeaab2fc6fc
Contents%2FFrameworks%2FMAMobileGeneralUI.framework%2FVersions%2FA%2FResources%2FLocalizable.strings	pt	Show%20Mixer	value	b340a1284264
Contents%2FFrameworks%2FMAMobileGeneralUI.framework%2FVersions%2FA%2FResources%2FLocalizable.strings	pt	Show%20Mixer	value#ci	e9ee45795a51
Contents%2FFrameworks%2FMAMobileGeneralUI.framework%2FVersions%2FA%2FResources%2FLocalizable.strings	zh_CN	Show%20Mixer	value	3f24c1655d8a
Contents%2FFrameworks%2FMAMobileGeneralUI.framework%2FVersions%2FA%2FResources%2FLocalizable.strings	zh_CN	Show%20Mixer	value#ci	3f24c1655d8a
Contents%2FFrameworks%2FMAMobileGeneralUI.framework%2FVersions%2FA%2FResources%2FLocalizable.strings	zh_TW	Show%20Mixer	value	0687711ee925
Contents%2FFrameworks%2FMAMobileGeneralUI.framework%2FVersions%2FA%2FResources%2FLocalizable.strings	zh_TW	Show%20Mixer	value#ci	0687711ee925
Contents%2FFrameworks%2FMAToolKit.framework%2FVersions%2FA%2FResources%2FLocalizable.strings	de	bus	value	bb3d83ff198b
Contents%2FFrameworks%2FMAToolKit.framework%2FVersions%2FA%2FResources%2FLocalizable.strings	de	bus	value#ci	04e027e4990a
Contents%2FFrameworks%2FMAToolKit.framework%2FVersions%2FA%2FResources%2FLocalizable.strings	en	bus	value	04e027e4990a
Contents%2FFrameworks%2FMAToolKit.framework%2FVersions%2FA%2FResources%2FLocalizable.strings	en	bus	value#ci	04e027e4990a
Contents%2FFrameworks%2FMAToolKit.framework%2FVersions%2FA%2FResources%2FLocalizable.strings	es	bus	value	04e027e4990a
Contents%2FFrameworks%2FMAToolKit.framework%2FVersions%2FA%2FResources%2FLocalizable.strings	es	bus	value#ci	04e027e4990a
Contents%2FFrameworks%2FMAToolKit.framework%2FVersions%2FA%2FResources%2FLocalizable.strings	fr	bus	value	04e027e4990a
Contents%2FFrameworks%2FMAToolKit.framework%2FVersions%2FA%2FResources%2FLocalizable.strings	fr	bus	value#ci	04e027e4990a
Contents%2FFrameworks%2FMAToolKit.framework%2FVersions%2FA%2FResources%2FLocalizable.strings	it	bus	value	04e027e4990a
Contents%2FFrameworks%2FMAToolKit.framework%2FVersions%2FA%2FResources%2FLocalizable.strings	it	bus	value#ci	04e027e4990a
Contents%2FFrameworks%2FMAToolKit.framework%2FVersions%2FA%2FResources%2FLocalizable.strings	ja	bus	value	2cc0af026c11
Contents%2FFrameworks%2FMAToolKit.framework%2FVersions%2FA%2FResources%2FLocalizable.strings	ja	bus	value#ci	2cc0af026c11
Contents%2FFrameworks%2FMAToolKit.framework%2FVersions%2FA%2FResources%2FLocalizable.strings	ko	bus	value	fb84fa7f86ea
Contents%2FFrameworks%2FMAToolKit.framework%2FVersions%2FA%2FResources%2FLocalizable.strings	ko	bus	value#ci	fb84fa7f86ea
Contents%2FFrameworks%2FMAToolKit.framework%2FVersions%2FA%2FResources%2FLocalizable.strings	pt	bus	value	04e027e4990a
Contents%2FFrameworks%2FMAToolKit.framework%2FVersions%2FA%2FResources%2FLocalizable.strings	pt	bus	value#ci	04e027e4990a
Contents%2FFrameworks%2FMAToolKit.framework%2FVersions%2FA%2FResources%2FLocalizable.strings	zh_CN	bus	value	7c4b09588bef
Contents%2FFrameworks%2FMAToolKit.framework%2FVersions%2FA%2FResources%2FLocalizable.strings	zh_CN	bus	value#ci	7c4b09588bef
Contents%2FFrameworks%2FMAToolKit.framework%2FVersions%2FA%2FResources%2FLocalizable.strings	zh_TW	bus	value	84623c8ece79
Contents%2FFrameworks%2FMAToolKit.framework%2FVersions%2FA%2FResources%2FLocalizable.strings	zh_TW	bus	value#ci	84623c8ece79
Contents%2FFrameworks%2FMAWorkspace.framework%2FVersions%2FA%2FResources%2FLocalizable.strings	de	Menu	value	a314bd0b56a3
Contents%2FFrameworks%2FMAWorkspace.framework%2FVersions%2FA%2FResources%2FLocalizable.strings	de	Menu	value#ci	9691bb22897c
Contents%2FFrameworks%2FMAWorkspace.framework%2FVersions%2FA%2FResources%2FLocalizable.strings	en	Menu	value	99af6606ff9d
Contents%2FFrameworks%2FMAWorkspace.framework%2FVersions%2FA%2FResources%2FLocalizable.strings	en	Menu	value#ci	398991009da1
Contents%2FFrameworks%2FMAWorkspace.framework%2FVersions%2FA%2FResources%2FLocalizable.strings	es	Menu	value	23fbd830a5c5
Contents%2FFrameworks%2FMAWorkspace.framework%2FVersions%2FA%2FResources%2FLocalizable.strings	es	Menu	value#ci	2672e12bfd83
Contents%2FFrameworks%2FMAWorkspace.framework%2FVersions%2FA%2FResources%2FLocalizable.strings	fr	Menu	value	99af6606ff9d
Contents%2FFrameworks%2FMAWorkspace.framework%2FVersions%2FA%2FResources%2FLocalizable.strings	fr	Menu	value#ci	398991009da1
Contents%2FFrameworks%2FMAWorkspace.framework%2FVersions%2FA%2FResources%2FLocalizable.strings	it	Menu	value	99af6606ff9d
Contents%2FFrameworks%2FMAWorkspace.framework%2FVersions%2FA%2FResources%2FLocalizable.strings	it	Menu	value#ci	398991009da1
Contents%2FFrameworks%2FMAWorkspace.framework%2FVersions%2FA%2FResources%2FLocalizable.strings	ja	Menu	value	6f3443ca32a1
Contents%2FFrameworks%2FMAWorkspace.framework%2FVersions%2FA%2FResources%2FLocalizable.strings	ja	Menu	value#ci	6f3443ca32a1
Contents%2FFrameworks%2FMAWorkspace.framework%2FVersions%2FA%2FResources%2FLocalizable.strings	ko	Menu	value	13b36d6d0ccc
Contents%2FFrameworks%2FMAWorkspace.framework%2FVersions%2FA%2FResources%2FLocalizable.strings	ko	Menu	value#ci	13b36d6d0ccc
Contents%2FFrameworks%2FMAWorkspace.framework%2FVersions%2FA%2FResources%2FLocalizable.strings	pt	Menu	value	99af6606ff9d
Contents%2FFrameworks%2FMAWorkspace.framework%2FVersions%2FA%2FResources%2FLocalizable.strings	pt	Menu	value#ci	398991009da1
Contents%2FFrameworks%2FMAWorkspace.framework%2FVersions%2FA%2FResources%2FLocalizable.strings	zh_CN	Menu	value	4ce4cafdd056
Contents%2FFrameworks%2FMAWorkspace.framework%2FVersions%2FA%2FResources%2FLocalizable.strings	zh_CN	Menu	value#ci	4ce4cafdd056
Contents%2FFrameworks%2FMAWorkspace.framework%2FVersions%2FA%2FResources%2FLocalizable.strings	zh_TW	Menu	value	d02b3d6b2655
Contents%2FFrameworks%2FMAWorkspace.framework%2FVersions%2FA%2FResources%2FLocalizable.strings	zh_TW	Menu	value#ci	d02b3d6b2655
